ISO-10303-21;
HEADER;
FILE_DESCRIPTION(('ViewDefinition[DesignTransferView]'),'2;1');
FILE_NAME('s03-activity.ifc','2026-10-01T21:40:47+08:00',(''),(''),'IfcOpenShell 0.8.5-post1','Bonsai 0.8.5-post1','Nobody');
FILE_SCHEMA(('IFC4'));
ENDSEC;
DATA;
#1=IFCPROJECT('2v7gVOu8nBcR0$poYRzrKA',$,'My Project',$,$,$,$,(#10,#22),#5);
#2=IFCSIUNIT(*,.LENGTHUNIT.,$,.METRE.);
#3=IFCSIUNIT(*,.AREAUNIT.,$,.SQUARE_METRE.);
#4=IFCSIUNIT(*,.VOLUMEUNIT.,$,.CUBIC_METRE.);
#5=IFCUNITASSIGNMENT((#4,#2,#3));
#6=IFCCARTESIANPOINT((0.,0.,0.));
#7=IFCDIRECTION((0.,0.,1.));
#8=IFCDIRECTION((1.,0.,0.));
#9=IFCAXIS2PLACEMENT3D(#6,#7,#8);
#10=IFCGEOMETRICREPRESENTATIONCONTEXT($,'Model',3,1.0000000000000001E-05,#9,$);
#11=IFCGEOMETRICREPRESENTATIONSUBCONTEXT('Body','Model',*,*,*,*,#10,$,.MODEL_VIEW.,$);
#12=IFCGEOMETRICREPRESENTATIONSUBCONTEXT('Axis','Model',*,*,*,*,#10,$,.GRAPH_VIEW.,$);
#13=IFCGEOMETRICREPRESENTATIONSUBCONTEXT('Box','Model',*,*,*,*,#10,$,.MODEL_VIEW.,$);
#14=IFCGEOMETRICREPRESENTATIONSUBCONTEXT('Annotation','Model',*,*,*,*,#10,$,.SECTION_VIEW.,$);
#15=IFCGEOMETRICREPRESENTATIONSUBCONTEXT('Annotation','Model',*,*,*,*,#10,$,.ELEVATION_VIEW.,$);
#16=IFCGEOMETRICREPRESENTATIONSUBCONTEXT('Annotation','Model',*,*,*,*,#10,$,.MODEL_VIEW.,$);
#17=IFCGEOMETRICREPRESENTATIONSUBCONTEXT('Annotation','Model',*,*,*,*,#10,$,.PLAN_VIEW.,$);
#18=IFCGEOMETRICREPRESENTATIONSUBCONTEXT('Profile','Model',*,*,*,*,#10,$,.ELEVATION_VIEW.,$);
#19=IFCCARTESIANPOINT((0.,0.));
#20=IFCDIRECTION((1.,0.));
#21=IFCAXIS2PLACEMENT2D(#19,#20);
#22=IFCGEOMETRICREPRESENTATIONCONTEXT($,'Plan',2,1.0000000000000001E-05,#21,$);
#23=IFCGEOMETRICREPRESENTATIONSUBCONTEXT('Axis','Plan',*,*,*,*,#22,$,.GRAPH_VIEW.,$);
#24=IFCGEOMETRICREPRESENTATIONSUBCONTEXT('Body','Plan',*,*,*,*,#22,$,.PLAN_VIEW.,$);
#25=IFCGEOMETRICREPRESENTATIONSUBCONTEXT('Annotation','Plan',*,*,*,*,#22,$,.PLAN_VIEW.,$);
#26=IFCGEOMETRICREPRESENTATIONSUBCONTEXT('Annotation','Plan',*,*,*,*,#22,$,.REFLECTED_PLAN_VIEW.,$);
#27=IFCSITE('2$baJY$AP6DgVezyGUuxig',$,'My Site',$,$,#50,$,$,$,$,$,$,$,$);
#33=IFCBUILDING('3eaJeJRIv1kOcUxVoIOeKL',$,'My Building',$,$,#56,$,$,$,$,$,$);
#39=IFCBUILDINGSTOREY('2mXc0DU6X9uOzpgTwv1KZx',$,'2F',$,$,#8668,$,$,$,$);
#45=IFCRELAGGREGATES('1u4gAamR1078tN1xQ7lJ4T',$,$,$,#1,(#27));
#46=IFCCARTESIANPOINT((0.,0.,0.));
#47=IFCDIRECTION((0.,0.,1.));
#48=IFCDIRECTION((1.,0.,0.));
#49=IFCAXIS2PLACEMENT3D(#46,#47,#48);
#50=IFCLOCALPLACEMENT($,#49);
#51=IFCRELAGGREGATES('24WIgNnwD5RgXEQWB9dzgs',$,$,$,#27,(#33));
#52=IFCCARTESIANPOINT((0.,0.,0.));
#53=IFCDIRECTION((0.,0.,1.));
#54=IFCDIRECTION((1.,0.,0.));
#55=IFCAXIS2PLACEMENT3D(#52,#53,#54);
#56=IFCLOCALPLACEMENT(#50,#55);
#57=IFCRELAGGREGATES('1p_TsU1yr3SPJ4g35_2sR3',$,$,$,#33,(#8830,#39,#63));
#63=IFCBUILDINGSTOREY('1fu$2_M8P7VOtjNpPybaF4',$,'GF',$,$,#79,$,$,$,$);
#75=IFCCARTESIANPOINT((0.,0.,0.));
#76=IFCDIRECTION((0.,0.,1.));
#77=IFCDIRECTION((1.,0.,0.));
#78=IFCAXIS2PLACEMENT3D(#75,#76,#77);
#79=IFCLOCALPLACEMENT(#56,#78);
#80=IFCWALLTYPE('2P51CtrGPDoe4sWRNo2jwp',$,'Wall',$,$,(#85),$,$,$,.SOLIDWALL.);
#81=IFCMATERIAL('Unknown',$,$);
#82=IFCMATERIALLAYERSET((#84),$,$);
#83=IFCRELASSOCIATESMATERIAL('2iE1ews$bDGP8LrO2kAhll',$,$,$,(#80),#82);
#84=IFCMATERIALLAYER(#81,0.10000000000000001,$,$,$,$,$);
#85=IFCPROPERTYSET('0eBzz1_L9CeeC9bEDWr5VQ',$,'EPset_Parametric',$,(#86));
#86=IFCPROPERTYSINGLEVALUE('LayerSetDirection',$,IFCLABEL('AXIS2'),$);
#231=IFCWALL('0jeJt0mEbB7fBX9fRNcgXu',$,'Wall',$,$,#2261,#239,$,$);
#232=IFCRELCONTAINEDINSPATIALSTRUCTURE('17B5qaJ_b1iumqh2AYc$ta',$,$,$,(#1033,#7213,#1133,#3585,#2268,#8327,#1636,#3084,#2601,#1461,#1058,#1661,#983,#1083,#6495,#5048,#5114,#231,#4316,#1566,#8489,#1008,#7733,#1436,#1108),#63);
#233=IFCRELDEFINESBYTYPE('2FSwGi43HCe8s4Dgk3_pvb',$,$,$,(#1033,#1083,#1108,#1133,#983,#231,#1636,#1566,#1461,#1008,#1058,#1661,#1436),#80);
#234=IFCMATERIALLAYERSETUSAGE(#82,.AXIS2.,.POSITIVE.,0.,$);
#235=IFCRELASSOCIATESMATERIAL('1L_DYC9JT5CRXgEnq78WPq',$,$,$,(#231),#234);
#239=IFCPRODUCTDEFINITIONSHAPE($,$,(#2256,#2253));
#255=IFCPROPERTYSET('2I_FT8Ior3jQJ5Kj4AgLPl',$,'EPset_Parametric',$,(#257));
#256=IFCRELDEFINESBYPROPERTIES('0YACvaA1T3iuX_ugL953jp',$,$,$,(#231),#255);
#257=IFCPROPERTYSINGLEVALUE('Engine',$,IFCLABEL('Bonsai.DumbLayer2'),$);
#983=IFCWALL('1KKA_1ZRbEoxHbNHBXnuoW',$,'Wall',$,$,#2216,#989,$,$);
#984=IFCMATERIALLAYERSETUSAGE(#82,.AXIS2.,.POSITIVE.,0.,$);
#985=IFCRELASSOCIATESMATERIAL('0z47AG$Cr6r8$11xd0cC_Y',$,$,$,(#983),#984);
#989=IFCPRODUCTDEFINITIONSHAPE($,$,(#2211,#2208));
#1005=IFCPROPERTYSET('25Cdwzawn89Rwopc6rQOIg',$,'EPset_Parametric',$,(#1007));
#1006=IFCRELDEFINESBYPROPERTIES('1CzyWnmPz5NPdU6L120$kA',$,$,$,(#983),#1005);
#1007=IFCPROPERTYSINGLEVALUE('Engine',$,IFCLABEL('Bonsai.DumbLayer2'),$);
#1008=IFCWALL('0YFt1kchPDNu05bSD$VO9w',$,'Wall',$,$,#1267,#1014,$,$);
#1009=IFCMATERIALLAYERSETUSAGE(#82,.AXIS2.,.POSITIVE.,0.,$);
#1010=IFCRELASSOCIATESMATERIAL('32UWQtqNr6nu$U5bEKVt7O',$,$,$,(#1008),#1009);
#1014=IFCPRODUCTDEFINITIONSHAPE($,$,(#1312,#1309));
#1030=IFCPROPERTYSET('3gY4cmiUD5DgClnTnOxDpv',$,'EPset_Parametric',$,(#1032));
#1031=IFCRELDEFINESBYPROPERTIES('1cUVg3HoHA5Qr$qK2IbD_q',$,$,$,(#1008),#1030);
#1032=IFCPROPERTYSINGLEVALUE('Engine',$,IFCLABEL('Bonsai.DumbLayer2'),$);
#1033=IFCWALL('1_lhQG6CHAkPNQnRrfizmw',$,'Wall',$,$,#1299,#1039,$,$);
#1034=IFCMATERIALLAYERSETUSAGE(#82,.AXIS2.,.POSITIVE.,0.,$);
#1035=IFCRELASSOCIATESMATERIAL('2zjUShuh5B5u$BwJR$zxBU',$,$,$,(#1033),#1034);
#1039=IFCPRODUCTDEFINITIONSHAPE($,$,(#1339,#1336));
#1055=IFCPROPERTYSET('2H1PimUmHCavb3CnRocth8',$,'EPset_Parametric',$,(#1057));
#1056=IFCRELDEFINESBYPROPERTIES('1SNrwbN4TEjPfJkFGlFRSG',$,$,$,(#1033),#1055);
#1057=IFCPROPERTYSINGLEVALUE('Engine',$,IFCLABEL('Bonsai.DumbLayer2'),$);
#1058=IFCWALL('1sE8eJrfL56OXwE2fWdg4Z',$,'Wall',$,$,#1069,#1064,$,$);
#1059=IFCMATERIALLAYERSETUSAGE(#82,.AXIS2.,.POSITIVE.,0.,$);
#1060=IFCRELASSOCIATESMATERIAL('0yHctM5SvAHAXk2tGH51RP',$,$,$,(#1058),#1059);
#1064=IFCPRODUCTDEFINITIONSHAPE($,$,(#2035,#2032));
#1065=IFCCARTESIANPOINT((0.77747714519500732,5.0359621047973633,0.));
#1066=IFCDIRECTION((0.,0.,1.));
#1067=IFCDIRECTION((-0.99999999999992428,3.8941436741876494E-07,0.));
#1068=IFCAXIS2PLACEMENT3D(#1065,#1066,#1067);
#1069=IFCLOCALPLACEMENT(#79,#1068);
#1080=IFCPROPERTYSET('1ZdrpWgLr1DfBRVfLtVvNL',$,'EPset_Parametric',$,(#1082));
#1081=IFCRELDEFINESBYPROPERTIES('0YarUWR_HERvewZoqxE3vo',$,$,$,(#1058),#1080);
#1082=IFCPROPERTYSINGLEVALUE('Engine',$,IFCLABEL('Bonsai.DumbLayer2'),$);
#1083=IFCWALL('0jLGIuOTv7HujR9kUDi0LB',$,'Wall',$,$,#1358,#1089,$,$);
#1084=IFCMATERIALLAYERSETUSAGE(#82,.AXIS2.,.POSITIVE.,0.,$);
#1085=IFCRELASSOCIATESMATERIAL('0nQLDQgY12svRZa$WLx9Uj',$,$,$,(#1083),#1084);
#1089=IFCPRODUCTDEFINITIONSHAPE($,$,(#1565,#1562));
#1105=IFCPROPERTYSET('2zKBiIY4X3geOjl0BSGJ7w',$,'EPset_Parametric',$,(#1107));
#1106=IFCRELDEFINESBYPROPERTIES('0mB916po50JBeu$R8YXxoz',$,$,$,(#1083),#1105);
#1107=IFCPROPERTYSINGLEVALUE('Engine',$,IFCLABEL('Bonsai.DumbLayer2'),$);
#1108=IFCWALL('0MH$Qhqd5Aw93jlFVTtcAY',$,'Wall',$,$,#1390,#1114,$,$);
#1109=IFCMATERIALLAYERSETUSAGE(#82,.AXIS2.,.POSITIVE.,0.,$);
#1110=IFCRELASSOCIATESMATERIAL('3SZ8sflO9AChmd3TtPgUjN',$,$,$,(#1108),#1109);
#1114=IFCPRODUCTDEFINITIONSHAPE($,$,(#1435,#1432));
#1130=IFCPROPERTYSET('3bFSM4mln3N8Vhs6hFJ1uF',$,'EPset_Parametric',$,(#1132));
#1131=IFCRELDEFINESBYPROPERTIES('1wjXXdgYH5$PLi3SeJeUSl',$,$,$,(#1108),#1130);
#1132=IFCPROPERTYSINGLEVALUE('Engine',$,IFCLABEL('Bonsai.DumbLayer2'),$);
#1133=IFCWALL('1q2TThxaLBn9MGJwwbAs68',$,'Wall',$,$,#1422,#1139,$,$);
#1134=IFCMATERIALLAYERSETUSAGE(#82,.AXIS2.,.POSITIVE.,0.,$);
#1135=IFCRELASSOCIATESMATERIAL('2hKzPA1h9CnQFFUJRKpe7C',$,$,$,(#1133),#1134);
#1139=IFCPRODUCTDEFINITIONSHAPE($,$,(#2243,#2240));
#1155=IFCPROPERTYSET('2dkf5Sj5T1awAKSqist6SM',$,'EPset_Parametric',$,(#1157));
#1156=IFCRELDEFINESBYPROPERTIES('01NPcHkgT7Dvr1kay_my2R',$,$,$,(#1133),#1155);
#1157=IFCPROPERTYSINGLEVALUE('Engine',$,IFCLABEL('Bonsai.DumbLayer2'),$);
#1249=IFCRELCONNECTSPATHELEMENTS('1e5N5_oE1Fyu9qskwZZfEc',$,$,$,$,#1008,#983,(),(),.ATEND.,.ATSTART.);
#1263=IFCCARTESIANPOINT((4.2274772778233798,6.5159626007080389,0.));
#1264=IFCDIRECTION((0.,0.,1.));
#1265=IFCDIRECTION((-0.99999999999998868,-1.5099580252808492E-07,0.));
#1266=IFCAXIS2PLACEMENT3D(#1263,#1264,#1265);
#1267=IFCLOCALPLACEMENT(#79,#1266);
#1281=IFCRELCONNECTSPATHELEMENTS('0HGb_q8Ur05PFCWU2JJIc4',$,$,$,$,#1033,#1008,(),(),.ATEND.,.ATSTART.);
#1295=IFCCARTESIANPOINT((0.7774770259857211,6.5159620797724838,0.));
#1296=IFCDIRECTION((0.,0.,1.));
#1297=IFCDIRECTION((7.5497901264043123E-08,-0.99999999999999722,0.));
#1298=IFCAXIS2PLACEMENT3D(#1295,#1296,#1297);
#1299=IFCLOCALPLACEMENT(#79,#1298);
#1300=IFCCARTESIANPOINTLIST2D(((0.,0.),(0.10000002264937295,0.10000000000000001),(3.3500002593874876,0.10000000000000001),(3.4500002518376975,0.)));
#1301=IFCINDEXEDPOLYCURVE(#1300,(IFCLINEINDEX((1,2,3,4,1))),$);
#1302=IFCARBITRARYCLOSEDPROFILEDEF(.AREA.,$,#1301);
#1303=IFCCARTESIANPOINT((0.,0.,0.));
#1304=IFCDIRECTION((0.,0.,1.));
#1305=IFCDIRECTION((1.,0.,0.));
#1306=IFCAXIS2PLACEMENT3D(#1303,#1304,#1305);
#1307=IFCDIRECTION((0.,0.,1.));
#1308=IFCEXTRUDEDAREASOLID(#1302,#1306,#1307,3.);
#1309=IFCSHAPEREPRESENTATION(#11,'Body','SweptSolid',(#1308));
#1310=IFCCARTESIANPOINTLIST2D(((0.,0.),(3.4500002518376975,0.)));
#1311=IFCINDEXEDPOLYCURVE(#1310,$,$);
#1312=IFCSHAPEREPRESENTATION(#23,'Axis','Curve2D',(#1311));
#1313=IFCRELCONNECTSPATHELEMENTS('0dSmeJfqvDj9u3EHp5FpEW',$,$,$,$,#1058,#1033,(),(),.ATEND.,.ATSTART.);
#1327=IFCCARTESIANPOINTLIST2D(((0.,0.),(0.099999992450210171,0.10000000000000001),(1.5800000214663579,0.10000000000000001),(1.47999997497512,0.)));
#1328=IFCINDEXEDPOLYCURVE(#1327,(IFCLINEINDEX((1,2,3,4,1))),$);
#1329=IFCARBITRARYCLOSEDPROFILEDEF(.AREA.,$,#1328);
#1330=IFCCARTESIANPOINT((0.,0.,0.));
#1331=IFCDIRECTION((0.,0.,1.));
#1332=IFCDIRECTION((1.,0.,0.));
#1333=IFCAXIS2PLACEMENT3D(#1330,#1331,#1332);
#1334=IFCDIRECTION((0.,0.,1.));
#1335=IFCEXTRUDEDAREASOLID(#1329,#1333,#1334,3.);
#1336=IFCSHAPEREPRESENTATION(#11,'Body','SweptSolid',(#1335));
#1337=IFCCARTESIANPOINTLIST2D(((0.,0.),(1.47999997497512,0.)));
#1338=IFCINDEXEDPOLYCURVE(#1337,$,$);
#1339=IFCSHAPEREPRESENTATION(#23,'Axis','Curve2D',(#1338));
#1340=IFCRELCONNECTSPATHELEMENTS('2OLZDfLV91H9kG6etWK7tQ',$,$,$,$,#1083,#1058,(),(),.ATEND.,.ATSTART.);
#1354=IFCCARTESIANPOINT((-2.7725229263306348,5.0359634872183952,0.));
#1355=IFCDIRECTION((0.,0.,1.));
#1356=IFCDIRECTION((7.5497901264043123E-08,-0.99999999999999722,0.));
#1357=IFCAXIS2PLACEMENT3D(#1354,#1355,#1356);
#1358=IFCLOCALPLACEMENT(#79,#1357);
#1372=IFCRELCONNECTSPATHELEMENTS('2hp47VsePEdBGeTb6gDSvH',$,$,$,$,#1108,#1083,(),(),.ATEND.,.ATSTART.);
#1386=IFCCARTESIANPOINT((-2.7725225375163678,-0.11403751373291016,0.));
#1387=IFCDIRECTION((0.,0.,1.));
#1388=IFCDIRECTION((1.,0.,0.));
#1389=IFCAXIS2PLACEMENT3D(#1386,#1387,#1388);
#1390=IFCLOCALPLACEMENT(#79,#1389);
#1404=IFCRELCONNECTSPATHELEMENTS('2ByWnx4j5CI951pA2j4KLs',$,$,$,$,#1133,#1108,(),(),.ATEND.,.ATSTART.);
#1418=IFCCARTESIANPOINT((0.21747756094234427,-0.11403751373291016,0.));
#1419=IFCDIRECTION((0.,0.,1.));
#1420=IFCDIRECTION((0.0040220670182133404,-0.99999191145573829,0.));
#1421=IFCAXIS2PLACEMENT3D(#1418,#1419,#1420);
#1422=IFCLOCALPLACEMENT(#79,#1421);
#1423=IFCCARTESIANPOINTLIST2D(((0.,0.),(0.099999992450210171,0.10000000000000001),(3.0895986973645666,0.10000000000000001),(2.9900000984587121,0.)));
#1424=IFCINDEXEDPOLYCURVE(#1423,(IFCLINEINDEX((1,2,3,4,1))),$);
#1425=IFCARBITRARYCLOSEDPROFILEDEF(.AREA.,$,#1424);
#1426=IFCCARTESIANPOINT((0.,0.,0.));
#1427=IFCDIRECTION((0.,0.,1.));
#1428=IFCDIRECTION((1.,0.,0.));
#1429=IFCAXIS2PLACEMENT3D(#1426,#1427,#1428);
#1430=IFCDIRECTION((0.,0.,1.));
#1431=IFCEXTRUDEDAREASOLID(#1425,#1429,#1430,3.);
#1432=IFCSHAPEREPRESENTATION(#11,'Body','SweptSolid',(#1431));
#1433=IFCCARTESIANPOINTLIST2D(((0.,0.),(2.9900000984587121,0.)));
#1434=IFCINDEXEDPOLYCURVE(#1433,$,$);
#1435=IFCSHAPEREPRESENTATION(#23,'Axis','Curve2D',(#1434));
#1436=IFCWALL('27R1skMvTFj9iIJBzKVh7t',$,'Wall',$,$,#1447,#1442,$,$);
#1437=IFCMATERIALLAYERSETUSAGE(#82,.AXIS2.,.POSITIVE.,0.,$);
#1438=IFCRELASSOCIATESMATERIAL('2KpG$Fycr5Sx1adcj5Q_vi',$,$,$,(#1436),#1437);
#1442=IFCPRODUCTDEFINITIONSHAPE($,$,(#1538,#1535));
#1443=IFCCARTESIANPOINT((0.31707614660263062,-0.014037517830729485,0.));
#1444=IFCDIRECTION((0.,0.,1.));
#1445=IFCDIRECTION((7.5497901264043109E-08,0.99999999999999711,0.));
#1446=IFCAXIS2PLACEMENT3D(#1443,#1444,#1445);
#1447=IFCLOCALPLACEMENT(#79,#1446);
#1458=IFCPROPERTYSET('3wjGQuH5D1wuPnv0o4KZJ1',$,'EPset_Parametric',$,(#1460));
#1459=IFCRELDEFINESBYPROPERTIES('2waJoQOWDEDQpDtN6jwJBp',$,$,$,(#1436),#1458);
#1460=IFCPROPERTYSINGLEVALUE('Engine',$,IFCLABEL('Bonsai.DumbLayer2'),$);
#1461=IFCWALL('0c3TiTuqD3VPWbtLOtOSq6',$,'Wall',$,$,#1472,#1467,$,$);
#1462=IFCMATERIALLAYERSETUSAGE(#82,.AXIS2.,.POSITIVE.,0.,$);
#1463=IFCRELASSOCIATESMATERIAL('0Sp$iBq3HC5hGIKwj4dKAc',$,$,$,(#1461),#1462);
#1467=IFCPRODUCTDEFINITIONSHAPE($,$,(#1552,#1549));
#1468=IFCCARTESIANPOINT((0.31707635521888733,2.6359624862670898,0.));
#1469=IFCDIRECTION((0.,0.,1.));
#1470=IFCDIRECTION((-0.99999999999998868,-1.5099580252808492E-07,0.));
#1471=IFCAXIS2PLACEMENT3D(#1468,#1469,#1470);
#1472=IFCLOCALPLACEMENT(#79,#1471);
#1483=IFCPROPERTYSET('3GRJ35fqn5HPwcoy4bFyly',$,'EPset_Parametric',$,(#1485));
#1484=IFCRELDEFINESBYPROPERTIES('18djKtrB12d8e9y2qQxMUX',$,$,$,(#1461),#1483);
#1485=IFCPROPERTYSINGLEVALUE('Engine',$,IFCLABEL('Bonsai.DumbLayer2'),$);
#1512=IFCRELCONNECTSPATHELEMENTS('3NkmvNOw5DURYYO_Gu7v$G',$,$,$,$,#1461,#1436,(),(),.ATEND.,.ATSTART.);
#1526=IFCCARTESIANPOINTLIST2D(((0.,0.),(0.,0.10000000000000001),(2.5499999814484529,0.10000000000000001),(2.650000004097826,0.)));
#1527=IFCINDEXEDPOLYCURVE(#1526,(IFCLINEINDEX((1,2,3,4,1))),$);
#1528=IFCARBITRARYCLOSEDPROFILEDEF(.AREA.,$,#1527);
#1529=IFCCARTESIANPOINT((0.,0.,0.));
#1530=IFCDIRECTION((0.,0.,1.));
#1531=IFCDIRECTION((1.,0.,0.));
#1532=IFCAXIS2PLACEMENT3D(#1529,#1530,#1531);
#1533=IFCDIRECTION((0.,0.,1.));
#1534=IFCEXTRUDEDAREASOLID(#1528,#1532,#1533,3.);
#1535=IFCSHAPEREPRESENTATION(#11,'Body','SweptSolid',(#1534));
#1536=IFCCARTESIANPOINTLIST2D(((0.,0.),(2.650000004097826,0.)));
#1537=IFCINDEXEDPOLYCURVE(#1536,$,$);
#1538=IFCSHAPEREPRESENTATION(#23,'Axis','Curve2D',(#1537));
#1539=IFCRELCONNECTSPATHELEMENTS('21Hoj_7oP1L8Lv2pObKNuH',$,$,$,$,#1461,#1083,(),(),.ATPATH.,.ATEND.);
#1540=IFCCARTESIANPOINTLIST2D(((0.,0.),(0.10000002264937295,0.10000000000000001),(2.9895990993574553,0.10000000000000001),(2.9895990918076651,0.)));
#1541=IFCINDEXEDPOLYCURVE(#1540,(IFCLINEINDEX((1,2,3,4,1))),$);
#1542=IFCARBITRARYCLOSEDPROFILEDEF(.AREA.,$,#1541);
#1543=IFCCARTESIANPOINT((0.,0.,0.));
#1544=IFCDIRECTION((0.,0.,1.));
#1545=IFCDIRECTION((1.,0.,0.));
#1546=IFCAXIS2PLACEMENT3D(#1543,#1544,#1545);
#1547=IFCDIRECTION((0.,0.,1.));
#1548=IFCEXTRUDEDAREASOLID(#1542,#1546,#1547,3.);
#1549=IFCSHAPEREPRESENTATION(#11,'Body','SweptSolid',(#1548));
#1550=IFCCARTESIANPOINTLIST2D(((0.,0.),(3.0895990918076652,0.)));
#1551=IFCINDEXEDPOLYCURVE(#1550,$,$);
#1552=IFCSHAPEREPRESENTATION(#23,'Axis','Curve2D',(#1551));
#1553=IFCCARTESIANPOINTLIST2D(((0.,0.),(0.10000004649123768,0.10000000000000001),(5.05000100850111,0.10000000000000001),(5.1500010009513204,0.)));
#1554=IFCINDEXEDPOLYCURVE(#1553,(IFCLINEINDEX((1,2,3,4,1))),$);
#1555=IFCARBITRARYCLOSEDPROFILEDEF(.AREA.,$,#1554);
#1556=IFCCARTESIANPOINT((0.,0.,0.));
#1557=IFCDIRECTION((0.,0.,1.));
#1558=IFCDIRECTION((1.,0.,0.));
#1559=IFCAXIS2PLACEMENT3D(#1556,#1557,#1558);
#1560=IFCDIRECTION((0.,0.,1.));
#1561=IFCEXTRUDEDAREASOLID(#1555,#1559,#1560,3.);
#1562=IFCSHAPEREPRESENTATION(#11,'Body','SweptSolid',(#1561));
#1563=IFCCARTESIANPOINTLIST2D(((0.,0.),(5.1500010009513204,0.)));
#1564=IFCINDEXEDPOLYCURVE(#1563,$,$);
#1565=IFCSHAPEREPRESENTATION(#23,'Axis','Curve2D',(#1564));
#1566=IFCWALL('3IqSK9efLBRwjU_AjDcT_0',$,'Wall',$,$,#1608,#1572,$,$);
#1567=IFCMATERIALLAYERSETUSAGE(#82,.AXIS2.,.POSITIVE.,0.,$);
#1568=IFCRELASSOCIATESMATERIAL('13F9XkvfLFqR_e4g2oAppW',$,$,$,(#1566),#1567);
#1572=IFCPRODUCTDEFINITIONSHAPE($,$,(#1998,#1995));
#1588=IFCPROPERTYSET('3l7YK0H0jAIR$L8nh2E6nL',$,'EPset_Parametric',$,(#1590));
#1589=IFCRELDEFINESBYPROPERTIES('0Rq3cxhbb0WxFk_eMf2wMP',$,$,$,(#1566),#1588);
#1590=IFCPROPERTYSINGLEVALUE('Engine',$,IFCLABEL('Bonsai.DumbLayer2'),$);
#1604=IFCCARTESIANPOINT((-1.1759417057037354,2.6359624862670898,0.));
#1605=IFCDIRECTION((0.,0.,1.));
#1606=IFCDIRECTION((1.9470718370939353E-07,0.99999999999998113,0.));
#1607=IFCAXIS2PLACEMENT3D(#1604,#1605,#1606);
#1608=IFCLOCALPLACEMENT(#79,#1607);
#1609=IFCRELCONNECTSPATHELEMENTS('2fgVVEksL82v612ObBeYyD',$,$,$,$,#1566,#1058,(),(),.ATPATH.,.ATEND.);
#1636=IFCWALL('0Xa7SX8Z12tA$zj8K2RXVz',$,'Wall',$,$,#2022,#1642,$,$);
#1637=IFCMATERIALLAYERSETUSAGE(#82,.AXIS2.,.POSITIVE.,0.,$);
#1638=IFCRELASSOCIATESMATERIAL('2wkdEn02f1T9SIATobE8zc',$,$,$,(#1636),#1637);
#1642=IFCPRODUCTDEFINITIONSHAPE($,$,(#2179,#2176));
#1658=IFCPROPERTYSET('2gTj2jAY51PhC3$yc8K0eE',$,'EPset_Parametric',$,(#1660));
#1659=IFCRELDEFINESBYPROPERTIES('1gLIc1csP9R8ZgwjkYUtpu',$,$,$,(#1636),#1658);
#1660=IFCPROPERTYSINGLEVALUE('Engine',$,IFCLABEL('Bonsai.DumbLayer2'),$);
#1661=IFCWALL('0GbtwMWMT1G8BUfu0y6GLr',$,'Wall',$,$,#2197,#1667,$,$);
#1662=IFCMATERIALLAYERSETUSAGE(#82,.AXIS2.,.POSITIVE.,0.,$);
#1663=IFCRELASSOCIATESMATERIAL('0njf_QbNH4vvYxwl34H9bX',$,$,$,(#1661),#1662);
#1667=IFCPRODUCTDEFINITIONSHAPE($,$,(#2192,#2189));
#1683=IFCPROPERTYSET('2JBUF4Qi59S8Eq0Z$CwvGP',$,'EPset_Parametric',$,(#1685));
#1684=IFCRELDEFINESBYPROPERTIES('2bU5ol_Bv5KOioXIM9$MSf',$,$,$,(#1661),#1683);
#1685=IFCPROPERTYSINGLEVALUE('Engine',$,IFCLABEL('Bonsai.DumbLayer2'),$);
#1972=IFCRELCONNECTSPATHELEMENTS('2gGONunizCWR_OWw3cuJLg',$,$,$,$,#1661,#1566,(),(),.ATPATH.,.ATEND.);
#1986=IFCCARTESIANPOINTLIST2D(((0.,0.),(0.,0.10000000000000001),(2.3000003986902198,0.10000000000000001),(2.3000003792195014,0.)));
#1987=IFCINDEXEDPOLYCURVE(#1986,(IFCLINEINDEX((1,2,3,4,1))),$);
#1988=IFCARBITRARYCLOSEDPROFILEDEF(.AREA.,$,#1987);
#1989=IFCCARTESIANPOINT((0.,0.,0.));
#1990=IFCDIRECTION((0.,0.,1.));
#1991=IFCDIRECTION((1.,0.,0.));
#1992=IFCAXIS2PLACEMENT3D(#1989,#1990,#1991);
#1993=IFCDIRECTION((0.,0.,1.));
#1994=IFCEXTRUDEDAREASOLID(#1988,#1992,#1993,3.);
#1995=IFCSHAPEREPRESENTATION(#11,'Body','SweptSolid',(#1994));
#1996=IFCCARTESIANPOINTLIST2D(((0.,0.),(2.4000003792195033,0.)));
#1997=IFCINDEXEDPOLYCURVE(#1996,$,$);
#1998=IFCSHAPEREPRESENTATION(#23,'Axis','Curve2D',(#1997));
#2004=IFCRELCONNECTSPATHELEMENTS('1HsZRgXJX8JhANZQ427t7y',$,$,$,$,#1636,#1058,(),(),.ATPATH.,.ATSTART.);
#2018=IFCCARTESIANPOINT((0.77747712572430749,5.0359621047973704,0.));
#2019=IFCDIRECTION((0.,0.,1.));
#2020=IFCDIRECTION((1.9470718370939353E-07,-0.99999999999998113,0.));
#2021=IFCAXIS2PLACEMENT3D(#2018,#2019,#2020);
#2022=IFCLOCALPLACEMENT(#79,#2021);
#2023=IFCCARTESIANPOINTLIST2D(((0.,0.),(-0.10000004649123767,0.10000000000000001),(3.4500000175622794,0.10000000000000001),(3.550000064053517,0.)));
#2024=IFCINDEXEDPOLYCURVE(#2023,(IFCLINEINDEX((1,2,3,4,1))),$);
#2025=IFCARBITRARYCLOSEDPROFILEDEF(.AREA.,$,#2024);
#2026=IFCCARTESIANPOINT((0.,0.,0.));
#2027=IFCDIRECTION((0.,0.,1.));
#2028=IFCDIRECTION((1.,0.,0.));
#2029=IFCAXIS2PLACEMENT3D(#2026,#2027,#2028);
#2030=IFCDIRECTION((0.,0.,1.));
#2031=IFCEXTRUDEDAREASOLID(#2025,#2029,#2030,3.);
#2032=IFCSHAPEREPRESENTATION(#11,'Body','SweptSolid',(#2031));
#2033=IFCCARTESIANPOINTLIST2D(((0.,0.),(3.550000064053517,0.)));
#2034=IFCINDEXEDPOLYCURVE(#2033,$,$);
#2035=IFCSHAPEREPRESENTATION(#23,'Axis','Curve2D',(#2034));
#2166=IFCRELCONNECTSPATHELEMENTS('2HPEn7fM9ERhuzEZ9p2XB$',$,$,$,$,#1636,#1661,(),(),.ATSTART.,.ATEND.);
#2167=IFCCARTESIANPOINTLIST2D(((0.10000000000001708,0.),(0.10000005841217219,0.10000000000000001),(1.5709253354868731,0.10000000000000001),(1.4709253311157349,0.)));
#2168=IFCINDEXEDPOLYCURVE(#2167,(IFCLINEINDEX((1,2,3,4,1))),$);
#2169=IFCARBITRARYCLOSEDPROFILEDEF(.AREA.,$,#2168);
#2170=IFCCARTESIANPOINT((0.,0.,0.));
#2171=IFCDIRECTION((0.,0.,1.));
#2172=IFCDIRECTION((1.,0.,0.));
#2173=IFCAXIS2PLACEMENT3D(#2170,#2171,#2172);
#2174=IFCDIRECTION((0.,0.,1.));
#2175=IFCEXTRUDEDAREASOLID(#2169,#2173,#2174,3.);
#2176=IFCSHAPEREPRESENTATION(#11,'Body','SweptSolid',(#2175));
#2177=IFCCARTESIANPOINTLIST2D(((0.,0.),(1.4709253311157349,0.)));
#2178=IFCINDEXEDPOLYCURVE(#2177,$,$);
#2179=IFCSHAPEREPRESENTATION(#23,'Axis','Curve2D',(#2178));
#2180=IFCCARTESIANPOINTLIST2D(((0.,0.),(-0.10000000437113823,0.10000000000000001),(1.953418971500712,0.10000000000000001),(1.9534189369304134,0.)));
#2181=IFCINDEXEDPOLYCURVE(#2180,(IFCLINEINDEX((1,2,3,4,1))),$);
#2182=IFCARBITRARYCLOSEDPROFILEDEF(.AREA.,$,#2181);
#2183=IFCCARTESIANPOINT((0.,0.,0.));
#2184=IFCDIRECTION((0.,0.,1.));
#2185=IFCDIRECTION((1.,0.,0.));
#2186=IFCAXIS2PLACEMENT3D(#2183,#2184,#2185);
#2187=IFCDIRECTION((0.,0.,1.));
#2188=IFCEXTRUDEDAREASOLID(#2182,#2186,#2187,3.);
#2189=IFCSHAPEREPRESENTATION(#11,'Body','SweptSolid',(#2188));
#2190=IFCCARTESIANPOINTLIST2D(((0.,0.),(1.9534189369304134,0.)));
#2191=IFCINDEXEDPOLYCURVE(#2190,$,$);
#2192=IFCSHAPEREPRESENTATION(#23,'Axis','Curve2D',(#2191));
#2193=IFCCARTESIANPOINT((0.77747741212403609,3.5650367736816633,0.));
#2194=IFCDIRECTION((0.,0.,1.));
#2195=IFCDIRECTION((-0.99999999999998868,-1.5099580252808492E-07,0.));
#2196=IFCAXIS2PLACEMENT3D(#2193,#2194,#2195);
#2197=IFCLOCALPLACEMENT(#79,#2196);
#2198=IFCRELCONNECTSPATHELEMENTS('3CtpsVmOrAaRYtMZsf6doM',$,$,$,$,#983,#231,(),(),.ATEND.,.ATSTART.);
#2199=IFCCARTESIANPOINTLIST2D(((0.,0.),(0.099999992450210157,0.10000000000000001),(9.0160306704048825,0.10000000000000001),(9.1160306930542561,0.)));
#2200=IFCINDEXEDPOLYCURVE(#2199,(IFCLINEINDEX((1,2,3,4,1))),$);
#2201=IFCARBITRARYCLOSEDPROFILEDEF(.AREA.,$,#2200);
#2202=IFCCARTESIANPOINT((0.,0.,0.));
#2203=IFCDIRECTION((0.,0.,1.));
#2204=IFCDIRECTION((1.,0.,0.));
#2205=IFCAXIS2PLACEMENT3D(#2202,#2203,#2204);
#2206=IFCDIRECTION((0.,0.,1.));
#2207=IFCEXTRUDEDAREASOLID(#2201,#2205,#2206,3.);
#2208=IFCSHAPEREPRESENTATION(#11,'Body','SweptSolid',(#2207));
#2209=IFCCARTESIANPOINTLIST2D(((0.,0.),(9.1160306930542561,0.)));
#2210=IFCINDEXEDPOLYCURVE(#2209,$,$);
#2211=IFCSHAPEREPRESENTATION(#23,'Axis','Curve2D',(#2210));
#2212=IFCCARTESIANPOINT((4.227476589582194,-2.6000680923461914,0.));
#2213=IFCDIRECTION((0.,0.,1.));
#2214=IFCDIRECTION((7.5497901264043123E-08,0.99999999999999722,0.));
#2215=IFCAXIS2PLACEMENT3D(#2212,#2213,#2214);
#2216=IFCLOCALPLACEMENT(#79,#2215);
#2230=IFCRELCONNECTSPATHELEMENTS('0lHpygRxv4vxp4SpEeGlRu',$,$,$,$,#1133,#231,(),(),.ATSTART.,.ATEND.);
#2231=IFCCARTESIANPOINTLIST2D(((0.,0.),(-0.099598598905854319,0.10000000000000001),(2.3864520882384461,0.10000000000000001),(2.4860506871443007,0.)));
#2232=IFCINDEXEDPOLYCURVE(#2231,(IFCLINEINDEX((1,2,3,4,1))),$);
#2233=IFCARBITRARYCLOSEDPROFILEDEF(.AREA.,$,#2232);
#2234=IFCCARTESIANPOINT((0.,0.,0.));
#2235=IFCDIRECTION((0.,0.,1.));
#2236=IFCDIRECTION((1.,0.,0.));
#2237=IFCAXIS2PLACEMENT3D(#2234,#2235,#2236);
#2238=IFCDIRECTION((0.,0.,1.));
#2239=IFCEXTRUDEDAREASOLID(#2233,#2237,#2238,3.);
#2240=IFCSHAPEREPRESENTATION(#11,'Body','SweptSolid',(#2239));
#2241=IFCCARTESIANPOINTLIST2D(((0.,0.),(2.4860506871443007,0.)));
#2242=IFCINDEXEDPOLYCURVE(#2241,$,$);
#2243=IFCSHAPEREPRESENTATION(#23,'Axis','Curve2D',(#2242));
#2244=IFCCARTESIANPOINTLIST2D(((0.,0.),(0.099598598905854333,0.10000000000000001),(3.89999997371527,0.10000000000000001),(3.9999999661654799,0.)));
#2245=IFCINDEXEDPOLYCURVE(#2244,(IFCLINEINDEX((1,2,3,4,1))),$);
#2246=IFCARBITRARYCLOSEDPROFILEDEF(.AREA.,$,#2245);
#2247=IFCCARTESIANPOINT((0.,0.,0.));
#2248=IFCDIRECTION((0.,0.,1.));
#2249=IFCDIRECTION((1.,0.,0.));
#2250=IFCAXIS2PLACEMENT3D(#2247,#2248,#2249);
#2251=IFCDIRECTION((0.,0.,1.));
#2252=IFCEXTRUDEDAREASOLID(#2246,#2250,#2251,3.);
#2253=IFCSHAPEREPRESENTATION(#11,'Body','SweptSolid',(#2252));
#2254=IFCCARTESIANPOINTLIST2D(((0.,0.),(3.9999999661654799,0.)));
#2255=IFCINDEXEDPOLYCURVE(#2254,$,$);
#2256=IFCSHAPEREPRESENTATION(#23,'Axis','Curve2D',(#2255));
#2257=IFCCARTESIANPOINT((0.22747662341671399,-2.6000680923461914,0.));
#2258=IFCDIRECTION((0.,0.,1.));
#2259=IFCDIRECTION((1.,0.,0.));
#2260=IFCAXIS2PLACEMENT3D(#2257,#2258,#2259);
#2261=IFCLOCALPLACEMENT(#79,#2260);
#2262=IFCSLABTYPE('1ElIPZlCz5ChU_xLHyqrZ$',$,'Slab',$,$,(#2266),$,$,$,.FLOOR.);
#2263=IFCMATERIALLAYERSET((#2265),$,$);
#2264=IFCRELASSOCIATESMATERIAL('38KuuEZ8HEoRN$sz1QesLD',$,$,$,(#2262),#2263);
#2265=IFCMATERIALLAYER(#81,0.10000000000000001,$,$,$,$,$);
#2266=IFCPROPERTYSET('0FQrl9nMr6uPk9IkNxZxE4',$,'EPset_Parametric',$,(#2267));
#2267=IFCPROPERTYSINGLEVALUE('LayerSetDirection',$,IFCLABEL('AXIS3'),$);
#2268=IFCSLAB('1KlHoxR$H8nRKPAG9jzu3I',$,'Slab',$,$,#2276,#2283,$,$);
#2269=IFCRELDEFINESBYTYPE('2fa1_oC2bEFh6VFb5bE5BB',$,$,$,(#16152,#8669,#9815,#2268),#2262);
#2270=IFCMATERIALLAYERSETUSAGE(#2263,.AXIS3.,.POSITIVE.,-0.10000000149011612,$);
#2271=IFCRELASSOCIATESMATERIAL('3DWcm8tZ95qwdTmxLW93Ie',$,$,$,(#2268),#2270);
#2272=IFCCARTESIANPOINT((4.2274785041809082,6.5159626007080078,0.));
#2273=IFCDIRECTION((0.,0.,1.));
#2274=IFCDIRECTION((1.,0.,0.));
#2275=IFCAXIS2PLACEMENT3D(#2272,#2273,#2274);
#2276=IFCLOCALPLACEMENT(#79,#2275);
#2277=IFCCARTESIANPOINTLIST2D(((0.,0.),(-3.4500017166137695,-4.76837158203125E-07),(-3.4500012397766113,-1.4800004959106445),(-7.0000014305114746,-1.4799990653991699),(-7.0000009536743164,-6.630000114440918),(-4.0100011825561523,-6.630000114440918),(-4.0000019073486328,-9.1160306930541992),(-1.9073486328125E-06,-9.1160306930541992),(0.,0.)));
#2278=IFCINDEXEDPOLYCURVE(#2277,$,$);
#2279=IFCDIRECTION((0.,0.,1.));
#2280=IFCARBITRARYCLOSEDPROFILEDEF(.AREA.,$,#2278);
#2281=IFCEXTRUDEDAREASOLID(#2280,#2290,#2279,0.10000000000000001);
#2282=IFCSHAPEREPRESENTATION(#11,'Body','SweptSolid',(#2281));
#2283=IFCPRODUCTDEFINITIONSHAPE($,$,(#2282));
#2284=IFCPROPERTYSET('3co4iSZzH8bOAgsbnPUbKv',$,'EPset_Parametric',$,(#2286));
#2285=IFCRELDEFINESBYPROPERTIES('2AZhc3N8n1k8Gsad$_YlGE',$,$,$,(#2268),#2284);
#2286=IFCPROPERTYSINGLEVALUE('Engine',$,IFCLABEL('Bonsai.DumbLayer3'),$);
#2287=IFCCARTESIANPOINT((-0.,-0.,-0.10000000149011612));
#2288=IFCDIRECTION((0.,0.,1.));
#2289=IFCDIRECTION((1.,0.,0.));
#2290=IFCAXIS2PLACEMENT3D(#2287,#2288,#2289);
#2601=IFCDOOR('3EvqjMxHf0KBIFhdH1Rkh2',$,'Door',$,$,#6946,$,$,2.,0.89999997615814209,$,.SINGLE_SWING_LEFT.,$);
#2625=IFCOPENINGELEMENT('2qgimXBgL6QwXdnivzmbwV',$,'Opening',$,$,#2794,#2653,$,.OPENING.);
#2641=IFCCARTESIANPOINT((0.,0.,0.));
#2642=IFCDIRECTION((1.,0.,0.));
#2643=IFCDIRECTION((0.,0.,1.));
#2644=IFCAXIS2PLACEMENT3D(#2641,#2643,#2642);
#2645=IFCREPRESENTATIONMAP(#2644,#2784);
#2646=IFCCARTESIANPOINT((0.,0.,0.));
#2647=IFCDIRECTION((1.,0.,0.));
#2648=IFCDIRECTION((0.,1.,0.));
#2649=IFCDIRECTION((0.,0.,1.));
#2650=IFCCARTESIANTRANSFORMATIONOPERATOR3D(#2647,#2648,#2646,1.,#2649);
#2651=IFCMAPPEDITEM(#2645,#2650);
#2652=IFCSHAPEREPRESENTATION(#11,'Body','MappedRepresentation',(#2651));
#2653=IFCPRODUCTDEFINITIONSHAPE($,$,(#2652));
#2654=IFCRELVOIDSELEMENT('3iy5PUXlT7vANREqDaJcg2',$,$,$,#231,#2625);
#2660=IFCRELFILLSELEMENT('00BgVbJMDAxh$miNc$$RjI',$,$,$,#2625,#2601);
#2775=IFCCARTESIANPOINTLIST2D(((0.,0.),(0.89999997615814209,0.),(0.89999997615814209,2.),(0.,2.)));
#2776=IFCINDEXEDPOLYCURVE(#2775,(IFCLINEINDEX((1,2,3,4,1))),$);
#2777=IFCARBITRARYCLOSEDPROFILEDEF(.AREA.,$,#2776);
#2778=IFCCARTESIANPOINT((0.,-0.60000002384185791,0.));
#2779=IFCDIRECTION((0.,-1.,0.));
#2780=IFCDIRECTION((1.,0.,0.));
#2781=IFCAXIS2PLACEMENT3D(#2778,#2779,#2780);
#2782=IFCDIRECTION((0.,0.,-1.));
#2783=IFCEXTRUDEDAREASOLID(#2777,#2781,#2782,1.2);
#2784=IFCSHAPEREPRESENTATION(#11,'Body','SweptSolid',(#2783));
#2790=IFCCARTESIANPOINT((0.34423008882922718,4.76837158203125E-07,0.));
#2791=IFCDIRECTION((0.,0.,1.));
#2792=IFCDIRECTION((0.99999999999997158,-2.3841857910155572E-07,0.));
#2793=IFCAXIS2PLACEMENT3D(#2790,#2791,#2792);
#2794=IFCLOCALPLACEMENT(#2261,#2793);
#2911=IFCDOORTYPE('25AupkhP5BGwdImkWGXd_Y',$,'Guest-GF',$,$,(#2912),(#2914,#2922,#3000),$,$,.DOOR.,.SINGLE_SWING_LEFT.,$,$);
#2912=IFCPROPERTYSET('0X5Ss1J9v3qOuQwfDAB1VI',$,'BBIM_Door',$,(#2913));
#2913=IFCPROPERTYSINGLEVALUE('Data',$,IFCTEXT('{"door_type": "DOUBLE_SWING_RIGHT", "overall_height": 2.0, "overall_width": 0.8999999761581421, "lining_properties": {"lining_depth": 0.05000000074505806, "lining_thickness": 0.05000000074505806, "lining_offset": 0.0, "lining_to_panel_offset_x": 0.02500000037252903, "lining_to_panel_offset_y": 0.02500000037252903, "transom_thickness": 0.0, "casing_thickness": 0.07500000298023224, "casing_depth": 0.004999999888241291, "threshold_thickness": 0.02500000037252903, "threshold_depth": 0.10000000149011612, "threshold_offset": 0.0}, "panel_properties": {"panel_depth": 0.03500000014901161, "panel_width_ratio": 1.0}}'),$);
#2914=IFCREPRESENTATIONMAP(#2915,#3371);
#2915=IFCAXIS2PLACEMENT3D(#2916,#2917,#2918);
#2916=IFCCARTESIANPOINT((0.,0.,0.));
#2917=IFCDIRECTION((0.,0.,1.));
#2918=IFCDIRECTION((1.,0.,0.));
#2922=IFCREPRESENTATIONMAP(#2923,#3435);
#2923=IFCAXIS2PLACEMENT3D(#2924,#2925,#2926);
#2924=IFCCARTESIANPOINT((0.,0.,0.));
#2925=IFCDIRECTION((0.,0.,1.));
#2926=IFCDIRECTION((1.,0.,0.));
#3000=IFCREPRESENTATIONMAP(#3001,#3451);
#3001=IFCAXIS2PLACEMENT3D(#3002,#3003,#3004);
#3002=IFCCARTESIANPOINT((0.,0.,0.));
#3003=IFCDIRECTION((0.,0.,1.));
#3004=IFCDIRECTION((1.,0.,0.));
#3084=IFCDOOR('1eW2Dqn3P0RgTIOHlfkgGQ',$,'Door',$,$,#3476,#3093,$,2.,0.89999997615814209,$,.DOUBLE_SWING_RIGHT.,$);
#3085=IFCRELDEFINESBYTYPE('2Jg6YLxKb2jgihbOh_5cmj',$,$,$,(#3084),#2911);
#3086=IFCCARTESIANPOINT((0.,0.,0.));
#3087=IFCDIRECTION((1.,0.,0.));
#3088=IFCDIRECTION((0.,1.,0.));
#3089=IFCDIRECTION((0.,0.,1.));
#3090=IFCCARTESIANTRANSFORMATIONOPERATOR3D(#3087,#3088,#3086,1.,#3089);
#3091=IFCMAPPEDITEM(#2914,#3090);
#3092=IFCSHAPEREPRESENTATION(#18,'Profile','MappedRepresentation',(#3091));
#3093=IFCPRODUCTDEFINITIONSHAPE($,$,(#3092,#3100,#3107));
#3094=IFCCARTESIANPOINT((0.,0.,0.));
#3095=IFCDIRECTION((1.,0.,0.));
#3096=IFCDIRECTION((0.,1.,0.));
#3097=IFCDIRECTION((0.,0.,1.));
#3098=IFCCARTESIANTRANSFORMATIONOPERATOR3D(#3095,#3096,#3094,1.,#3097);
#3099=IFCMAPPEDITEM(#2922,#3098);
#3100=IFCSHAPEREPRESENTATION(#11,'Body','MappedRepresentation',(#3099));
#3101=IFCCARTESIANPOINT((0.,0.,0.));
#3102=IFCDIRECTION((1.,0.,0.));
#3103=IFCDIRECTION((0.,1.,0.));
#3104=IFCDIRECTION((0.,0.,1.));
#3105=IFCCARTESIANTRANSFORMATIONOPERATOR3D(#3102,#3103,#3101,1.,#3104);
#3106=IFCMAPPEDITEM(#3000,#3105);
#3107=IFCSHAPEREPRESENTATION(#24,'Body','MappedRepresentation',(#3106));
#3108=IFCOPENINGELEMENT('01Z8zQV557jxoI3TtgXbS4',$,'Opening',$,$,#3471,#3136,$,.OPENING.);
#3124=IFCCARTESIANPOINT((0.,0.,0.));
#3125=IFCDIRECTION((1.,0.,0.));
#3126=IFCDIRECTION((0.,0.,1.));
#3127=IFCAXIS2PLACEMENT3D(#3124,#3126,#3125);
#3128=IFCREPRESENTATIONMAP(#3127,#3461);
#3129=IFCCARTESIANPOINT((0.,0.,0.));
#3130=IFCDIRECTION((1.,0.,0.));
#3131=IFCDIRECTION((0.,1.,0.));
#3132=IFCDIRECTION((0.,0.,1.));
#3133=IFCCARTESIANTRANSFORMATIONOPERATOR3D(#3130,#3131,#3129,1.,#3132);
#3134=IFCMAPPEDITEM(#3128,#3133);
#3135=IFCSHAPEREPRESENTATION(#11,'Body','MappedRepresentation',(#3134));
#3136=IFCPRODUCTDEFINITIONSHAPE($,$,(#3135));
#3137=IFCRELVOIDSELEMENT('1d61GZvoT8pxLXL$1C7ZHu',$,$,$,#1436,#3108);
#3143=IFCRELFILLSELEMENT('2ZE9ozR3v7xQJlCDAhMZ2y',$,$,$,#3108,#3084);
#3152=IFCCARTESIANPOINTLIST2D(((0.,0.),(0.,2.),(0.89999997615814209,2.),(0.89999997615814209,0.),(0.87499997578561306,0.),(0.87499997578561306,1.974999999627471),(0.02500000037252903,1.974999999627471),(0.02500000037252903,0.)));
#3153=IFCINDEXEDPOLYCURVE(#3152,(IFCLINEINDEX((1,2,3,4,5,6,7,8,1))),$);
#3154=IFCARBITRARYCLOSEDPROFILEDEF(.AREA.,$,#3153);
#3155=IFCCARTESIANPOINT((0.,0.,0.));
#3156=IFCDIRECTION((0.,-1.,0.));
#3157=IFCDIRECTION((1.,0.,0.));
#3158=IFCAXIS2PLACEMENT3D(#3155,#3156,#3157);
#3159=IFCDIRECTION((0.,0.,-1.));
#3160=IFCEXTRUDEDAREASOLID(#3154,#3158,#3159,0.05000000074505806);
#3161=IFCCARTESIANPOINTLIST2D(((0.,0.),(0.84999997541308403,0.),(0.84999997541308403,0.10000000149011612),(0.,0.10000000149011612)));
#3162=IFCINDEXEDPOLYCURVE(#3161,(IFCLINEINDEX((1,2,3,4,1))),$);
#3163=IFCARBITRARYCLOSEDPROFILEDEF(.AREA.,$,#3162);
#3164=IFCCARTESIANPOINT((0.02500000037252903,0.,0.));
#3165=IFCDIRECTION((0.,0.,1.));
#3166=IFCDIRECTION((1.,0.,0.));
#3167=IFCAXIS2PLACEMENT3D(#3164,#3165,#3166);
#3168=IFCDIRECTION((0.,0.,1.));
#3169=IFCEXTRUDEDAREASOLID(#3163,#3167,#3168,0.02500000037252903);
#3170=IFCCARTESIANPOINTLIST2D(((0.,0.),(0.,2.0250000022351742),(0.94999998062849045,2.0250000022351742),(0.94999998062849045,0.),(0.89999997802078724,0.),(0.89999997802078724,1.974999999627471),(0.050000002607703209,1.974999999627471),(0.050000002607703209,0.)));
#3171=IFCINDEXEDPOLYCURVE(#3170,(IFCLINEINDEX((1,2,3,4,5,6,7,8,1))),$);
#3172=IFCARBITRARYCLOSEDPROFILEDEF(.AREA.,$,#3171);
#3173=IFCCARTESIANPOINT((-0.025000002235174179,-0.004999999888241291,0.));
#3174=IFCDIRECTION((0.,-1.,0.));
#3175=IFCDIRECTION((1.,0.,0.));
#3176=IFCAXIS2PLACEMENT3D(#3173,#3174,#3175);
#3177=IFCDIRECTION((0.,0.,-1.));
#3178=IFCEXTRUDEDAREASOLID(#3172,#3176,#3177,0.004999999888241291);
#3179=IFCCARTESIANPOINTLIST2D(((0.,0.),(0.,2.0250000022351742),(0.94999998062849045,2.0250000022351742),(0.94999998062849045,0.),(0.89999997802078724,0.),(0.89999997802078724,1.974999999627471),(0.050000002607703209,1.974999999627471),(0.050000002607703209,0.)));
#3180=IFCINDEXEDPOLYCURVE(#3179,(IFCLINEINDEX((1,2,3,4,5,6,7,8,1))),$);
#3181=IFCARBITRARYCLOSEDPROFILEDEF(.AREA.,$,#3180);
#3182=IFCCARTESIANPOINT((-0.025000002235174179,0.05000000074505806,0.));
#3183=IFCDIRECTION((0.,-1.,0.));
#3184=IFCDIRECTION((1.,0.,0.));
#3185=IFCAXIS2PLACEMENT3D(#3182,#3183,#3184);
#3186=IFCDIRECTION((0.,0.,-1.));
#3187=IFCEXTRUDEDAREASOLID(#3181,#3185,#3186,0.004999999888241291);
#3188=IFCCARTESIANPOINTLIST2D(((0.,0.),(0.84999997541308403,0.),(0.84999997541308403,0.035000000149011612),(0.,0.035000000149011612)));
#3189=IFCINDEXEDPOLYCURVE(#3188,(IFCLINEINDEX((1,2,3,4,1))),$);
#3190=IFCARBITRARYCLOSEDPROFILEDEF(.AREA.,$,#3189);
#3191=IFCCARTESIANPOINT((0.02500000037252903,0.02500000037252903,0.02500000037252903));
#3192=IFCDIRECTION((0.,0.,1.));
#3193=IFCDIRECTION((1.,0.,0.));
#3194=IFCAXIS2PLACEMENT3D(#3191,#3192,#3193);
#3195=IFCDIRECTION((0.,0.,1.));
#3196=IFCEXTRUDEDAREASOLID(#3190,#3194,#3195,1.9499999992549419);
#3197=IFCCARTESIANPOINTLIST2D(((0.,0.),(0.,-0.040000000000000001),(0.12,-0.040000000000000001),(0.12,-0.02),(0.02,-0.02),(0.02,0.)));
#3198=IFCINDEXEDPOLYCURVE(#3197,(IFCLINEINDEX((1,2,3,4,5,6,1))),$);
#3199=IFCARBITRARYCLOSEDPROFILEDEF(.AREA.,$,#3198);
#3200=IFCCARTESIANPOINT((0.075000000372529033,0.02500000037252903,1.015000000372529));
#3201=IFCDIRECTION((0.,0.,1.));
#3202=IFCDIRECTION((1.,0.,0.));
#3203=IFCAXIS2PLACEMENT3D(#3200,#3201,#3202);
#3204=IFCDIRECTION((0.,0.,1.));
#3205=IFCEXTRUDEDAREASOLID(#3199,#3203,#3204,0.02);
#3206=IFCEXTRUDEDAREASOLID(#3207,#3210,#3214,0.02);
#3207=IFCARBITRARYCLOSEDPROFILEDEF(.AREA.,$,#3208);
#3208=IFCINDEXEDPOLYCURVE(#3209,(IFCLINEINDEX((1,2,3,4,5,6,1))),$);
#3209=IFCCARTESIANPOINTLIST2D(((0.,0.),(0.,0.040000000000000008),(0.11999999999999998,0.040000000000000008),(0.11999999999999998,0.020000000000000004),(0.020000000000000004,0.020000000000000004),(0.020000000000000004,0.)));
#3210=IFCAXIS2PLACEMENT3D(#3211,#3212,#3213);
#3211=IFCCARTESIANPOINT((0.075000000372529033,0.060000000521540642,1.015000000372529));
#3212=IFCDIRECTION((0.,0.,1.));
#3213=IFCDIRECTION((1.,0.,0.));
#3214=IFCDIRECTION((0.,0.,1.));
#3216=IFCSHAPEREPRESENTATION(#11,'Body','SweptSolid',(#3407,#3380,#3178,#3398,#3299,#3169,#3187,#3281,#3389,#3290,#3160,#3272));
#3217=IFCSHAPEASPECT((#3216),'Lining',$,.T.,#3093);
#3218=IFCSHAPEREPRESENTATION(#11,'Body','SweptSolid',(#3317,#3426,#3196,#3308,#3425,#3206,#3318,#3416,#3205));
#3219=IFCSHAPEASPECT((#3218),'Framing',$,.T.,#3093);
#3264=IFCCARTESIANPOINTLIST2D(((0.,0.),(0.,2.),(0.89999997615814209,2.),(0.89999997615814209,0.),(0.87499997578561306,0.),(0.87499997578561306,1.974999999627471),(0.02500000037252903,1.974999999627471),(0.02500000037252903,0.)));
#3265=IFCINDEXEDPOLYCURVE(#3264,(IFCLINEINDEX((1,2,3,4,5,6,7,8,1))),$);
#3266=IFCARBITRARYCLOSEDPROFILEDEF(.AREA.,$,#3265);
#3267=IFCCARTESIANPOINT((0.,0.,0.));
#3268=IFCDIRECTION((0.,-1.,0.));
#3269=IFCDIRECTION((1.,0.,0.));
#3270=IFCAXIS2PLACEMENT3D(#3267,#3268,#3269);
#3271=IFCDIRECTION((0.,0.,-1.));
#3272=IFCEXTRUDEDAREASOLID(#3266,#3270,#3271,0.05000000074505806);
#3273=IFCCARTESIANPOINTLIST2D(((0.,0.),(0.84999997541308403,0.),(0.84999997541308403,0.10000000149011612),(0.,0.10000000149011612)));
#3274=IFCINDEXEDPOLYCURVE(#3273,(IFCLINEINDEX((1,2,3,4,1))),$);
#3275=IFCARBITRARYCLOSEDPROFILEDEF(.AREA.,$,#3274);
#3276=IFCCARTESIANPOINT((0.02500000037252903,0.,0.));
#3277=IFCDIRECTION((0.,0.,1.));
#3278=IFCDIRECTION((1.,0.,0.));
#3279=IFCAXIS2PLACEMENT3D(#3276,#3277,#3278);
#3280=IFCDIRECTION((0.,0.,1.));
#3281=IFCEXTRUDEDAREASOLID(#3275,#3279,#3280,0.02500000037252903);
#3282=IFCCARTESIANPOINTLIST2D(((0.,0.),(0.,2.0250000022351742),(0.94999998062849045,2.0250000022351742),(0.94999998062849045,0.),(0.89999997802078724,0.),(0.89999997802078724,1.974999999627471),(0.050000002607703209,1.974999999627471),(0.050000002607703209,0.)));
#3283=IFCINDEXEDPOLYCURVE(#3282,(IFCLINEINDEX((1,2,3,4,5,6,7,8,1))),$);
#3284=IFCARBITRARYCLOSEDPROFILEDEF(.AREA.,$,#3283);
#3285=IFCCARTESIANPOINT((-0.025000002235174179,-0.004999999888241291,0.));
#3286=IFCDIRECTION((0.,-1.,0.));
#3287=IFCDIRECTION((1.,0.,0.));
#3288=IFCAXIS2PLACEMENT3D(#3285,#3286,#3287);
#3289=IFCDIRECTION((0.,0.,-1.));
#3290=IFCEXTRUDEDAREASOLID(#3284,#3288,#3289,0.004999999888241291);
#3291=IFCCARTESIANPOINTLIST2D(((0.,0.),(0.,2.0250000022351742),(0.94999998062849045,2.0250000022351742),(0.94999998062849045,0.),(0.89999997802078724,0.),(0.89999997802078724,1.974999999627471),(0.050000002607703209,1.974999999627471),(0.050000002607703209,0.)));
#3292=IFCINDEXEDPOLYCURVE(#3291,(IFCLINEINDEX((1,2,3,4,5,6,7,8,1))),$);
#3293=IFCARBITRARYCLOSEDPROFILEDEF(.AREA.,$,#3292);
#3294=IFCCARTESIANPOINT((-0.025000002235174179,0.05000000074505806,0.));
#3295=IFCDIRECTION((0.,-1.,0.));
#3296=IFCDIRECTION((1.,0.,0.));
#3297=IFCAXIS2PLACEMENT3D(#3294,#3295,#3296);
#3298=IFCDIRECTION((0.,0.,-1.));
#3299=IFCEXTRUDEDAREASOLID(#3293,#3297,#3298,0.004999999888241291);
#3300=IFCCARTESIANPOINTLIST2D(((0.,0.),(0.84999997541308403,0.),(0.84999997541308403,0.035000000149011612),(0.,0.035000000149011612)));
#3301=IFCINDEXEDPOLYCURVE(#3300,(IFCLINEINDEX((1,2,3,4,1))),$);
#3302=IFCARBITRARYCLOSEDPROFILEDEF(.AREA.,$,#3301);
#3303=IFCCARTESIANPOINT((0.02500000037252903,0.02500000037252903,0.02500000037252903));
#3304=IFCDIRECTION((0.,0.,1.));
#3305=IFCDIRECTION((1.,0.,0.));
#3306=IFCAXIS2PLACEMENT3D(#3303,#3304,#3305);
#3307=IFCDIRECTION((0.,0.,1.));
#3308=IFCEXTRUDEDAREASOLID(#3302,#3306,#3307,1.9499999992549419);
#3309=IFCCARTESIANPOINTLIST2D(((0.,0.),(0.,-0.040000000000000001),(0.12,-0.040000000000000001),(0.12,-0.02),(0.02,-0.02),(0.02,0.)));
#3310=IFCINDEXEDPOLYCURVE(#3309,(IFCLINEINDEX((1,2,3,4,5,6,1))),$);
#3311=IFCARBITRARYCLOSEDPROFILEDEF(.AREA.,$,#3310);
#3312=IFCCARTESIANPOINT((0.075000000372529033,0.02500000037252903,1.015000000372529));
#3313=IFCDIRECTION((0.,0.,1.));
#3314=IFCDIRECTION((1.,0.,0.));
#3315=IFCAXIS2PLACEMENT3D(#3312,#3313,#3314);
#3316=IFCDIRECTION((0.,0.,1.));
#3317=IFCEXTRUDEDAREASOLID(#3311,#3315,#3316,0.02);
#3318=IFCEXTRUDEDAREASOLID(#3319,#3322,#3326,0.02);
#3319=IFCARBITRARYCLOSEDPROFILEDEF(.AREA.,$,#3320);
#3320=IFCINDEXEDPOLYCURVE(#3321,(IFCLINEINDEX((1,2,3,4,5,6,1))),$);
#3321=IFCCARTESIANPOINTLIST2D(((0.,0.),(0.,0.040000000000000008),(0.11999999999999998,0.040000000000000008),(0.11999999999999998,0.020000000000000004),(0.020000000000000004,0.020000000000000004),(0.020000000000000004,0.)));
#3322=IFCAXIS2PLACEMENT3D(#3323,#3324,#3325);
#3323=IFCCARTESIANPOINT((0.075000000372529033,0.060000000521540642,1.015000000372529));
#3324=IFCDIRECTION((0.,0.,1.));
#3325=IFCDIRECTION((1.,0.,0.));
#3326=IFCDIRECTION((0.,0.,1.));
#3369=IFCCARTESIANPOINTLIST3D(((0.,0.,0.),(0.89999997615814209,0.,0.),(0.89999997615814209,0.,2.),(0.,0.,2.)));
#3370=IFCINDEXEDPOLYCURVE(#3369,(IFCLINEINDEX((1,2,3,4,1))),$);
#3371=IFCSHAPEREPRESENTATION(#18,'Profile','Curve3D',(#3370));
#3372=IFCCARTESIANPOINTLIST2D(((0.,0.),(0.,2.),(0.89999997615814209,2.),(0.89999997615814209,0.),(0.87499997578561306,0.),(0.87499997578561306,1.974999999627471),(0.02500000037252903,1.974999999627471),(0.02500000037252903,0.)));
#3373=IFCINDEXEDPOLYCURVE(#3372,(IFCLINEINDEX((1,2,3,4,5,6,7,8,1))),$);
#3374=IFCARBITRARYCLOSEDPROFILEDEF(.AREA.,$,#3373);
#3375=IFCCARTESIANPOINT((0.,0.,0.));
#3376=IFCDIRECTION((0.,-1.,0.));
#3377=IFCDIRECTION((1.,0.,0.));
#3378=IFCAXIS2PLACEMENT3D(#3375,#3376,#3377);
#3379=IFCDIRECTION((0.,0.,-1.));
#3380=IFCEXTRUDEDAREASOLID(#3374,#3378,#3379,0.05000000074505806);
#3381=IFCCARTESIANPOINTLIST2D(((0.,0.),(0.84999997541308403,0.),(0.84999997541308403,0.10000000149011612),(0.,0.10000000149011612)));
#3382=IFCINDEXEDPOLYCURVE(#3381,(IFCLINEINDEX((1,2,3,4,1))),$);
#3383=IFCARBITRARYCLOSEDPROFILEDEF(.AREA.,$,#3382);
#3384=IFCCARTESIANPOINT((0.02500000037252903,0.,0.));
#3385=IFCDIRECTION((0.,0.,1.));
#3386=IFCDIRECTION((1.,0.,0.));
#3387=IFCAXIS2PLACEMENT3D(#3384,#3385,#3386);
#3388=IFCDIRECTION((0.,0.,1.));
#3389=IFCEXTRUDEDAREASOLID(#3383,#3387,#3388,0.02500000037252903);
#3390=IFCCARTESIANPOINTLIST2D(((0.,0.),(0.,2.0250000022351742),(0.94999998062849045,2.0250000022351742),(0.94999998062849045,0.),(0.89999997802078724,0.),(0.89999997802078724,1.974999999627471),(0.050000002607703209,1.974999999627471),(0.050000002607703209,0.)));
#3391=IFCINDEXEDPOLYCURVE(#3390,(IFCLINEINDEX((1,2,3,4,5,6,7,8,1))),$);
#3392=IFCARBITRARYCLOSEDPROFILEDEF(.AREA.,$,#3391);
#3393=IFCCARTESIANPOINT((-0.025000002235174179,-0.004999999888241291,0.));
#3394=IFCDIRECTION((0.,-1.,0.));
#3395=IFCDIRECTION((1.,0.,0.));
#3396=IFCAXIS2PLACEMENT3D(#3393,#3394,#3395);
#3397=IFCDIRECTION((0.,0.,-1.));
#3398=IFCEXTRUDEDAREASOLID(#3392,#3396,#3397,0.004999999888241291);
#3399=IFCCARTESIANPOINTLIST2D(((0.,0.),(0.,2.0250000022351742),(0.94999998062849045,2.0250000022351742),(0.94999998062849045,0.),(0.89999997802078724,0.),(0.89999997802078724,1.974999999627471),(0.050000002607703209,1.974999999627471),(0.050000002607703209,0.)));
#3400=IFCINDEXEDPOLYCURVE(#3399,(IFCLINEINDEX((1,2,3,4,5,6,7,8,1))),$);
#3401=IFCARBITRARYCLOSEDPROFILEDEF(.AREA.,$,#3400);
#3402=IFCCARTESIANPOINT((-0.025000002235174179,0.05000000074505806,0.));
#3403=IFCDIRECTION((0.,-1.,0.));
#3404=IFCDIRECTION((1.,0.,0.));
#3405=IFCAXIS2PLACEMENT3D(#3402,#3403,#3404);
#3406=IFCDIRECTION((0.,0.,-1.));
#3407=IFCEXTRUDEDAREASOLID(#3401,#3405,#3406,0.004999999888241291);
#3408=IFCCARTESIANPOINTLIST2D(((0.,0.),(0.84999997541308403,0.),(0.84999997541308403,0.035000000149011612),(0.,0.035000000149011612)));
#3409=IFCINDEXEDPOLYCURVE(#3408,(IFCLINEINDEX((1,2,3,4,1))),$);
#3410=IFCARBITRARYCLOSEDPROFILEDEF(.AREA.,$,#3409);
#3411=IFCCARTESIANPOINT((0.02500000037252903,0.02500000037252903,0.02500000037252903));
#3412=IFCDIRECTION((0.,0.,1.));
#3413=IFCDIRECTION((1.,0.,0.));
#3414=IFCAXIS2PLACEMENT3D(#3411,#3412,#3413);
#3415=IFCDIRECTION((0.,0.,1.));
#3416=IFCEXTRUDEDAREASOLID(#3410,#3414,#3415,1.9499999992549419);
#3417=IFCCARTESIANPOINTLIST2D(((0.,0.),(0.,-0.040000000000000001),(0.12,-0.040000000000000001),(0.12,-0.02),(0.02,-0.02),(0.02,0.)));
#3418=IFCINDEXEDPOLYCURVE(#3417,(IFCLINEINDEX((1,2,3,4,5,6,1))),$);
#3419=IFCARBITRARYCLOSEDPROFILEDEF(.AREA.,$,#3418);
#3420=IFCCARTESIANPOINT((0.075000000372529033,0.02500000037252903,1.015000000372529));
#3421=IFCDIRECTION((0.,0.,1.));
#3422=IFCDIRECTION((1.,0.,0.));
#3423=IFCAXIS2PLACEMENT3D(#3420,#3421,#3422);
#3424=IFCDIRECTION((0.,0.,1.));
#3425=IFCEXTRUDEDAREASOLID(#3419,#3423,#3424,0.02);
#3426=IFCEXTRUDEDAREASOLID(#3427,#3430,#3434,0.02);
#3427=IFCARBITRARYCLOSEDPROFILEDEF(.AREA.,$,#3428);
#3428=IFCINDEXEDPOLYCURVE(#3429,(IFCLINEINDEX((1,2,3,4,5,6,1))),$);
#3429=IFCCARTESIANPOINTLIST2D(((0.,0.),(0.,0.040000000000000008),(0.11999999999999998,0.040000000000000008),(0.11999999999999998,0.020000000000000004),(0.020000000000000004,0.020000000000000004),(0.020000000000000004,0.)));
#3430=IFCAXIS2PLACEMENT3D(#3431,#3432,#3433);
#3431=IFCCARTESIANPOINT((0.075000000372529033,0.060000000521540642,1.015000000372529));
#3432=IFCDIRECTION((0.,0.,1.));
#3433=IFCDIRECTION((1.,0.,0.));
#3434=IFCDIRECTION((0.,0.,1.));
#3435=IFCSHAPEREPRESENTATION(#11,'Body','SweptSolid',(#3380,#3416,#3425,#3426,#3389,#3398,#3407));
#3436=IFCCARTESIANPOINTLIST2D(((0.,0.),(0.02500000037252903,0.),(0.02500000037252903,0.05000000074505806),(0.,0.05000000074505806)));
#3437=IFCINDEXEDPOLYCURVE(#3436,(IFCLINEINDEX((1,2,3,4,1))),$);
#3438=IFCINDEXEDPOLYCURVE(#3439,(IFCLINEINDEX((1,2,3,4,1))),$);
#3439=IFCCARTESIANPOINTLIST2D(((0.89999997615814209,0.),(0.87499997578561306,0.),(0.87499997578561306,0.05000000074505806),(0.89999997615814209,0.05000000074505806)));
#3440=IFCCARTESIANPOINTLIST2D(((0.87499997578561306,0.05000000074505806),(0.87499997578561306,-0.79999997466802597),(0.83999997563660145,-0.79999997466802597)));
#3441=IFCINDEXEDPOLYCURVE(#3440,$,$);
#3442=IFCDIRECTION((1.,0.));
#3443=IFCCARTESIANPOINT((0.83999997563660145,0.05000000074505806));
#3444=IFCAXIS2PLACEMENT2D(#3443,#3442);
#3445=IFCELLIPSE(#3444,0.81499997526407242,0.84999997541308403);
#3446=IFCCARTESIANPOINT((0.83999997563660145,0.89999997615814209));
#3447=IFCCARTESIANPOINT((0.83999997563660145,-0.79999997466802597));
#3448=IFCTRIMMEDCURVE(#3445,(#3446),(#3447),.T.,.CARTESIAN.);
#3449=IFCCARTESIANPOINTLIST2D(((0.87499997578561306,0.05000000074505806),(0.83999997563660145,0.05000000074505806),(0.83999997563660145,0.89999997615814209),(0.87499997578561306,0.89999997615814209)));
#3450=IFCINDEXEDPOLYCURVE(#3449,(IFCLINEINDEX((1,2,3,4,1))),$);
#3451=IFCSHAPEREPRESENTATION(#24,'Body','Curve2D',(#3437,#3438,#3441,#3448,#3450));
#3452=IFCCARTESIANPOINTLIST2D(((0.,0.),(0.89999997615814209,0.),(0.89999997615814209,2.),(0.,2.)));
#3453=IFCINDEXEDPOLYCURVE(#3452,(IFCLINEINDEX((1,2,3,4,1))),$);
#3454=IFCARBITRARYCLOSEDPROFILEDEF(.AREA.,$,#3453);
#3455=IFCCARTESIANPOINT((0.,-0.60000002384185791,0.));
#3456=IFCDIRECTION((0.,-1.,0.));
#3457=IFCDIRECTION((1.,0.,0.));
#3458=IFCAXIS2PLACEMENT3D(#3455,#3456,#3457);
#3459=IFCDIRECTION((0.,0.,-1.));
#3460=IFCEXTRUDEDAREASOLID(#3454,#3458,#3459,1.2);
#3461=IFCSHAPEREPRESENTATION(#11,'Body','SweptSolid',(#3460));
#3467=IFCCARTESIANPOINT((1.5575644045919435,0.014999984078439443,0.));
#3468=IFCDIRECTION((0.,0.,1.));
#3469=IFCDIRECTION((0.99999999999997147,-2.384185719961227E-07,0.));
#3470=IFCAXIS2PLACEMENT3D(#3467,#3468,#3469);
#3471=IFCLOCALPLACEMENT(#1447,#3470);
#3472=IFCCARTESIANPOINT((-2.2204460492503131E-16,-5.5511151231257827E-17,0.));
#3473=IFCDIRECTION((0.,0.,1.));
#3474=IFCDIRECTION((1.,5.2939559203393771E-23,0.));
#3475=IFCAXIS2PLACEMENT3D(#3472,#3473,#3474);
#3476=IFCLOCALPLACEMENT(#3471,#3475);
#3477=IFCDOORTYPE('1kDpuLuVz2uht0GLhsrs4y',$,'Bathroom-GF',$,$,(#3478),(#3480,#3488,#3566),$,$,.DOOR.,.SINGLE_SWING_LEFT.,$,$);
#3478=IFCPROPERTYSET('26uue4BfzBJfk0ucKyxKyz',$,'BBIM_Door',$,(#3479));
#3479=IFCPROPERTYSINGLEVALUE('Data',$,IFCTEXT('{"door_type": "DOUBLE_SWING_LEFT", "overall_height": 2.0, "overall_width": 0.7039040327072144, "lining_properties": {"lining_depth": 0.05000000074505806, "lining_thickness": 0.05000000074505806, "lining_offset": 0.0, "lining_to_panel_offset_x": 0.02500000037252903, "lining_to_panel_offset_y": 0.02500000037252903, "transom_thickness": 0.0, "casing_thickness": 0.07500000298023224, "casing_depth": 0.004999999888241291, "threshold_thickness": 0.02500000037252903, "threshold_depth": 0.10000000149011612, "threshold_offset": 0.0}, "panel_properties": {"panel_depth": 0.03500000014901161, "panel_width_ratio": 1.0}}'),$);
#3480=IFCREPRESENTATIONMAP(#3481,#4109);
#3481=IFCAXIS2PLACEMENT3D(#3482,#3483,#3484);
#3482=IFCCARTESIANPOINT((0.,0.,0.));
#3483=IFCDIRECTION((0.,0.,1.));
#3484=IFCDIRECTION((1.,0.,0.));
#3488=IFCREPRESENTATIONMAP(#3489,#4173);
#3489=IFCAXIS2PLACEMENT3D(#3490,#3491,#3492);
#3490=IFCCARTESIANPOINT((0.,0.,0.));
#3491=IFCDIRECTION((0.,0.,1.));
#3492=IFCDIRECTION((1.,0.,0.));
#3566=IFCREPRESENTATIONMAP(#3567,#4189);
#3567=IFCAXIS2PLACEMENT3D(#3568,#3569,#3570);
#3568=IFCCARTESIANPOINT((0.,0.,0.));
#3569=IFCDIRECTION((0.,0.,1.));
#3570=IFCDIRECTION((1.,0.,0.));
#3585=IFCDOOR('0uRtlGRzXDKvbc9Zj0Puvx',$,'Door',$,$,#4214,#3594,$,2.,0.70390403270721436,$,.DOUBLE_SWING_LEFT.,$);
#3586=IFCRELDEFINESBYTYPE('0_CERA81fFnx8NP997An0y',$,$,$,(#3585),#3477);
#3587=IFCCARTESIANPOINT((0.,0.,0.));
#3588=IFCDIRECTION((1.,0.,0.));
#3589=IFCDIRECTION((0.,1.,0.));
#3590=IFCDIRECTION((0.,0.,1.));
#3591=IFCCARTESIANTRANSFORMATIONOPERATOR3D(#3588,#3589,#3587,1.,#3590);
#3592=IFCMAPPEDITEM(#3480,#3591);
#3593=IFCSHAPEREPRESENTATION(#18,'Profile','MappedRepresentation',(#3592));
#3594=IFCPRODUCTDEFINITIONSHAPE($,$,(#3593,#3601,#3608));
#3595=IFCCARTESIANPOINT((0.,0.,0.));
#3596=IFCDIRECTION((1.,0.,0.));
#3597=IFCDIRECTION((0.,1.,0.));
#3598=IFCDIRECTION((0.,0.,1.));
#3599=IFCCARTESIANTRANSFORMATIONOPERATOR3D(#3596,#3597,#3595,1.,#3598);
#3600=IFCMAPPEDITEM(#3488,#3599);
#3601=IFCSHAPEREPRESENTATION(#11,'Body','MappedRepresentation',(#3600));
#3602=IFCCARTESIANPOINT((0.,0.,0.));
#3603=IFCDIRECTION((1.,0.,0.));
#3604=IFCDIRECTION((0.,1.,0.));
#3605=IFCDIRECTION((0.,0.,1.));
#3606=IFCCARTESIANTRANSFORMATIONOPERATOR3D(#3603,#3604,#3602,1.,#3605);
#3607=IFCMAPPEDITEM(#3566,#3606);
#3608=IFCSHAPEREPRESENTATION(#24,'Body','MappedRepresentation',(#3607));
#3609=IFCOPENINGELEMENT('2ceVrFzkn3xQTFWXC6O5hv',$,'Opening',$,$,#4209,#3637,$,.OPENING.);
#3625=IFCCARTESIANPOINT((0.,0.,0.));
#3626=IFCDIRECTION((1.,0.,0.));
#3627=IFCDIRECTION((0.,0.,1.));
#3628=IFCAXIS2PLACEMENT3D(#3625,#3627,#3626);
#3629=IFCREPRESENTATIONMAP(#3628,#4199);
#3630=IFCCARTESIANPOINT((0.,0.,0.));
#3631=IFCDIRECTION((1.,0.,0.));
#3632=IFCDIRECTION((0.,1.,0.));
#3633=IFCDIRECTION((0.,0.,1.));
#3634=IFCCARTESIANTRANSFORMATIONOPERATOR3D(#3631,#3632,#3630,1.,#3633);
#3635=IFCMAPPEDITEM(#3629,#3634);
#3636=IFCSHAPEREPRESENTATION(#11,'Body','MappedRepresentation',(#3635));
#3637=IFCPRODUCTDEFINITIONSHAPE($,$,(#3636));
#3638=IFCRELVOIDSELEMENT('1V0iTDXav92QTxYB7AHPs7',$,$,$,#1566,#3609);
#3644=IFCRELFILLSELEMENT('2un8sEzIL859WKB$_VV6TZ',$,$,$,#3609,#3585);
#3656=IFCCARTESIANPOINTLIST2D(((0.,0.),(0.,2.),(0.89999997615814209,2.),(0.89999997615814209,0.),(0.87499997578561306,0.),(0.87499997578561306,1.974999999627471),(0.02500000037252903,1.974999999627471),(0.02500000037252903,0.)));
#3657=IFCINDEXEDPOLYCURVE(#3656,(IFCLINEINDEX((1,2,3,4,5,6,7,8,1))),$);
#3658=IFCARBITRARYCLOSEDPROFILEDEF(.AREA.,$,#3657);
#3659=IFCCARTESIANPOINT((0.,0.02500000037252903,0.));
#3660=IFCDIRECTION((0.,-1.,0.));
#3661=IFCDIRECTION((1.,0.,0.));
#3662=IFCAXIS2PLACEMENT3D(#3659,#3660,#3661);
#3663=IFCDIRECTION((0.,0.,-1.));
#3664=IFCEXTRUDEDAREASOLID(#3658,#3662,#3663,0.02500000037252903);
#3665=IFCCARTESIANPOINTLIST2D(((0.,0.),(0.,2.),(0.89999997615814209,2.),(0.89999997615814209,0.),(0.84999997541308403,0.),(0.84999997541308403,1.9499999992549419),(0.05000000074505806,1.9499999992549419),(0.05000000074505806,0.)));
#3666=IFCINDEXEDPOLYCURVE(#3665,(IFCLINEINDEX((1,2,3,4,5,6,7,8,1))),$);
#3667=IFCARBITRARYCLOSEDPROFILEDEF(.AREA.,$,#3666);
#3668=IFCCARTESIANPOINT((0.,0.,0.));
#3669=IFCDIRECTION((0.,-1.,0.));
#3670=IFCDIRECTION((1.,0.,0.));
#3671=IFCAXIS2PLACEMENT3D(#3668,#3669,#3670);
#3672=IFCDIRECTION((0.,0.,-1.));
#3673=IFCEXTRUDEDAREASOLID(#3667,#3671,#3672,0.02500000037252903);
#3674=IFCCARTESIANPOINTLIST2D(((0.,0.),(0.79999997466802597,0.),(0.79999997466802597,0.10000000149011612),(0.,0.10000000149011612)));
#3675=IFCINDEXEDPOLYCURVE(#3674,(IFCLINEINDEX((1,2,3,4,1))),$);
#3676=IFCARBITRARYCLOSEDPROFILEDEF(.AREA.,$,#3675);
#3677=IFCCARTESIANPOINT((0.05000000074505806,0.,0.));
#3678=IFCDIRECTION((0.,0.,1.));
#3679=IFCDIRECTION((1.,0.,0.));
#3680=IFCAXIS2PLACEMENT3D(#3677,#3678,#3679);
#3681=IFCDIRECTION((0.,0.,1.));
#3682=IFCEXTRUDEDAREASOLID(#3676,#3680,#3681,0.02500000037252903);
#3683=IFCCARTESIANPOINTLIST2D(((0.,0.),(0.,2.0250000022351742),(0.94999998062849045,2.0250000022351742),(0.94999998062849045,0.),(0.87499997764825821,0.),(0.87499997764825821,1.9499999992549419),(0.075000002980232239,1.9499999992549419),(0.075000002980232239,0.)));
#3684=IFCINDEXEDPOLYCURVE(#3683,(IFCLINEINDEX((1,2,3,4,5,6,7,8,1))),$);
#3685=IFCARBITRARYCLOSEDPROFILEDEF(.AREA.,$,#3684);
#3686=IFCCARTESIANPOINT((-0.025000002235174179,-0.004999999888241291,0.));
#3687=IFCDIRECTION((0.,-1.,0.));
#3688=IFCDIRECTION((1.,0.,0.));
#3689=IFCAXIS2PLACEMENT3D(#3686,#3687,#3688);
#3690=IFCDIRECTION((0.,0.,-1.));
#3691=IFCEXTRUDEDAREASOLID(#3685,#3689,#3690,0.004999999888241291);
#3692=IFCCARTESIANPOINTLIST2D(((0.,0.),(0.,2.0250000022351742),(0.94999998062849045,2.0250000022351742),(0.94999998062849045,0.),(0.89999997802078724,0.),(0.89999997802078724,1.974999999627471),(0.050000002607703209,1.974999999627471),(0.050000002607703209,0.)));
#3693=IFCINDEXEDPOLYCURVE(#3692,(IFCLINEINDEX((1,2,3,4,5,6,7,8,1))),$);
#3694=IFCARBITRARYCLOSEDPROFILEDEF(.AREA.,$,#3693);
#3695=IFCCARTESIANPOINT((-0.025000002235174179,0.05000000074505806,0.));
#3696=IFCDIRECTION((0.,-1.,0.));
#3697=IFCDIRECTION((1.,0.,0.));
#3698=IFCAXIS2PLACEMENT3D(#3695,#3696,#3697);
#3699=IFCDIRECTION((0.,0.,-1.));
#3700=IFCEXTRUDEDAREASOLID(#3694,#3698,#3699,0.004999999888241291);
#3701=IFCCARTESIANPOINTLIST2D(((0.,0.),(0.84999997541308403,0.),(0.84999997541308403,0.035000000149011612),(0.,0.035000000149011612)));
#3702=IFCINDEXEDPOLYCURVE(#3701,(IFCLINEINDEX((1,2,3,4,1))),$);
#3703=IFCARBITRARYCLOSEDPROFILEDEF(.AREA.,$,#3702);
#3704=IFCCARTESIANPOINT((0.02500000037252903,0.02500000037252903,0.02500000037252903));
#3705=IFCDIRECTION((0.,0.,1.));
#3706=IFCDIRECTION((1.,0.,0.));
#3707=IFCAXIS2PLACEMENT3D(#3704,#3705,#3706);
#3708=IFCDIRECTION((0.,0.,1.));
#3709=IFCEXTRUDEDAREASOLID(#3703,#3707,#3708,1.9499999992549419);
#3710=IFCCARTESIANPOINTLIST2D(((0.,0.),(0.,-0.040000000000000001),(-0.11999999999999988,-0.040000000000000001),(-0.11999999999999988,-0.02),(-0.020000000000000018,-0.02),(-0.020000000000000018,0.)));
#3711=IFCINDEXEDPOLYCURVE(#3710,(IFCLINEINDEX((1,2,3,4,5,6,1))),$);
#3712=IFCARBITRARYCLOSEDPROFILEDEF(.AREA.,$,#3711);
#3713=IFCCARTESIANPOINT((0.82499997578561302,0.02500000037252903,1.015000000372529));
#3714=IFCDIRECTION((0.,0.,1.));
#3715=IFCDIRECTION((1.,0.,0.));
#3716=IFCAXIS2PLACEMENT3D(#3713,#3714,#3715);
#3717=IFCDIRECTION((0.,0.,1.));
#3718=IFCEXTRUDEDAREASOLID(#3712,#3716,#3717,0.02);
#3719=IFCEXTRUDEDAREASOLID(#3720,#3723,#3727,0.02);
#3720=IFCARBITRARYCLOSEDPROFILEDEF(.AREA.,$,#3721);
#3721=IFCINDEXEDPOLYCURVE(#3722,(IFCLINEINDEX((1,2,3,4,5,6,1))),$);
#3722=IFCCARTESIANPOINTLIST2D(((0.,0.),(0.,0.040000000000000008),(-0.11999999999999988,0.040000000000000008),(-0.11999999999999988,0.020000000000000004),(-0.020000000000000018,0.020000000000000004),(-0.020000000000000018,0.)));
#3723=IFCAXIS2PLACEMENT3D(#3724,#3725,#3726);
#3724=IFCCARTESIANPOINT((0.82499997578561302,0.060000000521540642,1.015000000372529));
#3725=IFCDIRECTION((0.,0.,1.));
#3726=IFCDIRECTION((1.,0.,0.));
#3727=IFCDIRECTION((0.,0.,1.));
#3729=IFCSHAPEREPRESENTATION(#11,'Body','SweptSolid',(#3664,#3673,#3682,#3691,#3700));
#3730=IFCSHAPEASPECT((#3729),'Lining',$,.T.,#3488);
#3731=IFCSHAPEREPRESENTATION(#11,'Body','SweptSolid',(#3709,#3718,#3719));
#3732=IFCSHAPEASPECT((#3731),'Framing',$,.T.,#3488);
#3775=IFCCARTESIANPOINTLIST2D(((0.,0.),(0.,2.),(0.75124847888946533,2.),(0.75124847888946533,0.),(0.7262484785169363,0.),(0.7262484785169363,1.974999999627471),(0.02500000037252903,1.974999999627471),(0.02500000037252903,0.)));
#3776=IFCINDEXEDPOLYCURVE(#3775,(IFCLINEINDEX((1,2,3,4,5,6,7,8,1))),$);
#3777=IFCARBITRARYCLOSEDPROFILEDEF(.AREA.,$,#3776);
#3778=IFCCARTESIANPOINT((0.,0.02500000037252903,0.));
#3779=IFCDIRECTION((0.,-1.,0.));
#3780=IFCDIRECTION((1.,0.,0.));
#3781=IFCAXIS2PLACEMENT3D(#3778,#3779,#3780);
#3782=IFCDIRECTION((0.,0.,-1.));
#3783=IFCEXTRUDEDAREASOLID(#3777,#3781,#3782,0.02500000037252903);
#3784=IFCCARTESIANPOINTLIST2D(((0.,0.),(0.,2.),(0.75124847888946533,2.),(0.75124847888946533,0.),(0.70124847814440727,0.),(0.70124847814440727,1.9499999992549419),(0.05000000074505806,1.9499999992549419),(0.05000000074505806,0.)));
#3785=IFCINDEXEDPOLYCURVE(#3784,(IFCLINEINDEX((1,2,3,4,5,6,7,8,1))),$);
#3786=IFCARBITRARYCLOSEDPROFILEDEF(.AREA.,$,#3785);
#3787=IFCCARTESIANPOINT((0.,0.,0.));
#3788=IFCDIRECTION((0.,-1.,0.));
#3789=IFCDIRECTION((1.,0.,0.));
#3790=IFCAXIS2PLACEMENT3D(#3787,#3788,#3789);
#3791=IFCDIRECTION((0.,0.,-1.));
#3792=IFCEXTRUDEDAREASOLID(#3786,#3790,#3791,0.02500000037252903);
#3793=IFCCARTESIANPOINTLIST2D(((0.,0.),(0.65124847739934921,0.),(0.65124847739934921,0.10000000149011612),(0.,0.10000000149011612)));
#3794=IFCINDEXEDPOLYCURVE(#3793,(IFCLINEINDEX((1,2,3,4,1))),$);
#3795=IFCARBITRARYCLOSEDPROFILEDEF(.AREA.,$,#3794);
#3796=IFCCARTESIANPOINT((0.05000000074505806,0.,0.));
#3797=IFCDIRECTION((0.,0.,1.));
#3798=IFCDIRECTION((1.,0.,0.));
#3799=IFCAXIS2PLACEMENT3D(#3796,#3797,#3798);
#3800=IFCDIRECTION((0.,0.,1.));
#3801=IFCEXTRUDEDAREASOLID(#3795,#3799,#3800,0.02500000037252903);
#3802=IFCCARTESIANPOINTLIST2D(((0.,0.),(0.,2.0250000022351742),(0.80124848335981369,2.0250000022351742),(0.80124848335981369,0.),(0.72624848037958145,0.),(0.72624848037958145,1.9499999992549419),(0.075000002980232239,1.9499999992549419),(0.075000002980232239,0.)));
#3803=IFCINDEXEDPOLYCURVE(#3802,(IFCLINEINDEX((1,2,3,4,5,6,7,8,1))),$);
#3804=IFCARBITRARYCLOSEDPROFILEDEF(.AREA.,$,#3803);
#3805=IFCCARTESIANPOINT((-0.025000002235174179,-0.004999999888241291,0.));
#3806=IFCDIRECTION((0.,-1.,0.));
#3807=IFCDIRECTION((1.,0.,0.));
#3808=IFCAXIS2PLACEMENT3D(#3805,#3806,#3807);
#3809=IFCDIRECTION((0.,0.,-1.));
#3810=IFCEXTRUDEDAREASOLID(#3804,#3808,#3809,0.004999999888241291);
#3811=IFCCARTESIANPOINTLIST2D(((0.,0.),(0.,2.0250000022351742),(0.80124848335981369,2.0250000022351742),(0.80124848335981369,0.),(0.75124848075211048,0.),(0.75124848075211048,1.974999999627471),(0.050000002607703209,1.974999999627471),(0.050000002607703209,0.)));
#3812=IFCINDEXEDPOLYCURVE(#3811,(IFCLINEINDEX((1,2,3,4,5,6,7,8,1))),$);
#3813=IFCARBITRARYCLOSEDPROFILEDEF(.AREA.,$,#3812);
#3814=IFCCARTESIANPOINT((-0.025000002235174179,0.05000000074505806,0.));
#3815=IFCDIRECTION((0.,-1.,0.));
#3816=IFCDIRECTION((1.,0.,0.));
#3817=IFCAXIS2PLACEMENT3D(#3814,#3815,#3816);
#3818=IFCDIRECTION((0.,0.,-1.));
#3819=IFCEXTRUDEDAREASOLID(#3813,#3817,#3818,0.004999999888241291);
#3820=IFCCARTESIANPOINTLIST2D(((0.,0.),(0.70124847814440727,0.),(0.70124847814440727,0.035000000149011612),(0.,0.035000000149011612)));
#3821=IFCINDEXEDPOLYCURVE(#3820,(IFCLINEINDEX((1,2,3,4,1))),$);
#3822=IFCARBITRARYCLOSEDPROFILEDEF(.AREA.,$,#3821);
#3823=IFCCARTESIANPOINT((0.02500000037252903,0.02500000037252903,0.02500000037252903));
#3824=IFCDIRECTION((0.,0.,1.));
#3825=IFCDIRECTION((1.,0.,0.));
#3826=IFCAXIS2PLACEMENT3D(#3823,#3824,#3825);
#3827=IFCDIRECTION((0.,0.,1.));
#3828=IFCEXTRUDEDAREASOLID(#3822,#3826,#3827,1.9499999992549419);
#3829=IFCCARTESIANPOINTLIST2D(((0.,0.),(0.,-0.040000000000000001),(-0.11999999999999988,-0.040000000000000001),(-0.11999999999999988,-0.02),(-0.020000000000000018,-0.02),(-0.020000000000000018,0.)));
#3830=IFCINDEXEDPOLYCURVE(#3829,(IFCLINEINDEX((1,2,3,4,5,6,1))),$);
#3831=IFCARBITRARYCLOSEDPROFILEDEF(.AREA.,$,#3830);
#3832=IFCCARTESIANPOINT((0.67624847851693626,0.02500000037252903,1.015000000372529));
#3833=IFCDIRECTION((0.,0.,1.));
#3834=IFCDIRECTION((1.,0.,0.));
#3835=IFCAXIS2PLACEMENT3D(#3832,#3833,#3834);
#3836=IFCDIRECTION((0.,0.,1.));
#3837=IFCEXTRUDEDAREASOLID(#3831,#3835,#3836,0.02);
#3838=IFCEXTRUDEDAREASOLID(#3839,#3842,#3846,0.02);
#3839=IFCARBITRARYCLOSEDPROFILEDEF(.AREA.,$,#3840);
#3840=IFCINDEXEDPOLYCURVE(#3841,(IFCLINEINDEX((1,2,3,4,5,6,1))),$);
#3841=IFCCARTESIANPOINTLIST2D(((0.,0.),(0.,0.040000000000000008),(-0.11999999999999988,0.040000000000000008),(-0.11999999999999988,0.020000000000000004),(-0.020000000000000018,0.020000000000000004),(-0.020000000000000018,0.)));
#3842=IFCAXIS2PLACEMENT3D(#3843,#3844,#3845);
#3843=IFCCARTESIANPOINT((0.67624847851693626,0.060000000521540642,1.015000000372529));
#3844=IFCDIRECTION((0.,0.,1.));
#3845=IFCDIRECTION((1.,0.,0.));
#3846=IFCDIRECTION((0.,0.,1.));
#3848=IFCSHAPEREPRESENTATION(#11,'Body','SweptSolid',(#4118,#3929,#4028,#3792,#3920,#3801,#4145,#3810,#3783,#3911,#3819,#4019,#4037,#4010,#3902,#4136,#4127));
#3849=IFCSHAPEASPECT((#3848),'Lining',$,.T.,#3594);
#3850=IFCSHAPEREPRESENTATION(#11,'Body','SweptSolid',(#4163,#3938,#4164,#4154,#3837,#4055,#3838,#3947,#3828,#3948,#4046,#4056));
#3851=IFCSHAPEASPECT((#3850),'Framing',$,.T.,#3594);
#3894=IFCCARTESIANPOINTLIST2D(((0.,0.),(0.,2.),(0.75124847888946533,2.),(0.75124847888946533,0.),(0.7262484785169363,0.),(0.7262484785169363,1.974999999627471),(0.02500000037252903,1.974999999627471),(0.02500000037252903,0.)));
#3895=IFCINDEXEDPOLYCURVE(#3894,(IFCLINEINDEX((1,2,3,4,5,6,7,8,1))),$);
#3896=IFCARBITRARYCLOSEDPROFILEDEF(.AREA.,$,#3895);
#3897=IFCCARTESIANPOINT((0.,0.,0.));
#3898=IFCDIRECTION((0.,-1.,0.));
#3899=IFCDIRECTION((1.,0.,0.));
#3900=IFCAXIS2PLACEMENT3D(#3897,#3898,#3899);
#3901=IFCDIRECTION((0.,0.,-1.));
#3902=IFCEXTRUDEDAREASOLID(#3896,#3900,#3901,0.05000000074505806);
#3903=IFCCARTESIANPOINTLIST2D(((0.,0.),(0.70124847814440727,0.),(0.70124847814440727,0.10000000149011612),(0.,0.10000000149011612)));
#3904=IFCINDEXEDPOLYCURVE(#3903,(IFCLINEINDEX((1,2,3,4,1))),$);
#3905=IFCARBITRARYCLOSEDPROFILEDEF(.AREA.,$,#3904);
#3906=IFCCARTESIANPOINT((0.02500000037252903,0.,0.));
#3907=IFCDIRECTION((0.,0.,1.));
#3908=IFCDIRECTION((1.,0.,0.));
#3909=IFCAXIS2PLACEMENT3D(#3906,#3907,#3908);
#3910=IFCDIRECTION((0.,0.,1.));
#3911=IFCEXTRUDEDAREASOLID(#3905,#3909,#3910,0.02500000037252903);
#3912=IFCCARTESIANPOINTLIST2D(((0.,0.),(0.,2.0250000022351742),(0.80124848335981369,2.0250000022351742),(0.80124848335981369,0.),(0.75124848075211048,0.),(0.75124848075211048,1.974999999627471),(0.050000002607703209,1.974999999627471),(0.050000002607703209,0.)));
#3913=IFCINDEXEDPOLYCURVE(#3912,(IFCLINEINDEX((1,2,3,4,5,6,7,8,1))),$);
#3914=IFCARBITRARYCLOSEDPROFILEDEF(.AREA.,$,#3913);
#3915=IFCCARTESIANPOINT((-0.025000002235174179,-0.004999999888241291,0.));
#3916=IFCDIRECTION((0.,-1.,0.));
#3917=IFCDIRECTION((1.,0.,0.));
#3918=IFCAXIS2PLACEMENT3D(#3915,#3916,#3917);
#3919=IFCDIRECTION((0.,0.,-1.));
#3920=IFCEXTRUDEDAREASOLID(#3914,#3918,#3919,0.004999999888241291);
#3921=IFCCARTESIANPOINTLIST2D(((0.,0.),(0.,2.0250000022351742),(0.80124848335981369,2.0250000022351742),(0.80124848335981369,0.),(0.75124848075211048,0.),(0.75124848075211048,1.974999999627471),(0.050000002607703209,1.974999999627471),(0.050000002607703209,0.)));
#3922=IFCINDEXEDPOLYCURVE(#3921,(IFCLINEINDEX((1,2,3,4,5,6,7,8,1))),$);
#3923=IFCARBITRARYCLOSEDPROFILEDEF(.AREA.,$,#3922);
#3924=IFCCARTESIANPOINT((-0.025000002235174179,0.05000000074505806,0.));
#3925=IFCDIRECTION((0.,-1.,0.));
#3926=IFCDIRECTION((1.,0.,0.));
#3927=IFCAXIS2PLACEMENT3D(#3924,#3925,#3926);
#3928=IFCDIRECTION((0.,0.,-1.));
#3929=IFCEXTRUDEDAREASOLID(#3923,#3927,#3928,0.004999999888241291);
#3930=IFCCARTESIANPOINTLIST2D(((0.,0.),(0.70124847814440727,0.),(0.70124847814440727,0.035000000149011612),(0.,0.035000000149011612)));
#3931=IFCINDEXEDPOLYCURVE(#3930,(IFCLINEINDEX((1,2,3,4,1))),$);
#3932=IFCARBITRARYCLOSEDPROFILEDEF(.AREA.,$,#3931);
#3933=IFCCARTESIANPOINT((0.02500000037252903,0.02500000037252903,0.02500000037252903));
#3934=IFCDIRECTION((0.,0.,1.));
#3935=IFCDIRECTION((1.,0.,0.));
#3936=IFCAXIS2PLACEMENT3D(#3933,#3934,#3935);
#3937=IFCDIRECTION((0.,0.,1.));
#3938=IFCEXTRUDEDAREASOLID(#3932,#3936,#3937,1.9499999992549419);
#3939=IFCCARTESIANPOINTLIST2D(((0.,0.),(0.,-0.040000000000000001),(-0.11999999999999988,-0.040000000000000001),(-0.11999999999999988,-0.02),(-0.020000000000000018,-0.02),(-0.020000000000000018,0.)));
#3940=IFCINDEXEDPOLYCURVE(#3939,(IFCLINEINDEX((1,2,3,4,5,6,1))),$);
#3941=IFCARBITRARYCLOSEDPROFILEDEF(.AREA.,$,#3940);
#3942=IFCCARTESIANPOINT((0.67624847851693626,0.02500000037252903,1.015000000372529));
#3943=IFCDIRECTION((0.,0.,1.));
#3944=IFCDIRECTION((1.,0.,0.));
#3945=IFCAXIS2PLACEMENT3D(#3942,#3943,#3944);
#3946=IFCDIRECTION((0.,0.,1.));
#3947=IFCEXTRUDEDAREASOLID(#3941,#3945,#3946,0.02);
#3948=IFCEXTRUDEDAREASOLID(#3949,#3952,#3956,0.02);
#3949=IFCARBITRARYCLOSEDPROFILEDEF(.AREA.,$,#3950);
#3950=IFCINDEXEDPOLYCURVE(#3951,(IFCLINEINDEX((1,2,3,4,5,6,1))),$);
#3951=IFCCARTESIANPOINTLIST2D(((0.,0.),(0.,0.040000000000000008),(-0.11999999999999988,0.040000000000000008),(-0.11999999999999988,0.020000000000000004),(-0.020000000000000018,0.020000000000000004),(-0.020000000000000018,0.)));
#3952=IFCAXIS2PLACEMENT3D(#3953,#3954,#3955);
#3953=IFCCARTESIANPOINT((0.67624847851693626,0.060000000521540642,1.015000000372529));
#3954=IFCDIRECTION((0.,0.,1.));
#3955=IFCDIRECTION((1.,0.,0.));
#3956=IFCDIRECTION((0.,0.,1.));
#4002=IFCCARTESIANPOINTLIST2D(((0.,0.),(0.,2.),(0.70390403270721436,2.),(0.70390403270721436,0.),(0.67890403233468533,0.),(0.67890403233468533,1.974999999627471),(0.02500000037252903,1.974999999627471),(0.02500000037252903,0.)));
#4003=IFCINDEXEDPOLYCURVE(#4002,(IFCLINEINDEX((1,2,3,4,5,6,7,8,1))),$);
#4004=IFCARBITRARYCLOSEDPROFILEDEF(.AREA.,$,#4003);
#4005=IFCCARTESIANPOINT((0.,0.,0.));
#4006=IFCDIRECTION((0.,-1.,0.));
#4007=IFCDIRECTION((1.,0.,0.));
#4008=IFCAXIS2PLACEMENT3D(#4005,#4006,#4007);
#4009=IFCDIRECTION((0.,0.,-1.));
#4010=IFCEXTRUDEDAREASOLID(#4004,#4008,#4009,0.05000000074505806);
#4011=IFCCARTESIANPOINTLIST2D(((0.,0.),(0.6539040319621563,0.),(0.6539040319621563,0.10000000149011612),(0.,0.10000000149011612)));
#4012=IFCINDEXEDPOLYCURVE(#4011,(IFCLINEINDEX((1,2,3,4,1))),$);
#4013=IFCARBITRARYCLOSEDPROFILEDEF(.AREA.,$,#4012);
#4014=IFCCARTESIANPOINT((0.02500000037252903,0.,0.));
#4015=IFCDIRECTION((0.,0.,1.));
#4016=IFCDIRECTION((1.,0.,0.));
#4017=IFCAXIS2PLACEMENT3D(#4014,#4015,#4016);
#4018=IFCDIRECTION((0.,0.,1.));
#4019=IFCEXTRUDEDAREASOLID(#4013,#4017,#4018,0.02500000037252903);
#4020=IFCCARTESIANPOINTLIST2D(((0.,0.),(0.,2.0250000022351742),(0.75390403717756271,2.0250000022351742),(0.75390403717756271,0.),(0.7039040345698595,0.),(0.7039040345698595,1.974999999627471),(0.050000002607703209,1.974999999627471),(0.050000002607703209,0.)));
#4021=IFCINDEXEDPOLYCURVE(#4020,(IFCLINEINDEX((1,2,3,4,5,6,7,8,1))),$);
#4022=IFCARBITRARYCLOSEDPROFILEDEF(.AREA.,$,#4021);
#4023=IFCCARTESIANPOINT((-0.025000002235174179,-0.004999999888241291,0.));
#4024=IFCDIRECTION((0.,-1.,0.));
#4025=IFCDIRECTION((1.,0.,0.));
#4026=IFCAXIS2PLACEMENT3D(#4023,#4024,#4025);
#4027=IFCDIRECTION((0.,0.,-1.));
#4028=IFCEXTRUDEDAREASOLID(#4022,#4026,#4027,0.004999999888241291);
#4029=IFCCARTESIANPOINTLIST2D(((0.,0.),(0.,2.0250000022351742),(0.75390403717756271,2.0250000022351742),(0.75390403717756271,0.),(0.7039040345698595,0.),(0.7039040345698595,1.974999999627471),(0.050000002607703209,1.974999999627471),(0.050000002607703209,0.)));
#4030=IFCINDEXEDPOLYCURVE(#4029,(IFCLINEINDEX((1,2,3,4,5,6,7,8,1))),$);
#4031=IFCARBITRARYCLOSEDPROFILEDEF(.AREA.,$,#4030);
#4032=IFCCARTESIANPOINT((-0.025000002235174179,0.05000000074505806,0.));
#4033=IFCDIRECTION((0.,-1.,0.));
#4034=IFCDIRECTION((1.,0.,0.));
#4035=IFCAXIS2PLACEMENT3D(#4032,#4033,#4034);
#4036=IFCDIRECTION((0.,0.,-1.));
#4037=IFCEXTRUDEDAREASOLID(#4031,#4035,#4036,0.004999999888241291);
#4038=IFCCARTESIANPOINTLIST2D(((0.,0.),(0.6539040319621563,0.),(0.6539040319621563,0.035000000149011612),(0.,0.035000000149011612)));
#4039=IFCINDEXEDPOLYCURVE(#4038,(IFCLINEINDEX((1,2,3,4,1))),$);
#4040=IFCARBITRARYCLOSEDPROFILEDEF(.AREA.,$,#4039);
#4041=IFCCARTESIANPOINT((0.02500000037252903,0.02500000037252903,0.02500000037252903));
#4042=IFCDIRECTION((0.,0.,1.));
#4043=IFCDIRECTION((1.,0.,0.));
#4044=IFCAXIS2PLACEMENT3D(#4041,#4042,#4043);
#4045=IFCDIRECTION((0.,0.,1.));
#4046=IFCEXTRUDEDAREASOLID(#4040,#4044,#4045,1.9499999992549419);
#4047=IFCCARTESIANPOINTLIST2D(((0.,0.),(0.,-0.040000000000000001),(-0.11999999999999988,-0.040000000000000001),(-0.11999999999999988,-0.02),(-0.020000000000000018,-0.02),(-0.020000000000000018,0.)));
#4048=IFCINDEXEDPOLYCURVE(#4047,(IFCLINEINDEX((1,2,3,4,5,6,1))),$);
#4049=IFCARBITRARYCLOSEDPROFILEDEF(.AREA.,$,#4048);
#4050=IFCCARTESIANPOINT((0.62890403233468528,0.02500000037252903,1.015000000372529));
#4051=IFCDIRECTION((0.,0.,1.));
#4052=IFCDIRECTION((1.,0.,0.));
#4053=IFCAXIS2PLACEMENT3D(#4050,#4051,#4052);
#4054=IFCDIRECTION((0.,0.,1.));
#4055=IFCEXTRUDEDAREASOLID(#4049,#4053,#4054,0.02);
#4056=IFCEXTRUDEDAREASOLID(#4057,#4060,#4064,0.02);
#4057=IFCARBITRARYCLOSEDPROFILEDEF(.AREA.,$,#4058);
#4058=IFCINDEXEDPOLYCURVE(#4059,(IFCLINEINDEX((1,2,3,4,5,6,1))),$);
#4059=IFCCARTESIANPOINTLIST2D(((0.,0.),(0.,0.040000000000000008),(-0.11999999999999988,0.040000000000000008),(-0.11999999999999988,0.020000000000000004),(-0.020000000000000018,0.020000000000000004),(-0.020000000000000018,0.)));
#4060=IFCAXIS2PLACEMENT3D(#4061,#4062,#4063);
#4061=IFCCARTESIANPOINT((0.62890403233468528,0.060000000521540642,1.015000000372529));
#4062=IFCDIRECTION((0.,0.,1.));
#4063=IFCDIRECTION((1.,0.,0.));
#4064=IFCDIRECTION((0.,0.,1.));
#4107=IFCCARTESIANPOINTLIST3D(((0.,0.,0.),(0.70390403270721436,0.,0.),(0.70390403270721436,0.,2.),(0.,0.,2.)));
#4108=IFCINDEXEDPOLYCURVE(#4107,(IFCLINEINDEX((1,2,3,4,1))),$);
#4109=IFCSHAPEREPRESENTATION(#18,'Profile','Curve3D',(#4108));
#4110=IFCCARTESIANPOINTLIST2D(((0.,0.),(0.,2.),(0.70390403270721436,2.),(0.70390403270721436,0.),(0.67890403233468533,0.),(0.67890403233468533,1.974999999627471),(0.02500000037252903,1.974999999627471),(0.02500000037252903,0.)));
#4111=IFCINDEXEDPOLYCURVE(#4110,(IFCLINEINDEX((1,2,3,4,5,6,7,8,1))),$);
#4112=IFCARBITRARYCLOSEDPROFILEDEF(.AREA.,$,#4111);
#4113=IFCCARTESIANPOINT((0.,0.,0.));
#4114=IFCDIRECTION((0.,-1.,0.));
#4115=IFCDIRECTION((1.,0.,0.));
#4116=IFCAXIS2PLACEMENT3D(#4113,#4114,#4115);
#4117=IFCDIRECTION((0.,0.,-1.));
#4118=IFCEXTRUDEDAREASOLID(#4112,#4116,#4117,0.05000000074505806);
#4119=IFCCARTESIANPOINTLIST2D(((0.,0.),(0.6539040319621563,0.),(0.6539040319621563,0.10000000149011612),(0.,0.10000000149011612)));
#4120=IFCINDEXEDPOLYCURVE(#4119,(IFCLINEINDEX((1,2,3,4,1))),$);
#4121=IFCARBITRARYCLOSEDPROFILEDEF(.AREA.,$,#4120);
#4122=IFCCARTESIANPOINT((0.02500000037252903,0.,0.));
#4123=IFCDIRECTION((0.,0.,1.));
#4124=IFCDIRECTION((1.,0.,0.));
#4125=IFCAXIS2PLACEMENT3D(#4122,#4123,#4124);
#4126=IFCDIRECTION((0.,0.,1.));
#4127=IFCEXTRUDEDAREASOLID(#4121,#4125,#4126,0.02500000037252903);
#4128=IFCCARTESIANPOINTLIST2D(((0.,0.),(0.,2.0250000022351742),(0.75390403717756271,2.0250000022351742),(0.75390403717756271,0.),(0.7039040345698595,0.),(0.7039040345698595,1.974999999627471),(0.050000002607703209,1.974999999627471),(0.050000002607703209,0.)));
#4129=IFCINDEXEDPOLYCURVE(#4128,(IFCLINEINDEX((1,2,3,4,5,6,7,8,1))),$);
#4130=IFCARBITRARYCLOSEDPROFILEDEF(.AREA.,$,#4129);
#4131=IFCCARTESIANPOINT((-0.025000002235174179,-0.004999999888241291,0.));
#4132=IFCDIRECTION((0.,-1.,0.));
#4133=IFCDIRECTION((1.,0.,0.));
#4134=IFCAXIS2PLACEMENT3D(#4131,#4132,#4133);
#4135=IFCDIRECTION((0.,0.,-1.));
#4136=IFCEXTRUDEDAREASOLID(#4130,#4134,#4135,0.004999999888241291);
#4137=IFCCARTESIANPOINTLIST2D(((0.,0.),(0.,2.0250000022351742),(0.75390403717756271,2.0250000022351742),(0.75390403717756271,0.),(0.7039040345698595,0.),(0.7039040345698595,1.974999999627471),(0.050000002607703209,1.974999999627471),(0.050000002607703209,0.)));
#4138=IFCINDEXEDPOLYCURVE(#4137,(IFCLINEINDEX((1,2,3,4,5,6,7,8,1))),$);
#4139=IFCARBITRARYCLOSEDPROFILEDEF(.AREA.,$,#4138);
#4140=IFCCARTESIANPOINT((-0.025000002235174179,0.05000000074505806,0.));
#4141=IFCDIRECTION((0.,-1.,0.));
#4142=IFCDIRECTION((1.,0.,0.));
#4143=IFCAXIS2PLACEMENT3D(#4140,#4141,#4142);
#4144=IFCDIRECTION((0.,0.,-1.));
#4145=IFCEXTRUDEDAREASOLID(#4139,#4143,#4144,0.004999999888241291);
#4146=IFCCARTESIANPOINTLIST2D(((0.,0.),(0.6539040319621563,0.),(0.6539040319621563,0.035000000149011612),(0.,0.035000000149011612)));
#4147=IFCINDEXEDPOLYCURVE(#4146,(IFCLINEINDEX((1,2,3,4,1))),$);
#4148=IFCARBITRARYCLOSEDPROFILEDEF(.AREA.,$,#4147);
#4149=IFCCARTESIANPOINT((0.02500000037252903,0.02500000037252903,0.02500000037252903));
#4150=IFCDIRECTION((0.,0.,1.));
#4151=IFCDIRECTION((1.,0.,0.));
#4152=IFCAXIS2PLACEMENT3D(#4149,#4150,#4151);
#4153=IFCDIRECTION((0.,0.,1.));
#4154=IFCEXTRUDEDAREASOLID(#4148,#4152,#4153,1.9499999992549419);
#4155=IFCCARTESIANPOINTLIST2D(((0.,0.),(0.,-0.040000000000000001),(-0.11999999999999988,-0.040000000000000001),(-0.11999999999999988,-0.02),(-0.020000000000000018,-0.02),(-0.020000000000000018,0.)));
#4156=IFCINDEXEDPOLYCURVE(#4155,(IFCLINEINDEX((1,2,3,4,5,6,1))),$);
#4157=IFCARBITRARYCLOSEDPROFILEDEF(.AREA.,$,#4156);
#4158=IFCCARTESIANPOINT((0.62890403233468528,0.02500000037252903,1.015000000372529));
#4159=IFCDIRECTION((0.,0.,1.));
#4160=IFCDIRECTION((1.,0.,0.));
#4161=IFCAXIS2PLACEMENT3D(#4158,#4159,#4160);
#4162=IFCDIRECTION((0.,0.,1.));
#4163=IFCEXTRUDEDAREASOLID(#4157,#4161,#4162,0.02);
#4164=IFCEXTRUDEDAREASOLID(#4165,#4168,#4172,0.02);
#4165=IFCARBITRARYCLOSEDPROFILEDEF(.AREA.,$,#4166);
#4166=IFCINDEXEDPOLYCURVE(#4167,(IFCLINEINDEX((1,2,3,4,5,6,1))),$);
#4167=IFCCARTESIANPOINTLIST2D(((0.,0.),(0.,0.040000000000000008),(-0.11999999999999988,0.040000000000000008),(-0.11999999999999988,0.020000000000000004),(-0.020000000000000018,0.020000000000000004),(-0.020000000000000018,0.)));
#4168=IFCAXIS2PLACEMENT3D(#4169,#4170,#4171);
#4169=IFCCARTESIANPOINT((0.62890403233468528,0.060000000521540642,1.015000000372529));
#4170=IFCDIRECTION((0.,0.,1.));
#4171=IFCDIRECTION((1.,0.,0.));
#4172=IFCDIRECTION((0.,0.,1.));
#4173=IFCSHAPEREPRESENTATION(#11,'Body','SweptSolid',(#4118,#4154,#4163,#4164,#4127,#4136,#4145));
#4174=IFCCARTESIANPOINTLIST2D(((0.,0.),(0.02500000037252903,0.),(0.02500000037252903,0.05000000074505806),(0.,0.05000000074505806)));
#4175=IFCINDEXEDPOLYCURVE(#4174,(IFCLINEINDEX((1,2,3,4,1))),$);
#4176=IFCINDEXEDPOLYCURVE(#4177,(IFCLINEINDEX((1,2,3,4,1))),$);
#4177=IFCCARTESIANPOINTLIST2D(((0.70390403270721436,0.),(0.67890403233468533,0.),(0.67890403233468533,0.05000000074505806),(0.70390403270721436,0.05000000074505806)));
#4178=IFCCARTESIANPOINTLIST2D(((0.02500000037252903,0.05000000074505806),(0.02500000037252903,-0.60390403121709824),(0.060000000521540642,-0.60390403121709824)));
#4179=IFCINDEXEDPOLYCURVE(#4178,$,$);
#4180=IFCDIRECTION((1.,0.));
#4181=IFCCARTESIANPOINT((0.060000000521540642,0.05000000074505806));
#4182=IFCAXIS2PLACEMENT2D(#4181,#4180);
#4183=IFCELLIPSE(#4182,0.61890403181314468,0.6539040319621563);
#4184=IFCCARTESIANPOINT((0.060000000521540642,-0.60390403121709824));
#4185=IFCCARTESIANPOINT((0.060000000521540642,0.70390403270721436));
#4186=IFCTRIMMEDCURVE(#4183,(#4184),(#4185),.T.,.CARTESIAN.);
#4187=IFCCARTESIANPOINTLIST2D(((0.02500000037252903,0.05000000074505806),(0.060000000521540642,0.05000000074505806),(0.060000000521540642,0.70390403270721436),(0.02500000037252903,0.70390403270721436)));
#4188=IFCINDEXEDPOLYCURVE(#4187,(IFCLINEINDEX((1,2,3,4,1))),$);
#4189=IFCSHAPEREPRESENTATION(#24,'Body','Curve2D',(#4175,#4176,#4179,#4186,#4188));
#4190=IFCCARTESIANPOINTLIST2D(((0.,0.),(0.70390403270721436,0.),(0.70390403270721436,2.),(0.,2.)));
#4191=IFCINDEXEDPOLYCURVE(#4190,(IFCLINEINDEX((1,2,3,4,1))),$);
#4192=IFCARBITRARYCLOSEDPROFILEDEF(.AREA.,$,#4191);
#4193=IFCCARTESIANPOINT((0.,-0.60000002384185791,0.));
#4194=IFCDIRECTION((0.,-1.,0.));
#4195=IFCDIRECTION((1.,0.,0.));
#4196=IFCAXIS2PLACEMENT3D(#4193,#4194,#4195);
#4197=IFCDIRECTION((0.,0.,-1.));
#4198=IFCEXTRUDEDAREASOLID(#4192,#4196,#4197,1.2);
#4199=IFCSHAPEREPRESENTATION(#11,'Body','SweptSolid',(#4198));
#4205=IFCCARTESIANPOINT((0.082215306222459983,0.015000001702796251,0.));
#4206=IFCDIRECTION((0.,0.,1.));
#4207=IFCDIRECTION((0.99999999999999289,-1.1920928955077312E-07,0.));
#4208=IFCAXIS2PLACEMENT3D(#4205,#4206,#4207);
#4209=IFCLOCALPLACEMENT(#1608,#4208);
#4210=IFCCARTESIANPOINT((0.,0.,0.));
#4211=IFCDIRECTION((0.,0.,1.));
#4212=IFCDIRECTION((1.,0.,0.));
#4213=IFCAXIS2PLACEMENT3D(#4210,#4211,#4212);
#4214=IFCLOCALPLACEMENT(#4209,#4213);
#4215=IFCDOORTYPE('2B9C2V9MrDGO6KbudEm384',$,'Main-GF',$,$,(#4216),(#4218,#4226,#4295),$,$,.DOOR.,.SINGLE_SWING_LEFT.,$,$);
#4216=IFCPROPERTYSET('2hIkY6Pxn4qRJDh6ByPaNn',$,'BBIM_Door',$,(#4217));
#4217=IFCPROPERTYSINGLEVALUE('Data',$,IFCTEXT('{"door_type": "SINGLE_SWING_LEFT", "overall_height": 2.0, "overall_width": 0.8999999165534973, "lining_properties": {"lining_depth": 0.05000000074505806, "lining_thickness": 0.05000000074505806, "lining_offset": 0.0, "lining_to_panel_offset_x": 0.02500000037252903, "lining_to_panel_offset_y": 0.02500000037252903, "transom_thickness": 0.0, "casing_thickness": 0.07500000298023224, "casing_depth": 0.004999999888241291, "threshold_thickness": 0.02500000037252903, "threshold_depth": 0.10000000149011612, "threshold_offset": 0.0}, "panel_properties": {"panel_depth": 0.03500000014901161, "panel_width_ratio": 1.0}}'),$);
#4218=IFCREPRESENTATIONMAP(#4219,#6003);
#4219=IFCAXIS2PLACEMENT3D(#4220,#4221,#4222);
#4220=IFCCARTESIANPOINT((0.,0.,0.));
#4221=IFCDIRECTION((0.,0.,1.));
#4222=IFCDIRECTION((1.,0.,0.));
#4226=IFCREPRESENTATIONMAP(#4227,#6076);
#4227=IFCAXIS2PLACEMENT3D(#4228,#4229,#4230);
#4228=IFCCARTESIANPOINT((0.,0.,0.));
#4229=IFCDIRECTION((0.,0.,1.));
#4230=IFCDIRECTION((1.,0.,0.));
#4295=IFCREPRESENTATIONMAP(#4296,#6090);
#4296=IFCAXIS2PLACEMENT3D(#4297,#4298,#4299);
#4297=IFCCARTESIANPOINT((0.,0.,0.));
#4298=IFCDIRECTION((0.,0.,1.));
#4299=IFCDIRECTION((1.,0.,0.));
#4316=IFCDOOR('2t0gi1YSX64wZFng7QujjX',$,'Door',$,$,#5047,#4326,$,2.,0.89999991655349731,$,.DOUBLE_DOOR_SINGLE_SWING.,$);
#4318=IFCRELDEFINESBYTYPE('12cEUft8D8qwl_$CYdBgyz',$,$,$,(#4316,#5114),#4215);
#4319=IFCCARTESIANPOINT((0.,0.,0.));
#4320=IFCDIRECTION((1.,0.,0.));
#4321=IFCDIRECTION((0.,1.,0.));
#4322=IFCDIRECTION((0.,0.,1.));
#4323=IFCCARTESIANTRANSFORMATIONOPERATOR3D(#4320,#4321,#4319,1.,#4322);
#4324=IFCMAPPEDITEM(#4218,#4323);
#4325=IFCSHAPEREPRESENTATION(#18,'Profile','MappedRepresentation',(#4324));
#4326=IFCPRODUCTDEFINITIONSHAPE($,$,(#4325,#4333,#4340));
#4327=IFCCARTESIANPOINT((0.,0.,0.));
#4328=IFCDIRECTION((1.,0.,0.));
#4329=IFCDIRECTION((0.,1.,0.));
#4330=IFCDIRECTION((0.,0.,1.));
#4331=IFCCARTESIANTRANSFORMATIONOPERATOR3D(#4328,#4329,#4327,1.,#4330);
#4332=IFCMAPPEDITEM(#4226,#4331);
#4333=IFCSHAPEREPRESENTATION(#11,'Body','MappedRepresentation',(#4332));
#4334=IFCCARTESIANPOINT((0.,0.,0.));
#4335=IFCDIRECTION((1.,0.,0.));
#4336=IFCDIRECTION((0.,1.,0.));
#4337=IFCDIRECTION((0.,0.,1.));
#4338=IFCCARTESIANTRANSFORMATIONOPERATOR3D(#4335,#4336,#4334,1.,#4337);
#4339=IFCMAPPEDITEM(#4295,#4338);
#4340=IFCSHAPEREPRESENTATION(#24,'Body','MappedRepresentation',(#4339));
#4341=IFCOPENINGELEMENT('3sqXYduZ1DK8yrIIJ5jhi6',$,'Opening',$,$,#5042,#4369,$,.OPENING.);
#4357=IFCCARTESIANPOINT((0.,0.,0.));
#4358=IFCDIRECTION((1.,0.,0.));
#4359=IFCDIRECTION((0.,0.,1.));
#4360=IFCAXIS2PLACEMENT3D(#4357,#4359,#4358);
#4361=IFCREPRESENTATIONMAP(#4360,#6100);
#4362=IFCCARTESIANPOINT((0.,0.,0.));
#4363=IFCDIRECTION((1.,0.,0.));
#4364=IFCDIRECTION((0.,1.,0.));
#4365=IFCDIRECTION((0.,0.,1.));
#4366=IFCCARTESIANTRANSFORMATIONOPERATOR3D(#4363,#4364,#4362,1.,#4365);
#4367=IFCMAPPEDITEM(#4361,#4366);
#4368=IFCSHAPEREPRESENTATION(#11,'Body','MappedRepresentation',(#4367));
#4369=IFCPRODUCTDEFINITIONSHAPE($,$,(#4368));
#4370=IFCRELVOIDSELEMENT('1HzwkR_ELE6uhoEs7UDmG0',$,$,$,#231,#4341);
#4376=IFCRELFILLSELEMENT('1h9IZz8qH4vB8j9YcZByNo',$,$,$,#4341,#4316);
#4385=IFCCARTESIANPOINTLIST2D(((0.,0.),(0.,2.),(0.89999991655349731,2.),(0.89999991655349731,0.),(0.87499991618096828,0.),(0.87499991618096828,1.974999999627471),(0.02500000037252903,1.974999999627471),(0.02500000037252903,0.)));
#4386=IFCINDEXEDPOLYCURVE(#4385,(IFCLINEINDEX((1,2,3,4,5,6,7,8,1))),$);
#4387=IFCARBITRARYCLOSEDPROFILEDEF(.AREA.,$,#4386);
#4388=IFCCARTESIANPOINT((0.,0.,0.));
#4389=IFCDIRECTION((0.,-1.,0.));
#4390=IFCDIRECTION((1.,0.,0.));
#4391=IFCAXIS2PLACEMENT3D(#4388,#4389,#4390);
#4392=IFCDIRECTION((0.,0.,-1.));
#4393=IFCEXTRUDEDAREASOLID(#4387,#4391,#4392,0.05000000074505806);
#4394=IFCCARTESIANPOINTLIST2D(((0.,0.),(0.84999991580843925,0.),(0.84999991580843925,0.10000000149011612),(0.,0.10000000149011612)));
#4395=IFCINDEXEDPOLYCURVE(#4394,(IFCLINEINDEX((1,2,3,4,1))),$);
#4396=IFCARBITRARYCLOSEDPROFILEDEF(.AREA.,$,#4395);
#4397=IFCCARTESIANPOINT((0.02500000037252903,0.,0.));
#4398=IFCDIRECTION((0.,0.,1.));
#4399=IFCDIRECTION((1.,0.,0.));
#4400=IFCAXIS2PLACEMENT3D(#4397,#4398,#4399);
#4401=IFCDIRECTION((0.,0.,1.));
#4402=IFCEXTRUDEDAREASOLID(#4396,#4400,#4401,0.02500000037252903);
#4403=IFCCARTESIANPOINTLIST2D(((0.,0.),(0.,2.0250000022351742),(0.94999992102384567,2.0250000022351742),(0.94999992102384567,0.),(0.89999991841614246,0.),(0.89999991841614246,1.974999999627471),(0.050000002607703209,1.974999999627471),(0.050000002607703209,0.)));
#4404=IFCINDEXEDPOLYCURVE(#4403,(IFCLINEINDEX((1,2,3,4,5,6,7,8,1))),$);
#4405=IFCARBITRARYCLOSEDPROFILEDEF(.AREA.,$,#4404);
#4406=IFCCARTESIANPOINT((-0.025000002235174179,-0.004999999888241291,0.));
#4407=IFCDIRECTION((0.,-1.,0.));
#4408=IFCDIRECTION((1.,0.,0.));
#4409=IFCAXIS2PLACEMENT3D(#4406,#4407,#4408);
#4410=IFCDIRECTION((0.,0.,-1.));
#4411=IFCEXTRUDEDAREASOLID(#4405,#4409,#4410,0.004999999888241291);
#4412=IFCCARTESIANPOINTLIST2D(((0.,0.),(0.,2.0250000022351742),(0.94999992102384567,2.0250000022351742),(0.94999992102384567,0.),(0.89999991841614246,0.),(0.89999991841614246,1.974999999627471),(0.050000002607703209,1.974999999627471),(0.050000002607703209,0.)));
#4413=IFCINDEXEDPOLYCURVE(#4412,(IFCLINEINDEX((1,2,3,4,5,6,7,8,1))),$);
#4414=IFCARBITRARYCLOSEDPROFILEDEF(.AREA.,$,#4413);
#4415=IFCCARTESIANPOINT((-0.025000002235174179,0.05000000074505806,0.));
#4416=IFCDIRECTION((0.,-1.,0.));
#4417=IFCDIRECTION((1.,0.,0.));
#4418=IFCAXIS2PLACEMENT3D(#4415,#4416,#4417);
#4419=IFCDIRECTION((0.,0.,-1.));
#4420=IFCEXTRUDEDAREASOLID(#4414,#4418,#4419,0.004999999888241291);
#4421=IFCCARTESIANPOINTLIST2D(((0.,0.),(0.84999991580843925,0.),(0.84999991580843925,0.035000000149011612),(0.,0.035000000149011612)));
#4422=IFCINDEXEDPOLYCURVE(#4421,(IFCLINEINDEX((1,2,3,4,1))),$);
#4423=IFCARBITRARYCLOSEDPROFILEDEF(.AREA.,$,#4422);
#4424=IFCCARTESIANPOINT((0.02500000037252903,0.02500000037252903,0.02500000037252903));
#4425=IFCDIRECTION((0.,0.,1.));
#4426=IFCDIRECTION((1.,0.,0.));
#4427=IFCAXIS2PLACEMENT3D(#4424,#4425,#4426);
#4428=IFCDIRECTION((0.,0.,1.));
#4429=IFCEXTRUDEDAREASOLID(#4423,#4427,#4428,1.9499999992549419);
#4430=IFCCARTESIANPOINTLIST2D(((0.,0.),(0.,-0.040000000000000001),(-0.11999999999999988,-0.040000000000000001),(-0.11999999999999988,-0.02),(-0.020000000000000018,-0.02),(-0.020000000000000018,0.)));
#4431=IFCINDEXEDPOLYCURVE(#4430,(IFCLINEINDEX((1,2,3,4,5,6,1))),$);
#4432=IFCARBITRARYCLOSEDPROFILEDEF(.AREA.,$,#4431);
#4433=IFCCARTESIANPOINT((0.82499991618096824,0.02500000037252903,1.015000000372529));
#4434=IFCDIRECTION((0.,0.,1.));
#4435=IFCDIRECTION((1.,0.,0.));
#4436=IFCAXIS2PLACEMENT3D(#4433,#4434,#4435);
#4437=IFCDIRECTION((0.,0.,1.));
#4438=IFCEXTRUDEDAREASOLID(#4432,#4436,#4437,0.02);
#4439=IFCEXTRUDEDAREASOLID(#4440,#4443,#4447,0.02);
#4440=IFCARBITRARYCLOSEDPROFILEDEF(.AREA.,$,#4441);
#4441=IFCINDEXEDPOLYCURVE(#4442,(IFCLINEINDEX((1,2,3,4,5,6,1))),$);
#4442=IFCCARTESIANPOINTLIST2D(((0.,0.),(0.,0.040000000000000008),(-0.11999999999999988,0.040000000000000008),(-0.11999999999999988,0.020000000000000004),(-0.020000000000000018,0.020000000000000004),(-0.020000000000000018,0.)));
#4443=IFCAXIS2PLACEMENT3D(#4444,#4445,#4446);
#4444=IFCCARTESIANPOINT((0.82499991618096824,0.060000000521540642,1.015000000372529));
#4445=IFCDIRECTION((0.,0.,1.));
#4446=IFCDIRECTION((1.,0.,0.));
#4447=IFCDIRECTION((0.,0.,1.));
#4449=IFCSHAPEREPRESENTATION(#11,'Body','SweptSolid',(#4393,#4402,#4420,#4411));
#4450=IFCSHAPEASPECT((#4449),'Lining',$,.T.,#4326);
#4451=IFCSHAPEREPRESENTATION(#11,'Body','SweptSolid',(#4438,#4439,#4429));
#4452=IFCSHAPEASPECT((#4451),'Framing',$,.T.,#4326);
#4796=IFCDOORTYPE('3dQkTvFIP1zfHpxHIXtx2G',$,'Maids-GF',$,$,(#4797),(#4799,#4807,#4876,#5529),$,$,.DOOR.,.SINGLE_SWING_LEFT.,$,$);
#4797=IFCPROPERTYSET('1a6V5sI7L6qvj4ISshn9w7',$,'BBIM_Door',$,(#4798));
#4798=IFCPROPERTYSINGLEVALUE('Data',$,IFCTEXT('{"door_type": "SLIDING_TO_RIGHT", "overall_height": 2.0, "overall_width": 1.3273653984069824, "lining_properties": {"lining_depth": 0.05000000074505806, "lining_thickness": 0.05000000074505806, "lining_offset": 0.0, "transom_thickness": 0.0, "casing_thickness": 0.07500000298023224, "casing_depth": 0.004999999888241291, "threshold_thickness": 0.02500000037252903, "threshold_depth": 0.10000000149011612, "threshold_offset": 0.0}, "panel_properties": {"panel_depth": 0.03500000014901161, "panel_width_ratio": 1.0}}'),$);
#4799=IFCREPRESENTATIONMAP(#4800,#6677);
#4800=IFCAXIS2PLACEMENT3D(#4801,#4802,#4803);
#4801=IFCCARTESIANPOINT((0.,0.,0.));
#4802=IFCDIRECTION((0.,0.,1.));
#4803=IFCDIRECTION((1.,0.,0.));
#4807=IFCREPRESENTATIONMAP(#4808,#6741);
#4808=IFCAXIS2PLACEMENT3D(#4809,#4810,#4811);
#4809=IFCCARTESIANPOINT((0.,0.,0.));
#4810=IFCDIRECTION((0.,0.,1.));
#4811=IFCDIRECTION((1.,0.,0.));
#4876=IFCREPRESENTATIONMAP(#4877,#6748);
#4877=IFCAXIS2PLACEMENT3D(#4878,#4879,#4880);
#4878=IFCCARTESIANPOINT((0.,0.,0.));
#4879=IFCDIRECTION((0.,0.,1.));
#4880=IFCDIRECTION((1.,0.,0.));
#5038=IFCCARTESIANPOINT((0.3442300292245824,0.015000343322753906,0.));
#5039=IFCDIRECTION((0.,0.,1.));
#5040=IFCDIRECTION((0.99999999999997158,-2.3841857910155572E-07,0.));
#5041=IFCAXIS2PLACEMENT3D(#5038,#5039,#5040);
#5042=IFCLOCALPLACEMENT(#2261,#5041);
#5043=IFCCARTESIANPOINT((2.2204460492503131E-16,0.,0.));
#5044=IFCDIRECTION((0.,0.,1.));
#5045=IFCDIRECTION((1.,0.,0.));
#5046=IFCAXIS2PLACEMENT3D(#5043,#5044,#5045);
#5047=IFCLOCALPLACEMENT(#5042,#5046);
#5048=IFCDOOR('1OxEt4kY10luJam_IlhW_D',$,'Door',$,$,#6778,#5058,$,2.,1.3273653984069824,$,.SLIDING_TO_RIGHT.,$);
#5050=IFCRELDEFINESBYTYPE('18hm1jRpL3z96K_U3vvAdt',$,$,$,(#5048,#6495),#4796);
#5051=IFCCARTESIANPOINT((0.,0.,0.));
#5052=IFCDIRECTION((1.,0.,0.));
#5053=IFCDIRECTION((0.,1.,0.));
#5054=IFCDIRECTION((0.,0.,1.));
#5055=IFCCARTESIANTRANSFORMATIONOPERATOR3D(#5052,#5053,#5051,1.,#5054);
#5056=IFCMAPPEDITEM(#4799,#5055);
#5057=IFCSHAPEREPRESENTATION(#18,'Profile','MappedRepresentation',(#5056));
#5058=IFCPRODUCTDEFINITIONSHAPE($,$,(#5057,#5065,#5072,#5536));
#5059=IFCCARTESIANPOINT((0.,0.,0.));
#5060=IFCDIRECTION((1.,0.,0.));
#5061=IFCDIRECTION((0.,1.,0.));
#5062=IFCDIRECTION((0.,0.,1.));
#5063=IFCCARTESIANTRANSFORMATIONOPERATOR3D(#5060,#5061,#5059,1.,#5062);
#5064=IFCMAPPEDITEM(#4807,#5063);
#5065=IFCSHAPEREPRESENTATION(#11,'Body','MappedRepresentation',(#5064));
#5066=IFCCARTESIANPOINT((0.,0.,0.));
#5067=IFCDIRECTION((1.,0.,0.));
#5068=IFCDIRECTION((0.,1.,0.));
#5069=IFCDIRECTION((0.,0.,1.));
#5070=IFCCARTESIANTRANSFORMATIONOPERATOR3D(#5067,#5068,#5066,1.,#5069);
#5071=IFCMAPPEDITEM(#4876,#5070);
#5072=IFCSHAPEREPRESENTATION(#24,'Body','MappedRepresentation',(#5071));
#5073=IFCOPENINGELEMENT('3GhGSUGzX2SRdt_bs9WFUI',$,'Opening',$,$,#6773,#5101,$,.OPENING.);
#5089=IFCCARTESIANPOINT((0.,0.,0.));
#5090=IFCDIRECTION((1.,0.,0.));
#5091=IFCDIRECTION((0.,0.,1.));
#5092=IFCAXIS2PLACEMENT3D(#5089,#5091,#5090);
#5093=IFCREPRESENTATIONMAP(#5092,#6763);
#5094=IFCCARTESIANPOINT((0.,0.,0.));
#5095=IFCDIRECTION((1.,0.,0.));
#5096=IFCDIRECTION((0.,1.,0.));
#5097=IFCDIRECTION((0.,0.,1.));
#5098=IFCCARTESIANTRANSFORMATIONOPERATOR3D(#5095,#5096,#5094,1.,#5097);
#5099=IFCMAPPEDITEM(#5093,#5098);
#5100=IFCSHAPEREPRESENTATION(#11,'Body','MappedRepresentation',(#5099));
#5101=IFCPRODUCTDEFINITIONSHAPE($,$,(#5100));
#5102=IFCRELVOIDSELEMENT('2mRIZjvKDCeRwnGV6WYLjx',$,$,$,#1661,#5073);
#5108=IFCRELFILLSELEMENT('3E_O6Cxa18bRs7RxNpi_sF',$,$,$,#5073,#5048);
#5114=IFCDOOR('2G9lCqyZn3vhGc_dObnwoq',$,'Door',$,$,#6115,#5123,$,2.,0.89999991655349731,$,.SINGLE_SWING_LEFT.,$);
#5116=IFCCARTESIANPOINT((0.,0.,0.));
#5117=IFCDIRECTION((1.,0.,0.));
#5118=IFCDIRECTION((0.,1.,0.));
#5119=IFCDIRECTION((0.,0.,1.));
#5120=IFCCARTESIANTRANSFORMATIONOPERATOR3D(#5117,#5118,#5116,1.,#5119);
#5121=IFCMAPPEDITEM(#4218,#5120);
#5122=IFCSHAPEREPRESENTATION(#18,'Profile','MappedRepresentation',(#5121));
#5123=IFCPRODUCTDEFINITIONSHAPE($,$,(#5122,#5130,#5137));
#5124=IFCCARTESIANPOINT((0.,0.,0.));
#5125=IFCDIRECTION((1.,0.,0.));
#5126=IFCDIRECTION((0.,1.,0.));
#5127=IFCDIRECTION((0.,0.,1.));
#5128=IFCCARTESIANTRANSFORMATIONOPERATOR3D(#5125,#5126,#5124,1.,#5127);
#5129=IFCMAPPEDITEM(#4226,#5128);
#5130=IFCSHAPEREPRESENTATION(#11,'Body','MappedRepresentation',(#5129));
#5131=IFCCARTESIANPOINT((0.,0.,0.));
#5132=IFCDIRECTION((1.,0.,0.));
#5133=IFCDIRECTION((0.,1.,0.));
#5134=IFCDIRECTION((0.,0.,1.));
#5135=IFCCARTESIANTRANSFORMATIONOPERATOR3D(#5132,#5133,#5131,1.,#5134);
#5136=IFCMAPPEDITEM(#4295,#5135);
#5137=IFCSHAPEREPRESENTATION(#24,'Body','MappedRepresentation',(#5136));
#5138=IFCOPENINGELEMENT('1UVAcwvTnFW9mplng7YMQI',$,'Opening',$,$,#6110,#5151,$,.OPENING.);
#5144=IFCCARTESIANPOINT((0.,0.,0.));
#5145=IFCDIRECTION((1.,0.,0.));
#5146=IFCDIRECTION((0.,1.,0.));
#5147=IFCDIRECTION((0.,0.,1.));
#5148=IFCCARTESIANTRANSFORMATIONOPERATOR3D(#5145,#5146,#5144,1.,#5147);
#5149=IFCMAPPEDITEM(#4361,#5148);
#5150=IFCSHAPEREPRESENTATION(#11,'Body','MappedRepresentation',(#5149));
#5151=IFCPRODUCTDEFINITIONSHAPE($,$,(#5150));
#5152=IFCRELVOIDSELEMENT('3XFrZ$uCr0D8yDqZvxRBoH',$,$,$,#231,#5138);
#5158=IFCRELFILLSELEMENT('30$XJU_bz82w9UhwVWDl$o',$,$,$,#5138,#5114);
#5267=IFCSHAPEREPRESENTATION(#11,'Body','SweptSolid',(#5600,#5348,#5820,#5591,#5339,#5811,#5330,#6039,#5582,#6030,#5829,#5573,#5793,#5802,#6021,#6012,#6048,#5609,#5357));
#5268=IFCSHAPEASPECT((#5267),'Lining',$,.T.,#5123);
#5269=IFCSHAPEREPRESENTATION(#11,'Body','SweptSolid',(#5838,#5627,#5375,#5628,#5376,#5618,#5848,#6066,#6067,#6057,#5366,#5847));
#5270=IFCSHAPEASPECT((#5269),'Framing',$,.T.,#5123);
#5322=IFCCARTESIANPOINTLIST2D(((0.,0.),(0.,2.),(0.89999991655349731,2.),(0.89999991655349731,0.),(0.84999991580843925,0.),(0.84999991580843925,1.9499999992549419),(0.05000000074505806,1.9499999992549419),(0.05000000074505806,0.)));
#5323=IFCINDEXEDPOLYCURVE(#5322,(IFCLINEINDEX((1,2,3,4,5,6,7,8,1))),$);
#5324=IFCARBITRARYCLOSEDPROFILEDEF(.AREA.,$,#5323);
#5325=IFCCARTESIANPOINT((0.,0.,0.));
#5326=IFCDIRECTION((0.,-1.,0.));
#5327=IFCDIRECTION((1.,0.,0.));
#5328=IFCAXIS2PLACEMENT3D(#5325,#5326,#5327);
#5329=IFCDIRECTION((0.,0.,-1.));
#5330=IFCEXTRUDEDAREASOLID(#5324,#5328,#5329,0.05000000074505806);
#5331=IFCCARTESIANPOINTLIST2D(((0.,0.),(0.7999999150633812,0.),(0.7999999150633812,0.10000000149011612),(0.,0.10000000149011612)));
#5332=IFCINDEXEDPOLYCURVE(#5331,(IFCLINEINDEX((1,2,3,4,1))),$);
#5333=IFCARBITRARYCLOSEDPROFILEDEF(.AREA.,$,#5332);
#5334=IFCCARTESIANPOINT((0.05000000074505806,0.,0.));
#5335=IFCDIRECTION((0.,0.,1.));
#5336=IFCDIRECTION((1.,0.,0.));
#5337=IFCAXIS2PLACEMENT3D(#5334,#5335,#5336);
#5338=IFCDIRECTION((0.,0.,1.));
#5339=IFCEXTRUDEDAREASOLID(#5333,#5337,#5338,0.02500000037252903);
#5340=IFCCARTESIANPOINTLIST2D(((0.,0.),(0.,2.0250000022351742),(0.94999992102384567,2.0250000022351742),(0.94999992102384567,0.),(0.87499991804361343,0.),(0.87499991804361343,1.9499999992549419),(0.075000002980232239,1.9499999992549419),(0.075000002980232239,0.)));
#5341=IFCINDEXEDPOLYCURVE(#5340,(IFCLINEINDEX((1,2,3,4,5,6,7,8,1))),$);
#5342=IFCARBITRARYCLOSEDPROFILEDEF(.AREA.,$,#5341);
#5343=IFCCARTESIANPOINT((-0.025000002235174179,-0.004999999888241291,0.));
#5344=IFCDIRECTION((0.,-1.,0.));
#5345=IFCDIRECTION((1.,0.,0.));
#5346=IFCAXIS2PLACEMENT3D(#5343,#5344,#5345);
#5347=IFCDIRECTION((0.,0.,-1.));
#5348=IFCEXTRUDEDAREASOLID(#5342,#5346,#5347,0.004999999888241291);
#5349=IFCCARTESIANPOINTLIST2D(((0.,0.),(0.,2.0250000022351742),(0.94999992102384567,2.0250000022351742),(0.94999992102384567,0.),(0.87499991804361343,0.),(0.87499991804361343,1.9499999992549419),(0.075000002980232239,1.9499999992549419),(0.075000002980232239,0.)));
#5350=IFCINDEXEDPOLYCURVE(#5349,(IFCLINEINDEX((1,2,3,4,5,6,7,8,1))),$);
#5351=IFCARBITRARYCLOSEDPROFILEDEF(.AREA.,$,#5350);
#5352=IFCCARTESIANPOINT((-0.025000002235174179,0.05000000074505806,0.));
#5353=IFCDIRECTION((0.,-1.,0.));
#5354=IFCDIRECTION((1.,0.,0.));
#5355=IFCAXIS2PLACEMENT3D(#5352,#5353,#5354);
#5356=IFCDIRECTION((0.,0.,-1.));
#5357=IFCEXTRUDEDAREASOLID(#5351,#5355,#5356,0.004999999888241291);
#5358=IFCCARTESIANPOINTLIST2D(((0.,0.),(0.7999999150633812,0.),(0.7999999150633812,0.035000000149011612),(0.,0.035000000149011612)));
#5359=IFCINDEXEDPOLYCURVE(#5358,(IFCLINEINDEX((1,2,3,4,1))),$);
#5360=IFCARBITRARYCLOSEDPROFILEDEF(.AREA.,$,#5359);
#5361=IFCCARTESIANPOINT((0.05000000074505806,-0.035000000149011612,0.02500000037252903));
#5362=IFCDIRECTION((0.,0.,1.));
#5363=IFCDIRECTION((1.,0.,0.));
#5364=IFCAXIS2PLACEMENT3D(#5361,#5362,#5363);
#5365=IFCDIRECTION((0.,0.,1.));
#5366=IFCEXTRUDEDAREASOLID(#5360,#5364,#5365,1.9249999988824129);
#5367=IFCCARTESIANPOINTLIST2D(((0.,0.),(0.,-0.040000000000000008),(-0.11999999999999988,-0.040000000000000008),(-0.11999999999999988,-0.020000000000000004),(-0.020000000000000018,-0.020000000000000004),(-0.020000000000000018,0.)));
#5368=IFCINDEXEDPOLYCURVE(#5367,(IFCLINEINDEX((1,2,3,4,5,6,1))),$);
#5369=IFCARBITRARYCLOSEDPROFILEDEF(.AREA.,$,#5368);
#5370=IFCCARTESIANPOINT((0.79999991580843921,-0.035000000149011612,1.015000000372529));
#5371=IFCDIRECTION((0.,0.,1.));
#5372=IFCDIRECTION((1.,0.,0.));
#5373=IFCAXIS2PLACEMENT3D(#5370,#5371,#5372);
#5374=IFCDIRECTION((0.,0.,1.));
#5375=IFCEXTRUDEDAREASOLID(#5369,#5373,#5374,0.02);
#5376=IFCEXTRUDEDAREASOLID(#5377,#5380,#5384,0.02);
#5377=IFCARBITRARYCLOSEDPROFILEDEF(.AREA.,$,#5378);
#5378=IFCINDEXEDPOLYCURVE(#5379,(IFCLINEINDEX((1,2,3,4,5,6,1))),$);
#5379=IFCCARTESIANPOINTLIST2D(((0.,0.),(0.,0.040000000000000008),(-0.11999999999999988,0.040000000000000008),(-0.11999999999999988,0.020000000000000004),(-0.020000000000000018,0.020000000000000004),(-0.020000000000000018,0.)));
#5380=IFCAXIS2PLACEMENT3D(#5381,#5382,#5383);
#5381=IFCCARTESIANPOINT((0.79999991580843921,0.,1.015000000372529));
#5382=IFCDIRECTION((0.,0.,1.));
#5383=IFCDIRECTION((1.,0.,0.));
#5384=IFCDIRECTION((0.,0.,1.));
#5445=IFCCARTESIANPOINTLIST2D(((0.,0.),(0.,2.),(0.7444804310798645,2.),(0.7444804310798645,0.),(0.69448043033480644,0.),(0.69448043033480644,1.9499999992549419),(0.05000000074505806,1.9499999992549419),(0.05000000074505806,0.)));
#5446=IFCINDEXEDPOLYCURVE(#5445,(IFCLINEINDEX((1,2,3,4,5,6,7,8,1))),$);
#5447=IFCARBITRARYCLOSEDPROFILEDEF(.AREA.,$,#5446);
#5448=IFCCARTESIANPOINT((0.,0.,0.));
#5449=IFCDIRECTION((0.,-1.,0.));
#5450=IFCDIRECTION((1.,0.,0.));
#5451=IFCAXIS2PLACEMENT3D(#5448,#5449,#5450);
#5452=IFCDIRECTION((0.,0.,-1.));
#5453=IFCEXTRUDEDAREASOLID(#5447,#5451,#5452,0.05000000074505806);
#5454=IFCCARTESIANPOINTLIST2D(((0.,0.),(0.64448042958974838,0.),(0.64448042958974838,0.10000000149011612),(0.,0.10000000149011612)));
#5455=IFCINDEXEDPOLYCURVE(#5454,(IFCLINEINDEX((1,2,3,4,1))),$);
#5456=IFCARBITRARYCLOSEDPROFILEDEF(.AREA.,$,#5455);
#5457=IFCCARTESIANPOINT((0.05000000074505806,0.,0.));
#5458=IFCDIRECTION((0.,0.,1.));
#5459=IFCDIRECTION((1.,0.,0.));
#5460=IFCAXIS2PLACEMENT3D(#5457,#5458,#5459);
#5461=IFCDIRECTION((0.,0.,1.));
#5462=IFCEXTRUDEDAREASOLID(#5456,#5460,#5461,0.02500000037252903);
#5463=IFCCARTESIANPOINTLIST2D(((0.,0.),(0.,2.0250000022351742),(0.79448043555021286,2.0250000022351742),(0.79448043555021286,0.),(0.71948043256998062,0.),(0.71948043256998062,1.9499999992549419),(0.075000002980232239,1.9499999992549419),(0.075000002980232239,0.)));
#5464=IFCINDEXEDPOLYCURVE(#5463,(IFCLINEINDEX((1,2,3,4,5,6,7,8,1))),$);
#5465=IFCARBITRARYCLOSEDPROFILEDEF(.AREA.,$,#5464);
#5466=IFCCARTESIANPOINT((-0.025000002235174179,-0.004999999888241291,0.));
#5467=IFCDIRECTION((0.,-1.,0.));
#5468=IFCDIRECTION((1.,0.,0.));
#5469=IFCAXIS2PLACEMENT3D(#5466,#5467,#5468);
#5470=IFCDIRECTION((0.,0.,-1.));
#5471=IFCEXTRUDEDAREASOLID(#5465,#5469,#5470,0.004999999888241291);
#5472=IFCCARTESIANPOINTLIST2D(((0.,0.),(0.,2.0250000022351742),(0.79448043555021286,2.0250000022351742),(0.79448043555021286,0.),(0.71948043256998062,0.),(0.71948043256998062,1.9499999992549419),(0.075000002980232239,1.9499999992549419),(0.075000002980232239,0.)));
#5473=IFCINDEXEDPOLYCURVE(#5472,(IFCLINEINDEX((1,2,3,4,5,6,7,8,1))),$);
#5474=IFCARBITRARYCLOSEDPROFILEDEF(.AREA.,$,#5473);
#5475=IFCCARTESIANPOINT((-0.025000002235174179,0.05000000074505806,0.));
#5476=IFCDIRECTION((0.,-1.,0.));
#5477=IFCDIRECTION((1.,0.,0.));
#5478=IFCAXIS2PLACEMENT3D(#5475,#5476,#5477);
#5479=IFCDIRECTION((0.,0.,-1.));
#5480=IFCEXTRUDEDAREASOLID(#5474,#5478,#5479,0.004999999888241291);
#5481=IFCCARTESIANPOINTLIST2D(((0.,0.),(0.64448042958974838,0.),(0.64448042958974838,0.035000000149011612),(0.,0.035000000149011612)));
#5482=IFCINDEXEDPOLYCURVE(#5481,(IFCLINEINDEX((1,2,3,4,1))),$);
#5483=IFCARBITRARYCLOSEDPROFILEDEF(.AREA.,$,#5482);
#5484=IFCCARTESIANPOINT((0.05000000074505806,-0.035000000149011612,0.02500000037252903));
#5485=IFCDIRECTION((0.,0.,1.));
#5486=IFCDIRECTION((1.,0.,0.));
#5487=IFCAXIS2PLACEMENT3D(#5484,#5485,#5486);
#5488=IFCDIRECTION((0.,0.,1.));
#5489=IFCEXTRUDEDAREASOLID(#5483,#5487,#5488,1.9249999988824129);
#5490=IFCCARTESIANPOINTLIST2D(((0.,0.),(0.,-0.040000000000000008),(-0.11999999999999988,-0.040000000000000008),(-0.11999999999999988,-0.020000000000000004),(-0.020000000000000018,-0.020000000000000004),(-0.020000000000000018,0.)));
#5491=IFCINDEXEDPOLYCURVE(#5490,(IFCLINEINDEX((1,2,3,4,5,6,1))),$);
#5492=IFCARBITRARYCLOSEDPROFILEDEF(.AREA.,$,#5491);
#5493=IFCCARTESIANPOINT((0.6444804303348064,-0.035000000149011612,1.015000000372529));
#5494=IFCDIRECTION((0.,0.,1.));
#5495=IFCDIRECTION((1.,0.,0.));
#5496=IFCAXIS2PLACEMENT3D(#5493,#5494,#5495);
#5497=IFCDIRECTION((0.,0.,1.));
#5498=IFCEXTRUDEDAREASOLID(#5492,#5496,#5497,0.02);
#5499=IFCEXTRUDEDAREASOLID(#5500,#5503,#5507,0.02);
#5500=IFCARBITRARYCLOSEDPROFILEDEF(.AREA.,$,#5501);
#5501=IFCINDEXEDPOLYCURVE(#5502,(IFCLINEINDEX((1,2,3,4,5,6,1))),$);
#5502=IFCCARTESIANPOINTLIST2D(((0.,0.),(0.,0.040000000000000008),(-0.11999999999999988,0.040000000000000008),(-0.11999999999999988,0.020000000000000004),(-0.020000000000000018,0.020000000000000004),(-0.020000000000000018,0.)));
#5503=IFCAXIS2PLACEMENT3D(#5504,#5505,#5506);
#5504=IFCCARTESIANPOINT((0.6444804303348064,0.,1.015000000372529));
#5505=IFCDIRECTION((0.,0.,1.));
#5506=IFCDIRECTION((1.,0.,0.));
#5507=IFCDIRECTION((0.,0.,1.));
#5509=IFCSHAPEREPRESENTATION(#11,'Body','SweptSolid',(#5917,#5698,#6127,#6258,#5908,#5480,#5689,#6249,#5471,#6240,#6154,#5462,#5935,#5716,#5453,#6145,#5707,#6231,#5926,#6136));
#5510=IFCSHAPEASPECT((#5509),'Lining',$,.T.,#5058);
#5511=IFCSHAPEREPRESENTATION(#11,'Body','SweptSolid',(#5944,#5499,#6267,#5725,#6277,#5953,#5489,#6173,#5498,#5735,#5734,#6276,#6172,#5954,#6163));
#5512=IFCSHAPEASPECT((#5511),'Framing',$,.T.,#5058);
#5525=IFCCARTESIANPOINT((0.,0.,0.));
#5526=IFCDIRECTION((1.,0.,0.));
#5527=IFCDIRECTION((0.,0.,1.));
#5528=IFCAXIS2PLACEMENT3D(#5525,#5527,#5526);
#5529=IFCREPRESENTATIONMAP(#5528,#6753);
#5530=IFCCARTESIANPOINT((0.,0.,0.));
#5531=IFCDIRECTION((1.,0.,0.));
#5532=IFCDIRECTION((0.,1.,0.));
#5533=IFCDIRECTION((0.,0.,1.));
#5534=IFCCARTESIANTRANSFORMATIONOPERATOR3D(#5531,#5532,#5530,1.,#5533);
#5535=IFCMAPPEDITEM(#5529,#5534);
#5536=IFCSHAPEREPRESENTATION(#25,'Annotation','MappedRepresentation',(#5535));
#5565=IFCCARTESIANPOINTLIST2D(((0.,0.),(0.,2.),(0.89999991655349731,2.),(0.89999991655349731,0.),(0.87499991618096828,0.),(0.87499991618096828,1.974999999627471),(0.02500000037252903,1.974999999627471),(0.02500000037252903,0.)));
#5566=IFCINDEXEDPOLYCURVE(#5565,(IFCLINEINDEX((1,2,3,4,5,6,7,8,1))),$);
#5567=IFCARBITRARYCLOSEDPROFILEDEF(.AREA.,$,#5566);
#5568=IFCCARTESIANPOINT((0.,0.02500000037252903,0.));
#5569=IFCDIRECTION((0.,-1.,0.));
#5570=IFCDIRECTION((1.,0.,0.));
#5571=IFCAXIS2PLACEMENT3D(#5568,#5569,#5570);
#5572=IFCDIRECTION((0.,0.,-1.));
#5573=IFCEXTRUDEDAREASOLID(#5567,#5571,#5572,0.02500000037252903);
#5574=IFCCARTESIANPOINTLIST2D(((0.,0.),(0.,2.),(0.89999991655349731,2.),(0.89999991655349731,0.),(0.84999991580843925,0.),(0.84999991580843925,1.9499999992549419),(0.05000000074505806,1.9499999992549419),(0.05000000074505806,0.)));
#5575=IFCINDEXEDPOLYCURVE(#5574,(IFCLINEINDEX((1,2,3,4,5,6,7,8,1))),$);
#5576=IFCARBITRARYCLOSEDPROFILEDEF(.AREA.,$,#5575);
#5577=IFCCARTESIANPOINT((0.,0.,0.));
#5578=IFCDIRECTION((0.,-1.,0.));
#5579=IFCDIRECTION((1.,0.,0.));
#5580=IFCAXIS2PLACEMENT3D(#5577,#5578,#5579);
#5581=IFCDIRECTION((0.,0.,-1.));
#5582=IFCEXTRUDEDAREASOLID(#5576,#5580,#5581,0.02500000037252903);
#5583=IFCCARTESIANPOINTLIST2D(((0.,0.),(0.7999999150633812,0.),(0.7999999150633812,0.10000000149011612),(0.,0.10000000149011612)));
#5584=IFCINDEXEDPOLYCURVE(#5583,(IFCLINEINDEX((1,2,3,4,1))),$);
#5585=IFCARBITRARYCLOSEDPROFILEDEF(.AREA.,$,#5584);
#5586=IFCCARTESIANPOINT((0.05000000074505806,0.,0.));
#5587=IFCDIRECTION((0.,0.,1.));
#5588=IFCDIRECTION((1.,0.,0.));
#5589=IFCAXIS2PLACEMENT3D(#5586,#5587,#5588);
#5590=IFCDIRECTION((0.,0.,1.));
#5591=IFCEXTRUDEDAREASOLID(#5585,#5589,#5590,0.02500000037252903);
#5592=IFCCARTESIANPOINTLIST2D(((0.,0.),(0.,2.0250000022351742),(0.94999992102384567,2.0250000022351742),(0.94999992102384567,0.),(0.87499991804361343,0.),(0.87499991804361343,1.9499999992549419),(0.075000002980232239,1.9499999992549419),(0.075000002980232239,0.)));
#5593=IFCINDEXEDPOLYCURVE(#5592,(IFCLINEINDEX((1,2,3,4,5,6,7,8,1))),$);
#5594=IFCARBITRARYCLOSEDPROFILEDEF(.AREA.,$,#5593);
#5595=IFCCARTESIANPOINT((-0.025000002235174179,-0.004999999888241291,0.));
#5596=IFCDIRECTION((0.,-1.,0.));
#5597=IFCDIRECTION((1.,0.,0.));
#5598=IFCAXIS2PLACEMENT3D(#5595,#5596,#5597);
#5599=IFCDIRECTION((0.,0.,-1.));
#5600=IFCEXTRUDEDAREASOLID(#5594,#5598,#5599,0.004999999888241291);
#5601=IFCCARTESIANPOINTLIST2D(((0.,0.),(0.,2.0250000022351742),(0.94999992102384567,2.0250000022351742),(0.94999992102384567,0.),(0.89999991841614246,0.),(0.89999991841614246,1.974999999627471),(0.050000002607703209,1.974999999627471),(0.050000002607703209,0.)));
#5602=IFCINDEXEDPOLYCURVE(#5601,(IFCLINEINDEX((1,2,3,4,5,6,7,8,1))),$);
#5603=IFCARBITRARYCLOSEDPROFILEDEF(.AREA.,$,#5602);
#5604=IFCCARTESIANPOINT((-0.025000002235174179,0.05000000074505806,0.));
#5605=IFCDIRECTION((0.,-1.,0.));
#5606=IFCDIRECTION((1.,0.,0.));
#5607=IFCAXIS2PLACEMENT3D(#5604,#5605,#5606);
#5608=IFCDIRECTION((0.,0.,-1.));
#5609=IFCEXTRUDEDAREASOLID(#5603,#5607,#5608,0.004999999888241291);
#5610=IFCCARTESIANPOINTLIST2D(((0.,0.),(0.84999991580843925,0.),(0.84999991580843925,0.035000000149011612),(0.,0.035000000149011612)));
#5611=IFCINDEXEDPOLYCURVE(#5610,(IFCLINEINDEX((1,2,3,4,1))),$);
#5612=IFCARBITRARYCLOSEDPROFILEDEF(.AREA.,$,#5611);
#5613=IFCCARTESIANPOINT((0.02500000037252903,0.02500000037252903,0.02500000037252903));
#5614=IFCDIRECTION((0.,0.,1.));
#5615=IFCDIRECTION((1.,0.,0.));
#5616=IFCAXIS2PLACEMENT3D(#5613,#5614,#5615);
#5617=IFCDIRECTION((0.,0.,1.));
#5618=IFCEXTRUDEDAREASOLID(#5612,#5616,#5617,1.9499999992549419);
#5619=IFCCARTESIANPOINTLIST2D(((0.,0.),(0.,-0.040000000000000001),(-0.11999999999999988,-0.040000000000000001),(-0.11999999999999988,-0.02),(-0.020000000000000018,-0.02),(-0.020000000000000018,0.)));
#5620=IFCINDEXEDPOLYCURVE(#5619,(IFCLINEINDEX((1,2,3,4,5,6,1))),$);
#5621=IFCARBITRARYCLOSEDPROFILEDEF(.AREA.,$,#5620);
#5622=IFCCARTESIANPOINT((0.82499991618096824,0.02500000037252903,1.015000000372529));
#5623=IFCDIRECTION((0.,0.,1.));
#5624=IFCDIRECTION((1.,0.,0.));
#5625=IFCAXIS2PLACEMENT3D(#5622,#5623,#5624);
#5626=IFCDIRECTION((0.,0.,1.));
#5627=IFCEXTRUDEDAREASOLID(#5621,#5625,#5626,0.02);
#5628=IFCEXTRUDEDAREASOLID(#5629,#5632,#5636,0.02);
#5629=IFCARBITRARYCLOSEDPROFILEDEF(.AREA.,$,#5630);
#5630=IFCINDEXEDPOLYCURVE(#5631,(IFCLINEINDEX((1,2,3,4,5,6,1))),$);
#5631=IFCCARTESIANPOINTLIST2D(((0.,0.),(0.,0.040000000000000008),(-0.11999999999999988,0.040000000000000008),(-0.11999999999999988,0.020000000000000004),(-0.020000000000000018,0.020000000000000004),(-0.020000000000000018,0.)));
#5632=IFCAXIS2PLACEMENT3D(#5633,#5634,#5635);
#5633=IFCCARTESIANPOINT((0.82499991618096824,0.060000000521540642,1.015000000372529));
#5634=IFCDIRECTION((0.,0.,1.));
#5635=IFCDIRECTION((1.,0.,0.));
#5636=IFCDIRECTION((0.,0.,1.));
#5681=IFCCARTESIANPOINTLIST2D(((0.,0.),(0.,2.),(1.3273653984069824,2.),(1.3273653984069824,0.),(1.2773653976619244,0.),(1.2773653976619244,1.9499999992549419),(0.05000000074505806,1.9499999992549419),(0.05000000074505806,0.)));
#5682=IFCINDEXEDPOLYCURVE(#5681,(IFCLINEINDEX((1,2,3,4,5,6,7,8,1))),$);
#5683=IFCARBITRARYCLOSEDPROFILEDEF(.AREA.,$,#5682);
#5684=IFCCARTESIANPOINT((0.,0.,0.));
#5685=IFCDIRECTION((0.,-1.,0.));
#5686=IFCDIRECTION((1.,0.,0.));
#5687=IFCAXIS2PLACEMENT3D(#5684,#5685,#5686);
#5688=IFCDIRECTION((0.,0.,-1.));
#5689=IFCEXTRUDEDAREASOLID(#5683,#5687,#5688,0.05000000074505806);
#5690=IFCCARTESIANPOINTLIST2D(((0.,0.),(1.2273653969168663,0.),(1.2273653969168663,0.10000000149011612),(0.,0.10000000149011612)));
#5691=IFCINDEXEDPOLYCURVE(#5690,(IFCLINEINDEX((1,2,3,4,1))),$);
#5692=IFCARBITRARYCLOSEDPROFILEDEF(.AREA.,$,#5691);
#5693=IFCCARTESIANPOINT((0.05000000074505806,0.,0.));
#5694=IFCDIRECTION((0.,0.,1.));
#5695=IFCDIRECTION((1.,0.,0.));
#5696=IFCAXIS2PLACEMENT3D(#5693,#5694,#5695);
#5697=IFCDIRECTION((0.,0.,1.));
#5698=IFCEXTRUDEDAREASOLID(#5692,#5696,#5697,0.02500000037252903);
#5699=IFCCARTESIANPOINTLIST2D(((0.,0.),(0.,2.0250000022351742),(1.3773654028773308,2.0250000022351742),(1.3773654028773308,0.),(1.3023653998970985,0.),(1.3023653998970985,1.9499999992549419),(0.075000002980232239,1.9499999992549419),(0.075000002980232239,0.)));
#5700=IFCINDEXEDPOLYCURVE(#5699,(IFCLINEINDEX((1,2,3,4,5,6,7,8,1))),$);
#5701=IFCARBITRARYCLOSEDPROFILEDEF(.AREA.,$,#5700);
#5702=IFCCARTESIANPOINT((-0.025000002235174179,-0.004999999888241291,0.));
#5703=IFCDIRECTION((0.,-1.,0.));
#5704=IFCDIRECTION((1.,0.,0.));
#5705=IFCAXIS2PLACEMENT3D(#5702,#5703,#5704);
#5706=IFCDIRECTION((0.,0.,-1.));
#5707=IFCEXTRUDEDAREASOLID(#5701,#5705,#5706,0.004999999888241291);
#5708=IFCCARTESIANPOINTLIST2D(((0.,0.),(0.,2.0250000022351742),(1.3773654028773308,2.0250000022351742),(1.3773654028773308,0.),(1.3023653998970985,0.),(1.3023653998970985,1.9499999992549419),(0.075000002980232239,1.9499999992549419),(0.075000002980232239,0.)));
#5709=IFCINDEXEDPOLYCURVE(#5708,(IFCLINEINDEX((1,2,3,4,5,6,7,8,1))),$);
#5710=IFCARBITRARYCLOSEDPROFILEDEF(.AREA.,$,#5709);
#5711=IFCCARTESIANPOINT((-0.025000002235174179,0.05000000074505806,0.));
#5712=IFCDIRECTION((0.,-1.,0.));
#5713=IFCDIRECTION((1.,0.,0.));
#5714=IFCAXIS2PLACEMENT3D(#5711,#5712,#5713);
#5715=IFCDIRECTION((0.,0.,-1.));
#5716=IFCEXTRUDEDAREASOLID(#5710,#5714,#5715,0.004999999888241291);
#5717=IFCCARTESIANPOINTLIST2D(((0.,0.),(1.2273653969168663,0.),(1.2273653969168663,0.035000000149011612),(0.,0.035000000149011612)));
#5718=IFCINDEXEDPOLYCURVE(#5717,(IFCLINEINDEX((1,2,3,4,1))),$);
#5719=IFCARBITRARYCLOSEDPROFILEDEF(.AREA.,$,#5718);
#5720=IFCCARTESIANPOINT((0.05000000074505806,-0.035000000149011612,0.02500000037252903));
#5721=IFCDIRECTION((0.,0.,1.));
#5722=IFCDIRECTION((1.,0.,0.));
#5723=IFCAXIS2PLACEMENT3D(#5720,#5721,#5722);
#5724=IFCDIRECTION((0.,0.,1.));
#5725=IFCEXTRUDEDAREASOLID(#5719,#5723,#5724,1.9249999988824129);
#5726=IFCCARTESIANPOINTLIST2D(((0.,0.),(0.,-0.040000000000000008),(-0.11999999999999988,-0.040000000000000008),(-0.11999999999999988,-0.020000000000000004),(-0.020000000000000018,-0.020000000000000004),(-0.020000000000000018,0.)));
#5727=IFCINDEXEDPOLYCURVE(#5726,(IFCLINEINDEX((1,2,3,4,5,6,1))),$);
#5728=IFCARBITRARYCLOSEDPROFILEDEF(.AREA.,$,#5727);
#5729=IFCCARTESIANPOINT((1.2273653976619243,-0.035000000149011612,1.015000000372529));
#5730=IFCDIRECTION((0.,0.,1.));
#5731=IFCDIRECTION((1.,0.,0.));
#5732=IFCAXIS2PLACEMENT3D(#5729,#5730,#5731);
#5733=IFCDIRECTION((0.,0.,1.));
#5734=IFCEXTRUDEDAREASOLID(#5728,#5732,#5733,0.02);
#5735=IFCEXTRUDEDAREASOLID(#5736,#5739,#5743,0.02);
#5736=IFCARBITRARYCLOSEDPROFILEDEF(.AREA.,$,#5737);
#5737=IFCINDEXEDPOLYCURVE(#5738,(IFCLINEINDEX((1,2,3,4,5,6,1))),$);
#5738=IFCCARTESIANPOINTLIST2D(((0.,0.),(0.,0.040000000000000008),(-0.11999999999999988,0.040000000000000008),(-0.11999999999999988,0.020000000000000004),(-0.020000000000000018,0.020000000000000004),(-0.020000000000000018,0.)));
#5739=IFCAXIS2PLACEMENT3D(#5740,#5741,#5742);
#5740=IFCCARTESIANPOINT((1.2273653976619243,0.,1.015000000372529));
#5741=IFCDIRECTION((0.,0.,1.));
#5742=IFCDIRECTION((1.,0.,0.));
#5743=IFCDIRECTION((0.,0.,1.));
#5785=IFCCARTESIANPOINTLIST2D(((0.,0.),(0.,2.),(0.89999991655349731,2.),(0.89999991655349731,0.),(0.87499991618096828,0.),(0.87499991618096828,1.974999999627471),(0.02500000037252903,1.974999999627471),(0.02500000037252903,0.)));
#5786=IFCINDEXEDPOLYCURVE(#5785,(IFCLINEINDEX((1,2,3,4,5,6,7,8,1))),$);
#5787=IFCARBITRARYCLOSEDPROFILEDEF(.AREA.,$,#5786);
#5788=IFCCARTESIANPOINT((0.,0.02500000037252903,0.));
#5789=IFCDIRECTION((0.,-1.,0.));
#5790=IFCDIRECTION((1.,0.,0.));
#5791=IFCAXIS2PLACEMENT3D(#5788,#5789,#5790);
#5792=IFCDIRECTION((0.,0.,-1.));
#5793=IFCEXTRUDEDAREASOLID(#5787,#5791,#5792,0.02500000037252903);
#5794=IFCCARTESIANPOINTLIST2D(((0.,0.),(0.,2.),(0.89999991655349731,2.),(0.89999991655349731,0.),(0.84999991580843925,0.),(0.84999991580843925,1.9499999992549419),(0.05000000074505806,1.9499999992549419),(0.05000000074505806,0.)));
#5795=IFCINDEXEDPOLYCURVE(#5794,(IFCLINEINDEX((1,2,3,4,5,6,7,8,1))),$);
#5796=IFCARBITRARYCLOSEDPROFILEDEF(.AREA.,$,#5795);
#5797=IFCCARTESIANPOINT((0.,0.,0.));
#5798=IFCDIRECTION((0.,-1.,0.));
#5799=IFCDIRECTION((1.,0.,0.));
#5800=IFCAXIS2PLACEMENT3D(#5797,#5798,#5799);
#5801=IFCDIRECTION((0.,0.,-1.));
#5802=IFCEXTRUDEDAREASOLID(#5796,#5800,#5801,0.02500000037252903);
#5803=IFCCARTESIANPOINTLIST2D(((0.,0.),(0.7999999150633812,0.),(0.7999999150633812,0.10000000149011612),(0.,0.10000000149011612)));
#5804=IFCINDEXEDPOLYCURVE(#5803,(IFCLINEINDEX((1,2,3,4,1))),$);
#5805=IFCARBITRARYCLOSEDPROFILEDEF(.AREA.,$,#5804);
#5806=IFCCARTESIANPOINT((0.05000000074505806,0.,0.));
#5807=IFCDIRECTION((0.,0.,1.));
#5808=IFCDIRECTION((1.,0.,0.));
#5809=IFCAXIS2PLACEMENT3D(#5806,#5807,#5808);
#5810=IFCDIRECTION((0.,0.,1.));
#5811=IFCEXTRUDEDAREASOLID(#5805,#5809,#5810,0.02500000037252903);
#5812=IFCCARTESIANPOINTLIST2D(((0.,0.),(0.,2.0250000022351742),(0.94999992102384567,2.0250000022351742),(0.94999992102384567,0.),(0.87499991804361343,0.),(0.87499991804361343,1.9499999992549419),(0.075000002980232239,1.9499999992549419),(0.075000002980232239,0.)));
#5813=IFCINDEXEDPOLYCURVE(#5812,(IFCLINEINDEX((1,2,3,4,5,6,7,8,1))),$);
#5814=IFCARBITRARYCLOSEDPROFILEDEF(.AREA.,$,#5813);
#5815=IFCCARTESIANPOINT((-0.025000002235174179,-0.004999999888241291,0.));
#5816=IFCDIRECTION((0.,-1.,0.));
#5817=IFCDIRECTION((1.,0.,0.));
#5818=IFCAXIS2PLACEMENT3D(#5815,#5816,#5817);
#5819=IFCDIRECTION((0.,0.,-1.));
#5820=IFCEXTRUDEDAREASOLID(#5814,#5818,#5819,0.004999999888241291);
#5821=IFCCARTESIANPOINTLIST2D(((0.,0.),(0.,2.0250000022351742),(0.94999992102384567,2.0250000022351742),(0.94999992102384567,0.),(0.89999991841614246,0.),(0.89999991841614246,1.974999999627471),(0.050000002607703209,1.974999999627471),(0.050000002607703209,0.)));
#5822=IFCINDEXEDPOLYCURVE(#5821,(IFCLINEINDEX((1,2,3,4,5,6,7,8,1))),$);
#5823=IFCARBITRARYCLOSEDPROFILEDEF(.AREA.,$,#5822);
#5824=IFCCARTESIANPOINT((-0.025000002235174179,0.05000000074505806,0.));
#5825=IFCDIRECTION((0.,-1.,0.));
#5826=IFCDIRECTION((1.,0.,0.));
#5827=IFCAXIS2PLACEMENT3D(#5824,#5825,#5826);
#5828=IFCDIRECTION((0.,0.,-1.));
#5829=IFCEXTRUDEDAREASOLID(#5823,#5827,#5828,0.004999999888241291);
#5830=IFCCARTESIANPOINTLIST2D(((0.,0.),(0.84999991580843925,0.),(0.84999991580843925,0.035000000149011612),(0.,0.035000000149011612)));
#5831=IFCINDEXEDPOLYCURVE(#5830,(IFCLINEINDEX((1,2,3,4,1))),$);
#5832=IFCARBITRARYCLOSEDPROFILEDEF(.AREA.,$,#5831);
#5833=IFCCARTESIANPOINT((0.02500000037252903,0.02500000037252903,0.02500000037252903));
#5834=IFCDIRECTION((0.,0.,1.));
#5835=IFCDIRECTION((1.,0.,0.));
#5836=IFCAXIS2PLACEMENT3D(#5833,#5834,#5835);
#5837=IFCDIRECTION((0.,0.,1.));
#5838=IFCEXTRUDEDAREASOLID(#5832,#5836,#5837,1.9499999992549419);
#5839=IFCCARTESIANPOINTLIST2D(((0.,0.),(0.,-0.040000000000000001),(-0.11999999999999988,-0.040000000000000001),(-0.11999999999999988,-0.02),(-0.020000000000000018,-0.02),(-0.020000000000000018,0.)));
#5840=IFCINDEXEDPOLYCURVE(#5839,(IFCLINEINDEX((1,2,3,4,5,6,1))),$);
#5841=IFCARBITRARYCLOSEDPROFILEDEF(.AREA.,$,#5840);
#5842=IFCCARTESIANPOINT((0.82499991618096824,0.02500000037252903,1.015000000372529));
#5843=IFCDIRECTION((0.,0.,1.));
#5844=IFCDIRECTION((1.,0.,0.));
#5845=IFCAXIS2PLACEMENT3D(#5842,#5843,#5844);
#5846=IFCDIRECTION((0.,0.,1.));
#5847=IFCEXTRUDEDAREASOLID(#5841,#5845,#5846,0.02);
#5848=IFCEXTRUDEDAREASOLID(#5849,#5852,#5856,0.02);
#5849=IFCARBITRARYCLOSEDPROFILEDEF(.AREA.,$,#5850);
#5850=IFCINDEXEDPOLYCURVE(#5851,(IFCLINEINDEX((1,2,3,4,5,6,1))),$);
#5851=IFCCARTESIANPOINTLIST2D(((0.,0.),(0.,0.040000000000000008),(-0.11999999999999988,0.040000000000000008),(-0.11999999999999988,0.020000000000000004),(-0.020000000000000018,0.020000000000000004),(-0.020000000000000018,0.)));
#5852=IFCAXIS2PLACEMENT3D(#5853,#5854,#5855);
#5853=IFCCARTESIANPOINT((0.82499991618096824,0.060000000521540642,1.015000000372529));
#5854=IFCDIRECTION((0.,0.,1.));
#5855=IFCDIRECTION((1.,0.,0.));
#5856=IFCDIRECTION((0.,0.,1.));
#5900=IFCCARTESIANPOINTLIST2D(((0.,0.),(0.,2.),(1.3273653984069824,2.),(1.3273653984069824,0.),(1.2773653976619244,0.),(1.2773653976619244,1.9499999992549419),(0.05000000074505806,1.9499999992549419),(0.05000000074505806,0.)));
#5901=IFCINDEXEDPOLYCURVE(#5900,(IFCLINEINDEX((1,2,3,4,5,6,7,8,1))),$);
#5902=IFCARBITRARYCLOSEDPROFILEDEF(.AREA.,$,#5901);
#5903=IFCCARTESIANPOINT((0.,0.,0.));
#5904=IFCDIRECTION((0.,-1.,0.));
#5905=IFCDIRECTION((1.,0.,0.));
#5906=IFCAXIS2PLACEMENT3D(#5903,#5904,#5905);
#5907=IFCDIRECTION((0.,0.,-1.));
#5908=IFCEXTRUDEDAREASOLID(#5902,#5906,#5907,0.05000000074505806);
#5909=IFCCARTESIANPOINTLIST2D(((0.,0.),(1.2273653969168663,0.),(1.2273653969168663,0.10000000149011612),(0.,0.10000000149011612)));
#5910=IFCINDEXEDPOLYCURVE(#5909,(IFCLINEINDEX((1,2,3,4,1))),$);
#5911=IFCARBITRARYCLOSEDPROFILEDEF(.AREA.,$,#5910);
#5912=IFCCARTESIANPOINT((0.05000000074505806,0.,0.));
#5913=IFCDIRECTION((0.,0.,1.));
#5914=IFCDIRECTION((1.,0.,0.));
#5915=IFCAXIS2PLACEMENT3D(#5912,#5913,#5914);
#5916=IFCDIRECTION((0.,0.,1.));
#5917=IFCEXTRUDEDAREASOLID(#5911,#5915,#5916,0.02500000037252903);
#5918=IFCCARTESIANPOINTLIST2D(((0.,0.),(0.,2.0250000022351742),(1.3773654028773308,2.0250000022351742),(1.3773654028773308,0.),(1.3023653998970985,0.),(1.3023653998970985,1.9499999992549419),(0.075000002980232239,1.9499999992549419),(0.075000002980232239,0.)));
#5919=IFCINDEXEDPOLYCURVE(#5918,(IFCLINEINDEX((1,2,3,4,5,6,7,8,1))),$);
#5920=IFCARBITRARYCLOSEDPROFILEDEF(.AREA.,$,#5919);
#5921=IFCCARTESIANPOINT((-0.025000002235174179,-0.004999999888241291,0.));
#5922=IFCDIRECTION((0.,-1.,0.));
#5923=IFCDIRECTION((1.,0.,0.));
#5924=IFCAXIS2PLACEMENT3D(#5921,#5922,#5923);
#5925=IFCDIRECTION((0.,0.,-1.));
#5926=IFCEXTRUDEDAREASOLID(#5920,#5924,#5925,0.004999999888241291);
#5927=IFCCARTESIANPOINTLIST2D(((0.,0.),(0.,2.0250000022351742),(1.3773654028773308,2.0250000022351742),(1.3773654028773308,0.),(1.3023653998970985,0.),(1.3023653998970985,1.9499999992549419),(0.075000002980232239,1.9499999992549419),(0.075000002980232239,0.)));
#5928=IFCINDEXEDPOLYCURVE(#5927,(IFCLINEINDEX((1,2,3,4,5,6,7,8,1))),$);
#5929=IFCARBITRARYCLOSEDPROFILEDEF(.AREA.,$,#5928);
#5930=IFCCARTESIANPOINT((-0.025000002235174179,0.05000000074505806,0.));
#5931=IFCDIRECTION((0.,-1.,0.));
#5932=IFCDIRECTION((1.,0.,0.));
#5933=IFCAXIS2PLACEMENT3D(#5930,#5931,#5932);
#5934=IFCDIRECTION((0.,0.,-1.));
#5935=IFCEXTRUDEDAREASOLID(#5929,#5933,#5934,0.004999999888241291);
#5936=IFCCARTESIANPOINTLIST2D(((0.,0.),(1.2273653969168663,0.),(1.2273653969168663,0.035000000149011612),(0.,0.035000000149011612)));
#5937=IFCINDEXEDPOLYCURVE(#5936,(IFCLINEINDEX((1,2,3,4,1))),$);
#5938=IFCARBITRARYCLOSEDPROFILEDEF(.AREA.,$,#5937);
#5939=IFCCARTESIANPOINT((0.05000000074505806,-0.035000000149011612,0.02500000037252903));
#5940=IFCDIRECTION((0.,0.,1.));
#5941=IFCDIRECTION((1.,0.,0.));
#5942=IFCAXIS2PLACEMENT3D(#5939,#5940,#5941);
#5943=IFCDIRECTION((0.,0.,1.));
#5944=IFCEXTRUDEDAREASOLID(#5938,#5942,#5943,1.9249999988824129);
#5945=IFCCARTESIANPOINTLIST2D(((0.,0.),(0.,-0.040000000000000001),(0.12,-0.040000000000000001),(0.12,-0.02),(0.02,-0.02),(0.02,0.)));
#5946=IFCINDEXEDPOLYCURVE(#5945,(IFCLINEINDEX((1,2,3,4,5,6,1))),$);
#5947=IFCARBITRARYCLOSEDPROFILEDEF(.AREA.,$,#5946);
#5948=IFCCARTESIANPOINT((0.10000000074505806,-0.035000000149011612,1.015000000372529));
#5949=IFCDIRECTION((0.,0.,1.));
#5950=IFCDIRECTION((1.,0.,0.));
#5951=IFCAXIS2PLACEMENT3D(#5948,#5949,#5950);
#5952=IFCDIRECTION((0.,0.,1.));
#5953=IFCEXTRUDEDAREASOLID(#5947,#5951,#5952,0.02);
#5954=IFCEXTRUDEDAREASOLID(#5955,#5958,#5962,0.02);
#5955=IFCARBITRARYCLOSEDPROFILEDEF(.AREA.,$,#5956);
#5956=IFCINDEXEDPOLYCURVE(#5957,(IFCLINEINDEX((1,2,3,4,5,6,1))),$);
#5957=IFCCARTESIANPOINTLIST2D(((0.,0.),(0.,0.040000000000000008),(0.11999999999999998,0.040000000000000008),(0.11999999999999998,0.020000000000000004),(0.020000000000000004,0.020000000000000004),(0.020000000000000004,0.)));
#5958=IFCAXIS2PLACEMENT3D(#5959,#5960,#5961);
#5959=IFCCARTESIANPOINT((0.10000000074505806,0.,1.015000000372529));
#5960=IFCDIRECTION((0.,0.,1.));
#5961=IFCDIRECTION((1.,0.,0.));
#5962=IFCDIRECTION((0.,0.,1.));
#6001=IFCCARTESIANPOINTLIST3D(((0.,0.,0.),(0.89999991655349731,0.,0.),(0.89999991655349731,0.,2.),(0.,0.,2.)));
#6002=IFCINDEXEDPOLYCURVE(#6001,(IFCLINEINDEX((1,2,3,4,1))),$);
#6003=IFCSHAPEREPRESENTATION(#18,'Profile','Curve3D',(#6002));
#6004=IFCCARTESIANPOINTLIST2D(((0.,0.),(0.,2.),(0.89999991655349731,2.),(0.89999991655349731,0.),(0.87499991618096828,0.),(0.87499991618096828,1.974999999627471),(0.02500000037252903,1.974999999627471),(0.02500000037252903,0.)));
#6005=IFCINDEXEDPOLYCURVE(#6004,(IFCLINEINDEX((1,2,3,4,5,6,7,8,1))),$);
#6006=IFCARBITRARYCLOSEDPROFILEDEF(.AREA.,$,#6005);
#6007=IFCCARTESIANPOINT((0.,0.02500000037252903,0.));
#6008=IFCDIRECTION((0.,-1.,0.));
#6009=IFCDIRECTION((1.,0.,0.));
#6010=IFCAXIS2PLACEMENT3D(#6007,#6008,#6009);
#6011=IFCDIRECTION((0.,0.,-1.));
#6012=IFCEXTRUDEDAREASOLID(#6006,#6010,#6011,0.02500000037252903);
#6013=IFCCARTESIANPOINTLIST2D(((0.,0.),(0.,2.),(0.89999991655349731,2.),(0.89999991655349731,0.),(0.84999991580843925,0.),(0.84999991580843925,1.9499999992549419),(0.05000000074505806,1.9499999992549419),(0.05000000074505806,0.)));
#6014=IFCINDEXEDPOLYCURVE(#6013,(IFCLINEINDEX((1,2,3,4,5,6,7,8,1))),$);
#6015=IFCARBITRARYCLOSEDPROFILEDEF(.AREA.,$,#6014);
#6016=IFCCARTESIANPOINT((0.,0.,0.));
#6017=IFCDIRECTION((0.,-1.,0.));
#6018=IFCDIRECTION((1.,0.,0.));
#6019=IFCAXIS2PLACEMENT3D(#6016,#6017,#6018);
#6020=IFCDIRECTION((0.,0.,-1.));
#6021=IFCEXTRUDEDAREASOLID(#6015,#6019,#6020,0.02500000037252903);
#6022=IFCCARTESIANPOINTLIST2D(((0.,0.),(0.7999999150633812,0.),(0.7999999150633812,0.10000000149011612),(0.,0.10000000149011612)));
#6023=IFCINDEXEDPOLYCURVE(#6022,(IFCLINEINDEX((1,2,3,4,1))),$);
#6024=IFCARBITRARYCLOSEDPROFILEDEF(.AREA.,$,#6023);
#6025=IFCCARTESIANPOINT((0.05000000074505806,0.,0.));
#6026=IFCDIRECTION((0.,0.,1.));
#6027=IFCDIRECTION((1.,0.,0.));
#6028=IFCAXIS2PLACEMENT3D(#6025,#6026,#6027);
#6029=IFCDIRECTION((0.,0.,1.));
#6030=IFCEXTRUDEDAREASOLID(#6024,#6028,#6029,0.02500000037252903);
#6031=IFCCARTESIANPOINTLIST2D(((0.,0.),(0.,2.0250000022351742),(0.94999992102384567,2.0250000022351742),(0.94999992102384567,0.),(0.87499991804361343,0.),(0.87499991804361343,1.9499999992549419),(0.075000002980232239,1.9499999992549419),(0.075000002980232239,0.)));
#6032=IFCINDEXEDPOLYCURVE(#6031,(IFCLINEINDEX((1,2,3,4,5,6,7,8,1))),$);
#6033=IFCARBITRARYCLOSEDPROFILEDEF(.AREA.,$,#6032);
#6034=IFCCARTESIANPOINT((-0.025000002235174179,-0.004999999888241291,0.));
#6035=IFCDIRECTION((0.,-1.,0.));
#6036=IFCDIRECTION((1.,0.,0.));
#6037=IFCAXIS2PLACEMENT3D(#6034,#6035,#6036);
#6038=IFCDIRECTION((0.,0.,-1.));
#6039=IFCEXTRUDEDAREASOLID(#6033,#6037,#6038,0.004999999888241291);
#6040=IFCCARTESIANPOINTLIST2D(((0.,0.),(0.,2.0250000022351742),(0.94999992102384567,2.0250000022351742),(0.94999992102384567,0.),(0.89999991841614246,0.),(0.89999991841614246,1.974999999627471),(0.050000002607703209,1.974999999627471),(0.050000002607703209,0.)));
#6041=IFCINDEXEDPOLYCURVE(#6040,(IFCLINEINDEX((1,2,3,4,5,6,7,8,1))),$);
#6042=IFCARBITRARYCLOSEDPROFILEDEF(.AREA.,$,#6041);
#6043=IFCCARTESIANPOINT((-0.025000002235174179,0.05000000074505806,0.));
#6044=IFCDIRECTION((0.,-1.,0.));
#6045=IFCDIRECTION((1.,0.,0.));
#6046=IFCAXIS2PLACEMENT3D(#6043,#6044,#6045);
#6047=IFCDIRECTION((0.,0.,-1.));
#6048=IFCEXTRUDEDAREASOLID(#6042,#6046,#6047,0.004999999888241291);
#6049=IFCCARTESIANPOINTLIST2D(((0.,0.),(0.84999991580843925,0.),(0.84999991580843925,0.035000000149011612),(0.,0.035000000149011612)));
#6050=IFCINDEXEDPOLYCURVE(#6049,(IFCLINEINDEX((1,2,3,4,1))),$);
#6051=IFCARBITRARYCLOSEDPROFILEDEF(.AREA.,$,#6050);
#6052=IFCCARTESIANPOINT((0.02500000037252903,0.02500000037252903,0.02500000037252903));
#6053=IFCDIRECTION((0.,0.,1.));
#6054=IFCDIRECTION((1.,0.,0.));
#6055=IFCAXIS2PLACEMENT3D(#6052,#6053,#6054);
#6056=IFCDIRECTION((0.,0.,1.));
#6057=IFCEXTRUDEDAREASOLID(#6051,#6055,#6056,1.9499999992549419);
#6058=IFCCARTESIANPOINTLIST2D(((0.,0.),(0.,-0.040000000000000001),(-0.11999999999999988,-0.040000000000000001),(-0.11999999999999988,-0.02),(-0.020000000000000018,-0.02),(-0.020000000000000018,0.)));
#6059=IFCINDEXEDPOLYCURVE(#6058,(IFCLINEINDEX((1,2,3,4,5,6,1))),$);
#6060=IFCARBITRARYCLOSEDPROFILEDEF(.AREA.,$,#6059);
#6061=IFCCARTESIANPOINT((0.82499991618096824,0.02500000037252903,1.015000000372529));
#6062=IFCDIRECTION((0.,0.,1.));
#6063=IFCDIRECTION((1.,0.,0.));
#6064=IFCAXIS2PLACEMENT3D(#6061,#6062,#6063);
#6065=IFCDIRECTION((0.,0.,1.));
#6066=IFCEXTRUDEDAREASOLID(#6060,#6064,#6065,0.02);
#6067=IFCEXTRUDEDAREASOLID(#6068,#6071,#6075,0.02);
#6068=IFCARBITRARYCLOSEDPROFILEDEF(.AREA.,$,#6069);
#6069=IFCINDEXEDPOLYCURVE(#6070,(IFCLINEINDEX((1,2,3,4,5,6,1))),$);
#6070=IFCCARTESIANPOINTLIST2D(((0.,0.),(0.,0.040000000000000008),(-0.11999999999999988,0.040000000000000008),(-0.11999999999999988,0.020000000000000004),(-0.020000000000000018,0.020000000000000004),(-0.020000000000000018,0.)));
#6071=IFCAXIS2PLACEMENT3D(#6072,#6073,#6074);
#6072=IFCCARTESIANPOINT((0.82499991618096824,0.060000000521540642,1.015000000372529));
#6073=IFCDIRECTION((0.,0.,1.));
#6074=IFCDIRECTION((1.,0.,0.));
#6075=IFCDIRECTION((0.,0.,1.));
#6076=IFCSHAPEREPRESENTATION(#11,'Body','SweptSolid',(#6012,#6021,#6057,#6066,#6067,#6030,#6039,#6048));
#6077=IFCCARTESIANPOINTLIST2D(((0.,0.),(0.,0.05000000074505806),(0.02500000037252903,0.05000000074505806),(0.02500000037252903,0.02500000037252903),(0.05000000074505806,0.02500000037252903),(0.05000000074505806,0.)));
#6078=IFCINDEXEDPOLYCURVE(#6077,(IFCLINEINDEX((1,2,3,4,5,6,1))),$);
#6079=IFCINDEXEDPOLYCURVE(#6080,(IFCLINEINDEX((1,2,3,4,5,6,1))),$);
#6080=IFCCARTESIANPOINTLIST2D(((0.89999991655349731,0.),(0.89999991655349731,0.05000000074505806),(0.87499991618096828,0.05000000074505806),(0.87499991618096828,0.02500000037252903),(0.84999991580843925,0.02500000037252903),(0.84999991580843925,0.)));
#6081=IFCDIRECTION((1.,0.));
#6082=IFCCARTESIANPOINT((0.060000000521540642,0.05000000074505806));
#6083=IFCAXIS2PLACEMENT2D(#6082,#6081);
#6084=IFCELLIPSE(#6083,0.81499991565942764,0.84999991580843925);
#6085=IFCCARTESIANPOINT((0.87499991618096828,0.05000000074505806));
#6086=IFCCARTESIANPOINT((0.060000000521540642,0.89999991655349731));
#6087=IFCTRIMMEDCURVE(#6084,(#6085),(#6086),.T.,.CARTESIAN.);
#6088=IFCCARTESIANPOINTLIST2D(((0.02500000037252903,0.05000000074505806),(0.060000000521540642,0.05000000074505806),(0.060000000521540642,0.89999991655349731),(0.02500000037252903,0.89999991655349731)));
#6089=IFCINDEXEDPOLYCURVE(#6088,(IFCLINEINDEX((1,2,3,4,1))),$);
#6090=IFCSHAPEREPRESENTATION(#24,'Body','Curve2D',(#6078,#6079,#6087,#6089));
#6091=IFCCARTESIANPOINTLIST2D(((0.,0.),(0.89999991655349731,0.),(0.89999991655349731,2.),(0.,2.)));
#6092=IFCINDEXEDPOLYCURVE(#6091,(IFCLINEINDEX((1,2,3,4,1))),$);
#6093=IFCARBITRARYCLOSEDPROFILEDEF(.AREA.,$,#6092);
#6094=IFCCARTESIANPOINT((0.,-0.60000002384185791,0.));
#6095=IFCDIRECTION((0.,-1.,0.));
#6096=IFCDIRECTION((1.,0.,0.));
#6097=IFCAXIS2PLACEMENT3D(#6094,#6095,#6096);
#6098=IFCDIRECTION((0.,0.,-1.));
#6099=IFCEXTRUDEDAREASOLID(#6093,#6097,#6098,1.2);
#6100=IFCSHAPEREPRESENTATION(#11,'Body','SweptSolid',(#6099));
#6106=IFCCARTESIANPOINT((0.3442300292245824,0.015000343322753906,0.));
#6107=IFCDIRECTION((0.,0.,1.));
#6108=IFCDIRECTION((0.99999999999997158,-2.3841857910155572E-07,0.));
#6109=IFCAXIS2PLACEMENT3D(#6106,#6107,#6108);
#6110=IFCLOCALPLACEMENT(#2261,#6109);
#6111=IFCCARTESIANPOINT((2.2204460492503131E-16,0.,0.));
#6112=IFCDIRECTION((0.,0.,1.));
#6113=IFCDIRECTION((1.,0.,0.));
#6114=IFCAXIS2PLACEMENT3D(#6111,#6112,#6113);
#6115=IFCLOCALPLACEMENT(#6110,#6114);
#6119=IFCCARTESIANPOINTLIST2D(((0.,0.),(0.,2.),(1.3273653984069824,2.),(1.3273653984069824,0.),(1.2773653976619244,0.),(1.2773653976619244,1.9499999992549419),(0.05000000074505806,1.9499999992549419),(0.05000000074505806,0.)));
#6120=IFCINDEXEDPOLYCURVE(#6119,(IFCLINEINDEX((1,2,3,4,5,6,7,8,1))),$);
#6121=IFCARBITRARYCLOSEDPROFILEDEF(.AREA.,$,#6120);
#6122=IFCCARTESIANPOINT((0.,0.,0.));
#6123=IFCDIRECTION((0.,-1.,0.));
#6124=IFCDIRECTION((1.,0.,0.));
#6125=IFCAXIS2PLACEMENT3D(#6122,#6123,#6124);
#6126=IFCDIRECTION((0.,0.,-1.));
#6127=IFCEXTRUDEDAREASOLID(#6121,#6125,#6126,0.05000000074505806);
#6128=IFCCARTESIANPOINTLIST2D(((0.,0.),(1.2273653969168663,0.),(1.2273653969168663,0.10000000149011612),(0.,0.10000000149011612)));
#6129=IFCINDEXEDPOLYCURVE(#6128,(IFCLINEINDEX((1,2,3,4,1))),$);
#6130=IFCARBITRARYCLOSEDPROFILEDEF(.AREA.,$,#6129);
#6131=IFCCARTESIANPOINT((0.05000000074505806,0.,0.));
#6132=IFCDIRECTION((0.,0.,1.));
#6133=IFCDIRECTION((1.,0.,0.));
#6134=IFCAXIS2PLACEMENT3D(#6131,#6132,#6133);
#6135=IFCDIRECTION((0.,0.,1.));
#6136=IFCEXTRUDEDAREASOLID(#6130,#6134,#6135,0.02500000037252903);
#6137=IFCCARTESIANPOINTLIST2D(((0.,0.),(0.,2.0250000022351742),(1.3773654028773308,2.0250000022351742),(1.3773654028773308,0.),(1.3023653998970985,0.),(1.3023653998970985,1.9499999992549419),(0.075000002980232239,1.9499999992549419),(0.075000002980232239,0.)));
#6138=IFCINDEXEDPOLYCURVE(#6137,(IFCLINEINDEX((1,2,3,4,5,6,7,8,1))),$);
#6139=IFCARBITRARYCLOSEDPROFILEDEF(.AREA.,$,#6138);
#6140=IFCCARTESIANPOINT((-0.025000002235174179,-0.004999999888241291,0.));
#6141=IFCDIRECTION((0.,-1.,0.));
#6142=IFCDIRECTION((1.,0.,0.));
#6143=IFCAXIS2PLACEMENT3D(#6140,#6141,#6142);
#6144=IFCDIRECTION((0.,0.,-1.));
#6145=IFCEXTRUDEDAREASOLID(#6139,#6143,#6144,0.004999999888241291);
#6146=IFCCARTESIANPOINTLIST2D(((0.,0.),(0.,2.0250000022351742),(1.3773654028773308,2.0250000022351742),(1.3773654028773308,0.),(1.3023653998970985,0.),(1.3023653998970985,1.9499999992549419),(0.075000002980232239,1.9499999992549419),(0.075000002980232239,0.)));
#6147=IFCINDEXEDPOLYCURVE(#6146,(IFCLINEINDEX((1,2,3,4,5,6,7,8,1))),$);
#6148=IFCARBITRARYCLOSEDPROFILEDEF(.AREA.,$,#6147);
#6149=IFCCARTESIANPOINT((-0.025000002235174179,0.05000000074505806,0.));
#6150=IFCDIRECTION((0.,-1.,0.));
#6151=IFCDIRECTION((1.,0.,0.));
#6152=IFCAXIS2PLACEMENT3D(#6149,#6150,#6151);
#6153=IFCDIRECTION((0.,0.,-1.));
#6154=IFCEXTRUDEDAREASOLID(#6148,#6152,#6153,0.004999999888241291);
#6155=IFCCARTESIANPOINTLIST2D(((0.,0.),(1.2273653969168663,0.),(1.2273653969168663,0.035000000149011612),(0.,0.035000000149011612)));
#6156=IFCINDEXEDPOLYCURVE(#6155,(IFCLINEINDEX((1,2,3,4,1))),$);
#6157=IFCARBITRARYCLOSEDPROFILEDEF(.AREA.,$,#6156);
#6158=IFCCARTESIANPOINT((0.05000000074505806,-0.035000000149011612,0.02500000037252903));
#6159=IFCDIRECTION((0.,0.,1.));
#6160=IFCDIRECTION((1.,0.,0.));
#6161=IFCAXIS2PLACEMENT3D(#6158,#6159,#6160);
#6162=IFCDIRECTION((0.,0.,1.));
#6163=IFCEXTRUDEDAREASOLID(#6157,#6161,#6162,1.9249999988824129);
#6164=IFCCARTESIANPOINTLIST2D(((0.,0.),(0.,-0.040000000000000001),(0.12,-0.040000000000000001),(0.12,-0.02),(0.02,-0.02),(0.02,0.)));
#6165=IFCINDEXEDPOLYCURVE(#6164,(IFCLINEINDEX((1,2,3,4,5,6,1))),$);
#6166=IFCARBITRARYCLOSEDPROFILEDEF(.AREA.,$,#6165);
#6167=IFCCARTESIANPOINT((0.10000000074505806,-0.035000000149011612,1.015000000372529));
#6168=IFCDIRECTION((0.,0.,1.));
#6169=IFCDIRECTION((1.,0.,0.));
#6170=IFCAXIS2PLACEMENT3D(#6167,#6168,#6169);
#6171=IFCDIRECTION((0.,0.,1.));
#6172=IFCEXTRUDEDAREASOLID(#6166,#6170,#6171,0.02);
#6173=IFCEXTRUDEDAREASOLID(#6174,#6177,#6181,0.02);
#6174=IFCARBITRARYCLOSEDPROFILEDEF(.AREA.,$,#6175);
#6175=IFCINDEXEDPOLYCURVE(#6176,(IFCLINEINDEX((1,2,3,4,5,6,1))),$);
#6176=IFCCARTESIANPOINTLIST2D(((0.,0.),(0.,0.040000000000000008),(0.11999999999999998,0.040000000000000008),(0.11999999999999998,0.020000000000000004),(0.020000000000000004,0.020000000000000004),(0.020000000000000004,0.)));
#6177=IFCAXIS2PLACEMENT3D(#6178,#6179,#6180);
#6178=IFCCARTESIANPOINT((0.10000000074505806,0.,1.015000000372529));
#6179=IFCDIRECTION((0.,0.,1.));
#6180=IFCDIRECTION((1.,0.,0.));
#6181=IFCDIRECTION((0.,0.,1.));
#6223=IFCCARTESIANPOINTLIST2D(((0.,0.),(0.,2.),(1.3273653984069824,2.),(1.3273653984069824,0.),(1.2773653976619244,0.),(1.2773653976619244,1.9499999992549419),(0.05000000074505806,1.9499999992549419),(0.05000000074505806,0.)));
#6224=IFCINDEXEDPOLYCURVE(#6223,(IFCLINEINDEX((1,2,3,4,5,6,7,8,1))),$);
#6225=IFCARBITRARYCLOSEDPROFILEDEF(.AREA.,$,#6224);
#6226=IFCCARTESIANPOINT((0.,0.,0.));
#6227=IFCDIRECTION((0.,-1.,0.));
#6228=IFCDIRECTION((1.,0.,0.));
#6229=IFCAXIS2PLACEMENT3D(#6226,#6227,#6228);
#6230=IFCDIRECTION((0.,0.,-1.));
#6231=IFCEXTRUDEDAREASOLID(#6225,#6229,#6230,0.05000000074505806);
#6232=IFCCARTESIANPOINTLIST2D(((0.,0.),(1.2273653969168663,0.),(1.2273653969168663,0.10000000149011612),(0.,0.10000000149011612)));
#6233=IFCINDEXEDPOLYCURVE(#6232,(IFCLINEINDEX((1,2,3,4,1))),$);
#6234=IFCARBITRARYCLOSEDPROFILEDEF(.AREA.,$,#6233);
#6235=IFCCARTESIANPOINT((0.05000000074505806,0.,0.));
#6236=IFCDIRECTION((0.,0.,1.));
#6237=IFCDIRECTION((1.,0.,0.));
#6238=IFCAXIS2PLACEMENT3D(#6235,#6236,#6237);
#6239=IFCDIRECTION((0.,0.,1.));
#6240=IFCEXTRUDEDAREASOLID(#6234,#6238,#6239,0.02500000037252903);
#6241=IFCCARTESIANPOINTLIST2D(((0.,0.),(0.,2.0250000022351742),(1.3773654028773308,2.0250000022351742),(1.3773654028773308,0.),(1.3023653998970985,0.),(1.3023653998970985,1.9499999992549419),(0.075000002980232239,1.9499999992549419),(0.075000002980232239,0.)));
#6242=IFCINDEXEDPOLYCURVE(#6241,(IFCLINEINDEX((1,2,3,4,5,6,7,8,1))),$);
#6243=IFCARBITRARYCLOSEDPROFILEDEF(.AREA.,$,#6242);
#6244=IFCCARTESIANPOINT((-0.025000002235174179,-0.004999999888241291,0.));
#6245=IFCDIRECTION((0.,-1.,0.));
#6246=IFCDIRECTION((1.,0.,0.));
#6247=IFCAXIS2PLACEMENT3D(#6244,#6245,#6246);
#6248=IFCDIRECTION((0.,0.,-1.));
#6249=IFCEXTRUDEDAREASOLID(#6243,#6247,#6248,0.004999999888241291);
#6250=IFCCARTESIANPOINTLIST2D(((0.,0.),(0.,2.0250000022351742),(1.3773654028773308,2.0250000022351742),(1.3773654028773308,0.),(1.3023653998970985,0.),(1.3023653998970985,1.9499999992549419),(0.075000002980232239,1.9499999992549419),(0.075000002980232239,0.)));
#6251=IFCINDEXEDPOLYCURVE(#6250,(IFCLINEINDEX((1,2,3,4,5,6,7,8,1))),$);
#6252=IFCARBITRARYCLOSEDPROFILEDEF(.AREA.,$,#6251);
#6253=IFCCARTESIANPOINT((-0.025000002235174179,0.05000000074505806,0.));
#6254=IFCDIRECTION((0.,-1.,0.));
#6255=IFCDIRECTION((1.,0.,0.));
#6256=IFCAXIS2PLACEMENT3D(#6253,#6254,#6255);
#6257=IFCDIRECTION((0.,0.,-1.));
#6258=IFCEXTRUDEDAREASOLID(#6252,#6256,#6257,0.004999999888241291);
#6259=IFCCARTESIANPOINTLIST2D(((0.,0.),(1.2273653969168663,0.),(1.2273653969168663,0.035000000149011612),(0.,0.035000000149011612)));
#6260=IFCINDEXEDPOLYCURVE(#6259,(IFCLINEINDEX((1,2,3,4,1))),$);
#6261=IFCARBITRARYCLOSEDPROFILEDEF(.AREA.,$,#6260);
#6262=IFCCARTESIANPOINT((0.05000000074505806,-0.035000000149011612,0.02500000037252903));
#6263=IFCDIRECTION((0.,0.,1.));
#6264=IFCDIRECTION((1.,0.,0.));
#6265=IFCAXIS2PLACEMENT3D(#6262,#6263,#6264);
#6266=IFCDIRECTION((0.,0.,1.));
#6267=IFCEXTRUDEDAREASOLID(#6261,#6265,#6266,1.9249999988824129);
#6268=IFCCARTESIANPOINTLIST2D(((0.,0.),(0.,-0.040000000000000001),(0.12,-0.040000000000000001),(0.12,-0.02),(0.02,-0.02),(0.02,0.)));
#6269=IFCINDEXEDPOLYCURVE(#6268,(IFCLINEINDEX((1,2,3,4,5,6,1))),$);
#6270=IFCARBITRARYCLOSEDPROFILEDEF(.AREA.,$,#6269);
#6271=IFCCARTESIANPOINT((0.10000000074505806,-0.035000000149011612,1.015000000372529));
#6272=IFCDIRECTION((0.,0.,1.));
#6273=IFCDIRECTION((1.,0.,0.));
#6274=IFCAXIS2PLACEMENT3D(#6271,#6272,#6273);
#6275=IFCDIRECTION((0.,0.,1.));
#6276=IFCEXTRUDEDAREASOLID(#6270,#6274,#6275,0.02);
#6277=IFCEXTRUDEDAREASOLID(#6278,#6281,#6285,0.02);
#6278=IFCARBITRARYCLOSEDPROFILEDEF(.AREA.,$,#6279);
#6279=IFCINDEXEDPOLYCURVE(#6280,(IFCLINEINDEX((1,2,3,4,5,6,1))),$);
#6280=IFCCARTESIANPOINTLIST2D(((0.,0.),(0.,0.040000000000000008),(0.11999999999999998,0.040000000000000008),(0.11999999999999998,0.020000000000000004),(0.020000000000000004,0.020000000000000004),(0.020000000000000004,0.)));
#6281=IFCAXIS2PLACEMENT3D(#6282,#6283,#6284);
#6282=IFCCARTESIANPOINT((0.10000000074505806,0.,1.015000000372529));
#6283=IFCDIRECTION((0.,0.,1.));
#6284=IFCDIRECTION((1.,0.,0.));
#6285=IFCDIRECTION((0.,0.,1.));
#6495=IFCDOOR('0xczqrN559_xGSei60zCSO',$,'Door',$,$,#6793,#6504,$,2.,1.3273653984069824,$,.SLIDING_TO_RIGHT.,$);
#6497=IFCCARTESIANPOINT((0.,0.,0.));
#6498=IFCDIRECTION((1.,0.,0.));
#6499=IFCDIRECTION((0.,1.,0.));
#6500=IFCDIRECTION((0.,0.,1.));
#6501=IFCCARTESIANTRANSFORMATIONOPERATOR3D(#6498,#6499,#6497,1.,#6500);
#6502=IFCMAPPEDITEM(#4799,#6501);
#6503=IFCSHAPEREPRESENTATION(#18,'Profile','MappedRepresentation',(#6502));
#6504=IFCPRODUCTDEFINITIONSHAPE($,$,(#6503,#6511,#6518,#6525));
#6505=IFCCARTESIANPOINT((0.,0.,0.));
#6506=IFCDIRECTION((1.,0.,0.));
#6507=IFCDIRECTION((0.,1.,0.));
#6508=IFCDIRECTION((0.,0.,1.));
#6509=IFCCARTESIANTRANSFORMATIONOPERATOR3D(#6506,#6507,#6505,1.,#6508);
#6510=IFCMAPPEDITEM(#4807,#6509);
#6511=IFCSHAPEREPRESENTATION(#11,'Body','MappedRepresentation',(#6510));
#6512=IFCCARTESIANPOINT((0.,0.,0.));
#6513=IFCDIRECTION((1.,0.,0.));
#6514=IFCDIRECTION((0.,1.,0.));
#6515=IFCDIRECTION((0.,0.,1.));
#6516=IFCCARTESIANTRANSFORMATIONOPERATOR3D(#6513,#6514,#6512,1.,#6515);
#6517=IFCMAPPEDITEM(#4876,#6516);
#6518=IFCSHAPEREPRESENTATION(#24,'Body','MappedRepresentation',(#6517));
#6519=IFCCARTESIANPOINT((0.,0.,0.));
#6520=IFCDIRECTION((1.,0.,0.));
#6521=IFCDIRECTION((0.,1.,0.));
#6522=IFCDIRECTION((0.,0.,1.));
#6523=IFCCARTESIANTRANSFORMATIONOPERATOR3D(#6520,#6521,#6519,1.,#6522);
#6524=IFCMAPPEDITEM(#5529,#6523);
#6525=IFCSHAPEREPRESENTATION(#25,'Annotation','MappedRepresentation',(#6524));
#6526=IFCOPENINGELEMENT('2gfXyv0A120OOmso1sA15M',$,'Opening',$,$,#6788,#6539,$,.OPENING.);
#6532=IFCCARTESIANPOINT((0.,0.,0.));
#6533=IFCDIRECTION((1.,0.,0.));
#6534=IFCDIRECTION((0.,1.,0.));
#6535=IFCDIRECTION((0.,0.,1.));
#6536=IFCCARTESIANTRANSFORMATIONOPERATOR3D(#6533,#6534,#6532,1.,#6535);
#6537=IFCMAPPEDITEM(#5093,#6536);
#6538=IFCSHAPEREPRESENTATION(#11,'Body','MappedRepresentation',(#6537));
#6539=IFCPRODUCTDEFINITIONSHAPE($,$,(#6538));
#6540=IFCRELVOIDSELEMENT('0ndIJpuFr2URZz628EuR40',$,$,$,#1661,#6526);
#6546=IFCRELFILLSELEMENT('24yl799YL0Rv6sYS4JXkfk',$,$,$,#6526,#6495);
#6555=IFCCARTESIANPOINTLIST2D(((0.,0.),(0.,2.),(1.3273653984069824,2.),(1.3273653984069824,0.),(1.2773653976619244,0.),(1.2773653976619244,1.9499999992549419),(0.05000000074505806,1.9499999992549419),(0.05000000074505806,0.)));
#6556=IFCINDEXEDPOLYCURVE(#6555,(IFCLINEINDEX((1,2,3,4,5,6,7,8,1))),$);
#6557=IFCARBITRARYCLOSEDPROFILEDEF(.AREA.,$,#6556);
#6558=IFCCARTESIANPOINT((0.,0.,0.));
#6559=IFCDIRECTION((0.,-1.,0.));
#6560=IFCDIRECTION((1.,0.,0.));
#6561=IFCAXIS2PLACEMENT3D(#6558,#6559,#6560);
#6562=IFCDIRECTION((0.,0.,-1.));
#6563=IFCEXTRUDEDAREASOLID(#6557,#6561,#6562,0.05000000074505806);
#6564=IFCCARTESIANPOINTLIST2D(((0.,0.),(1.2273653969168663,0.),(1.2273653969168663,0.10000000149011612),(0.,0.10000000149011612)));
#6565=IFCINDEXEDPOLYCURVE(#6564,(IFCLINEINDEX((1,2,3,4,1))),$);
#6566=IFCARBITRARYCLOSEDPROFILEDEF(.AREA.,$,#6565);
#6567=IFCCARTESIANPOINT((0.05000000074505806,0.,0.));
#6568=IFCDIRECTION((0.,0.,1.));
#6569=IFCDIRECTION((1.,0.,0.));
#6570=IFCAXIS2PLACEMENT3D(#6567,#6568,#6569);
#6571=IFCDIRECTION((0.,0.,1.));
#6572=IFCEXTRUDEDAREASOLID(#6566,#6570,#6571,0.02500000037252903);
#6573=IFCCARTESIANPOINTLIST2D(((0.,0.),(0.,2.0250000022351742),(1.3773654028773308,2.0250000022351742),(1.3773654028773308,0.),(1.3023653998970985,0.),(1.3023653998970985,1.9499999992549419),(0.075000002980232239,1.9499999992549419),(0.075000002980232239,0.)));
#6574=IFCINDEXEDPOLYCURVE(#6573,(IFCLINEINDEX((1,2,3,4,5,6,7,8,1))),$);
#6575=IFCARBITRARYCLOSEDPROFILEDEF(.AREA.,$,#6574);
#6576=IFCCARTESIANPOINT((-0.025000002235174179,-0.004999999888241291,0.));
#6577=IFCDIRECTION((0.,-1.,0.));
#6578=IFCDIRECTION((1.,0.,0.));
#6579=IFCAXIS2PLACEMENT3D(#6576,#6577,#6578);
#6580=IFCDIRECTION((0.,0.,-1.));
#6581=IFCEXTRUDEDAREASOLID(#6575,#6579,#6580,0.004999999888241291);
#6582=IFCCARTESIANPOINTLIST2D(((0.,0.),(0.,2.0250000022351742),(1.3773654028773308,2.0250000022351742),(1.3773654028773308,0.),(1.3023653998970985,0.),(1.3023653998970985,1.9499999992549419),(0.075000002980232239,1.9499999992549419),(0.075000002980232239,0.)));
#6583=IFCINDEXEDPOLYCURVE(#6582,(IFCLINEINDEX((1,2,3,4,5,6,7,8,1))),$);
#6584=IFCARBITRARYCLOSEDPROFILEDEF(.AREA.,$,#6583);
#6585=IFCCARTESIANPOINT((-0.025000002235174179,0.05000000074505806,0.));
#6586=IFCDIRECTION((0.,-1.,0.));
#6587=IFCDIRECTION((1.,0.,0.));
#6588=IFCAXIS2PLACEMENT3D(#6585,#6586,#6587);
#6589=IFCDIRECTION((0.,0.,-1.));
#6590=IFCEXTRUDEDAREASOLID(#6584,#6588,#6589,0.004999999888241291);
#6591=IFCCARTESIANPOINTLIST2D(((0.,0.),(1.2273653969168663,0.),(1.2273653969168663,0.035000000149011612),(0.,0.035000000149011612)));
#6592=IFCINDEXEDPOLYCURVE(#6591,(IFCLINEINDEX((1,2,3,4,1))),$);
#6593=IFCARBITRARYCLOSEDPROFILEDEF(.AREA.,$,#6592);
#6594=IFCCARTESIANPOINT((0.05000000074505806,-0.035000000149011612,0.02500000037252903));
#6595=IFCDIRECTION((0.,0.,1.));
#6596=IFCDIRECTION((1.,0.,0.));
#6597=IFCAXIS2PLACEMENT3D(#6594,#6595,#6596);
#6598=IFCDIRECTION((0.,0.,1.));
#6599=IFCEXTRUDEDAREASOLID(#6593,#6597,#6598,1.9249999988824129);
#6600=IFCCARTESIANPOINTLIST2D(((0.,0.),(0.,-0.040000000000000001),(0.12,-0.040000000000000001),(0.12,-0.02),(0.02,-0.02),(0.02,0.)));
#6601=IFCINDEXEDPOLYCURVE(#6600,(IFCLINEINDEX((1,2,3,4,5,6,1))),$);
#6602=IFCARBITRARYCLOSEDPROFILEDEF(.AREA.,$,#6601);
#6603=IFCCARTESIANPOINT((0.10000000074505806,-0.035000000149011612,1.015000000372529));
#6604=IFCDIRECTION((0.,0.,1.));
#6605=IFCDIRECTION((1.,0.,0.));
#6606=IFCAXIS2PLACEMENT3D(#6603,#6604,#6605);
#6607=IFCDIRECTION((0.,0.,1.));
#6608=IFCEXTRUDEDAREASOLID(#6602,#6606,#6607,0.02);
#6609=IFCEXTRUDEDAREASOLID(#6610,#6613,#6617,0.02);
#6610=IFCARBITRARYCLOSEDPROFILEDEF(.AREA.,$,#6611);
#6611=IFCINDEXEDPOLYCURVE(#6612,(IFCLINEINDEX((1,2,3,4,5,6,1))),$);
#6612=IFCCARTESIANPOINTLIST2D(((0.,0.),(0.,0.040000000000000008),(0.11999999999999998,0.040000000000000008),(0.11999999999999998,0.020000000000000004),(0.020000000000000004,0.020000000000000004),(0.020000000000000004,0.)));
#6613=IFCAXIS2PLACEMENT3D(#6614,#6615,#6616);
#6614=IFCCARTESIANPOINT((0.10000000074505806,0.,1.015000000372529));
#6615=IFCDIRECTION((0.,0.,1.));
#6616=IFCDIRECTION((1.,0.,0.));
#6617=IFCDIRECTION((0.,0.,1.));
#6619=IFCSHAPEREPRESENTATION(#11,'Body','SweptSolid',(#6563,#6590,#6713,#6581,#6704,#6686,#6572,#6695));
#6620=IFCSHAPEASPECT((#6619),'Lining',$,.T.,#6504);
#6621=IFCSHAPEREPRESENTATION(#11,'Body','SweptSolid',(#6608,#6609,#6731,#6599,#6732,#6722));
#6622=IFCSHAPEASPECT((#6621),'Framing',$,.T.,#6504);
#6675=IFCCARTESIANPOINTLIST3D(((0.,0.,0.),(1.3273653984069824,0.,0.),(1.3273653984069824,0.,2.),(0.,0.,2.)));
#6676=IFCINDEXEDPOLYCURVE(#6675,(IFCLINEINDEX((1,2,3,4,1))),$);
#6677=IFCSHAPEREPRESENTATION(#18,'Profile','Curve3D',(#6676));
#6678=IFCCARTESIANPOINTLIST2D(((0.,0.),(0.,2.),(1.3273653984069824,2.),(1.3273653984069824,0.),(1.2773653976619244,0.),(1.2773653976619244,1.9499999992549419),(0.05000000074505806,1.9499999992549419),(0.05000000074505806,0.)));
#6679=IFCINDEXEDPOLYCURVE(#6678,(IFCLINEINDEX((1,2,3,4,5,6,7,8,1))),$);
#6680=IFCARBITRARYCLOSEDPROFILEDEF(.AREA.,$,#6679);
#6681=IFCCARTESIANPOINT((0.,0.,0.));
#6682=IFCDIRECTION((0.,-1.,0.));
#6683=IFCDIRECTION((1.,0.,0.));
#6684=IFCAXIS2PLACEMENT3D(#6681,#6682,#6683);
#6685=IFCDIRECTION((0.,0.,-1.));
#6686=IFCEXTRUDEDAREASOLID(#6680,#6684,#6685,0.05000000074505806);
#6687=IFCCARTESIANPOINTLIST2D(((0.,0.),(1.2273653969168663,0.),(1.2273653969168663,0.10000000149011612),(0.,0.10000000149011612)));
#6688=IFCINDEXEDPOLYCURVE(#6687,(IFCLINEINDEX((1,2,3,4,1))),$);
#6689=IFCARBITRARYCLOSEDPROFILEDEF(.AREA.,$,#6688);
#6690=IFCCARTESIANPOINT((0.05000000074505806,0.,0.));
#6691=IFCDIRECTION((0.,0.,1.));
#6692=IFCDIRECTION((1.,0.,0.));
#6693=IFCAXIS2PLACEMENT3D(#6690,#6691,#6692);
#6694=IFCDIRECTION((0.,0.,1.));
#6695=IFCEXTRUDEDAREASOLID(#6689,#6693,#6694,0.02500000037252903);
#6696=IFCCARTESIANPOINTLIST2D(((0.,0.),(0.,2.0250000022351742),(1.3773654028773308,2.0250000022351742),(1.3773654028773308,0.),(1.3023653998970985,0.),(1.3023653998970985,1.9499999992549419),(0.075000002980232239,1.9499999992549419),(0.075000002980232239,0.)));
#6697=IFCINDEXEDPOLYCURVE(#6696,(IFCLINEINDEX((1,2,3,4,5,6,7,8,1))),$);
#6698=IFCARBITRARYCLOSEDPROFILEDEF(.AREA.,$,#6697);
#6699=IFCCARTESIANPOINT((-0.025000002235174179,-0.004999999888241291,0.));
#6700=IFCDIRECTION((0.,-1.,0.));
#6701=IFCDIRECTION((1.,0.,0.));
#6702=IFCAXIS2PLACEMENT3D(#6699,#6700,#6701);
#6703=IFCDIRECTION((0.,0.,-1.));
#6704=IFCEXTRUDEDAREASOLID(#6698,#6702,#6703,0.004999999888241291);
#6705=IFCCARTESIANPOINTLIST2D(((0.,0.),(0.,2.0250000022351742),(1.3773654028773308,2.0250000022351742),(1.3773654028773308,0.),(1.3023653998970985,0.),(1.3023653998970985,1.9499999992549419),(0.075000002980232239,1.9499999992549419),(0.075000002980232239,0.)));
#6706=IFCINDEXEDPOLYCURVE(#6705,(IFCLINEINDEX((1,2,3,4,5,6,7,8,1))),$);
#6707=IFCARBITRARYCLOSEDPROFILEDEF(.AREA.,$,#6706);
#6708=IFCCARTESIANPOINT((-0.025000002235174179,0.05000000074505806,0.));
#6709=IFCDIRECTION((0.,-1.,0.));
#6710=IFCDIRECTION((1.,0.,0.));
#6711=IFCAXIS2PLACEMENT3D(#6708,#6709,#6710);
#6712=IFCDIRECTION((0.,0.,-1.));
#6713=IFCEXTRUDEDAREASOLID(#6707,#6711,#6712,0.004999999888241291);
#6714=IFCCARTESIANPOINTLIST2D(((0.,0.),(1.2273653969168663,0.),(1.2273653969168663,0.035000000149011612),(0.,0.035000000149011612)));
#6715=IFCINDEXEDPOLYCURVE(#6714,(IFCLINEINDEX((1,2,3,4,1))),$);
#6716=IFCARBITRARYCLOSEDPROFILEDEF(.AREA.,$,#6715);
#6717=IFCCARTESIANPOINT((0.05000000074505806,-0.035000000149011612,0.02500000037252903));
#6718=IFCDIRECTION((0.,0.,1.));
#6719=IFCDIRECTION((1.,0.,0.));
#6720=IFCAXIS2PLACEMENT3D(#6717,#6718,#6719);
#6721=IFCDIRECTION((0.,0.,1.));
#6722=IFCEXTRUDEDAREASOLID(#6716,#6720,#6721,1.9249999988824129);
#6723=IFCCARTESIANPOINTLIST2D(((0.,0.),(0.,-0.040000000000000001),(0.12,-0.040000000000000001),(0.12,-0.02),(0.02,-0.02),(0.02,0.)));
#6724=IFCINDEXEDPOLYCURVE(#6723,(IFCLINEINDEX((1,2,3,4,5,6,1))),$);
#6725=IFCARBITRARYCLOSEDPROFILEDEF(.AREA.,$,#6724);
#6726=IFCCARTESIANPOINT((0.10000000074505806,-0.035000000149011612,1.015000000372529));
#6727=IFCDIRECTION((0.,0.,1.));
#6728=IFCDIRECTION((1.,0.,0.));
#6729=IFCAXIS2PLACEMENT3D(#6726,#6727,#6728);
#6730=IFCDIRECTION((0.,0.,1.));
#6731=IFCEXTRUDEDAREASOLID(#6725,#6729,#6730,0.02);
#6732=IFCEXTRUDEDAREASOLID(#6733,#6736,#6740,0.02);
#6733=IFCARBITRARYCLOSEDPROFILEDEF(.AREA.,$,#6734);
#6734=IFCINDEXEDPOLYCURVE(#6735,(IFCLINEINDEX((1,2,3,4,5,6,1))),$);
#6735=IFCCARTESIANPOINTLIST2D(((0.,0.),(0.,0.040000000000000008),(0.11999999999999998,0.040000000000000008),(0.11999999999999998,0.020000000000000004),(0.020000000000000004,0.020000000000000004),(0.020000000000000004,0.)));
#6736=IFCAXIS2PLACEMENT3D(#6737,#6738,#6739);
#6737=IFCCARTESIANPOINT((0.10000000074505806,0.,1.015000000372529));
#6738=IFCDIRECTION((0.,0.,1.));
#6739=IFCDIRECTION((1.,0.,0.));
#6740=IFCDIRECTION((0.,0.,1.));
#6741=IFCSHAPEREPRESENTATION(#11,'Body','SweptSolid',(#6686,#6722,#6731,#6732,#6695,#6704,#6713));
#6742=IFCCARTESIANPOINTLIST2D(((0.,0.),(0.05000000074505806,0.),(0.05000000074505806,0.05000000074505806),(0.,0.05000000074505806)));
#6743=IFCINDEXEDPOLYCURVE(#6742,(IFCLINEINDEX((1,2,3,4,1))),$);
#6744=IFCINDEXEDPOLYCURVE(#6745,(IFCLINEINDEX((1,2,3,4,1))),$);
#6745=IFCCARTESIANPOINTLIST2D(((1.3273653984069824,0.),(1.2773653976619244,0.),(1.2773653976619244,0.05000000074505806),(1.3273653984069824,0.05000000074505806)));
#6746=IFCCARTESIANPOINTLIST2D(((1.8910480961203575,-0.035000000149011612),(0.66368269920349121,-0.035000000149011612),(0.66368269920349121,0.),(1.8910480961203575,0.)));
#6747=IFCINDEXEDPOLYCURVE(#6746,(IFCLINEINDEX((1,2,3,4,1))),$);
#6748=IFCSHAPEREPRESENTATION(#24,'Body','Curve2D',(#6743,#6744,#6747));
#6749=IFCCARTESIANPOINTLIST2D(((0.47957788966596127,-0.081587428267465345),(0.84778750874102116,-0.081587428267465345)));
#6750=IFCINDEXEDPOLYCURVE(#6749,$,$);
#6751=IFCCARTESIANPOINTLIST2D(((0.50957788966596129,-0.050529142855162856),(0.47957788966596127,-0.081587428267465345),(0.50957788966596129,-0.11264571367976783)));
#6752=IFCINDEXEDPOLYCURVE(#6751,$,$);
#6753=IFCSHAPEREPRESENTATION(#25,'Annotation','Curve2D',(#6750,#6752));
#6754=IFCCARTESIANPOINTLIST2D(((0.,0.),(1.3273653984069824,0.),(1.3273653984069824,2.),(0.,2.)));
#6755=IFCINDEXEDPOLYCURVE(#6754,(IFCLINEINDEX((1,2,3,4,1))),$);
#6756=IFCARBITRARYCLOSEDPROFILEDEF(.AREA.,$,#6755);
#6757=IFCCARTESIANPOINT((0.,-0.60000002384185791,0.));
#6758=IFCDIRECTION((0.,-1.,0.));
#6759=IFCDIRECTION((1.,0.,0.));
#6760=IFCAXIS2PLACEMENT3D(#6757,#6758,#6759);
#6761=IFCDIRECTION((0.,0.,-1.));
#6762=IFCEXTRUDEDAREASOLID(#6756,#6760,#6761,1.2);
#6763=IFCSHAPEREPRESENTATION(#11,'Body','SweptSolid',(#6762));
#6769=IFCCARTESIANPOINT((0.086730281610689741,0.075000273006409657,0.));
#6770=IFCDIRECTION((0.,0.,1.));
#6771=IFCDIRECTION((0.99999999999995448,-3.0199160505616635E-07,0.));
#6772=IFCAXIS2PLACEMENT3D(#6769,#6770,#6771);
#6773=IFCLOCALPLACEMENT(#2197,#6772);
#6774=IFCCARTESIANPOINT((0.,4.4408920985006262E-16,0.));
#6775=IFCDIRECTION((0.,0.,1.));
#6776=IFCDIRECTION((0.99999999999999978,-2.6469779601696886E-23,0.));
#6777=IFCAXIS2PLACEMENT3D(#6774,#6775,#6776);
#6778=IFCLOCALPLACEMENT(#6773,#6777);
#6784=IFCCARTESIANPOINT((0.10110215355893182,0.075000270836317551,0.));
#6785=IFCDIRECTION((0.,0.,1.));
#6786=IFCDIRECTION((0.999999999999998,-6.3573025954609792E-08,0.));
#6787=IFCAXIS2PLACEMENT3D(#6784,#6785,#6786);
#6788=IFCLOCALPLACEMENT(#2197,#6787);
#6789=IFCCARTESIANPOINT((0.,0.,0.));
#6790=IFCDIRECTION((0.,0.,1.));
#6791=IFCDIRECTION((1.,-2.6469779601696886E-23,0.));
#6792=IFCAXIS2PLACEMENT3D(#6789,#6790,#6791);
#6793=IFCLOCALPLACEMENT(#6788,#6792);
#6942=IFCCARTESIANPOINT((1.1102230246251565E-16,0.,0.));
#6943=IFCDIRECTION((0.,0.,1.));
#6944=IFCDIRECTION((1.,0.,0.));
#6945=IFCAXIS2PLACEMENT3D(#6942,#6943,#6944);
#6946=IFCLOCALPLACEMENT(#2794,#6945);
#7132=IFCWINDOWTYPE('1q7pKQYFX3WPc02MjyIiNl',$,'Living-GF',$,$,(#7133),(#7142,#7190,#7212),$,$,.WINDOW.,.SINGLE_PANEL.,$,$);
#7133=IFCPROPERTYSET('26ubzz8yj48grCg1nQr7_I',$,'BBIM_Window',$,(#7134));
#7134=IFCPROPERTYSINGLEVALUE('Data',$,IFCTEXT('{"window_type": "SINGLE_PANEL", "overall_height": 0.8999999761581421, "overall_width": 0.7790734171867371, "lining_properties": {"lining_depth": 0.05000000074505806, "lining_thickness": 0.05000000074505806, "lining_offset": 0.05000000074505806, "lining_to_panel_offset_x": 0.02500000037252903, "lining_to_panel_offset_y": 0.02500000037252903}, "panel_properties": {"frame_depth": [0.03500000014901161, 0.03500000014901161, 0.03500000014901161], "frame_thickness": [0.03500000014901161, 0.03500000014901161, 0.03500000014901161]}}'),$);
#7138=IFCCARTESIANPOINT((0.,0.,0.));
#7139=IFCDIRECTION((1.,0.,0.));
#7140=IFCDIRECTION((0.,0.,1.));
#7141=IFCAXIS2PLACEMENT3D(#7138,#7140,#7139);
#7142=IFCREPRESENTATIONMAP(#7141,#7566);
#7186=IFCCARTESIANPOINT((0.,0.,0.));
#7187=IFCDIRECTION((1.,0.,0.));
#7188=IFCDIRECTION((0.,0.,1.));
#7189=IFCAXIS2PLACEMENT3D(#7186,#7188,#7187);
#7190=IFCREPRESENTATIONMAP(#7189,#7609);
#7208=IFCCARTESIANPOINT((0.,0.,0.));
#7209=IFCDIRECTION((1.,0.,0.));
#7210=IFCDIRECTION((0.,0.,1.));
#7211=IFCAXIS2PLACEMENT3D(#7208,#7210,#7209);
#7212=IFCREPRESENTATIONMAP(#7211,#7626);
#7213=IFCWINDOW('0akxDONvPBSvcObzioXOd1',$,'Window',$,$,#7651,#7223,$,0.89999997615814209,0.77907341718673706,$,.SINGLE_PANEL.,$);
#7215=IFCRELDEFINESBYTYPE('0d2O2u5VL3ver3jE_up5AM',$,$,$,(#7213),#7132);
#7216=IFCCARTESIANPOINT((0.,0.,0.));
#7217=IFCDIRECTION((1.,0.,0.));
#7218=IFCDIRECTION((0.,1.,0.));
#7219=IFCDIRECTION((0.,0.,1.));
#7220=IFCCARTESIANTRANSFORMATIONOPERATOR3D(#7217,#7218,#7216,1.,#7219);
#7221=IFCMAPPEDITEM(#7142,#7220);
#7222=IFCSHAPEREPRESENTATION(#18,'Profile','MappedRepresentation',(#7221));
#7223=IFCPRODUCTDEFINITIONSHAPE($,$,(#7222,#7230,#7237));
#7224=IFCCARTESIANPOINT((0.,0.,0.));
#7225=IFCDIRECTION((1.,0.,0.));
#7226=IFCDIRECTION((0.,1.,0.));
#7227=IFCDIRECTION((0.,0.,1.));
#7228=IFCCARTESIANTRANSFORMATIONOPERATOR3D(#7225,#7226,#7224,1.,#7227);
#7229=IFCMAPPEDITEM(#7190,#7228);
#7230=IFCSHAPEREPRESENTATION(#11,'Body','MappedRepresentation',(#7229));
#7231=IFCCARTESIANPOINT((0.,0.,0.));
#7232=IFCDIRECTION((1.,0.,0.));
#7233=IFCDIRECTION((0.,1.,0.));
#7234=IFCDIRECTION((0.,0.,1.));
#7235=IFCCARTESIANTRANSFORMATIONOPERATOR3D(#7232,#7233,#7231,1.,#7234);
#7236=IFCMAPPEDITEM(#7212,#7235);
#7237=IFCSHAPEREPRESENTATION(#24,'Body','MappedRepresentation',(#7236));
#7238=IFCOPENINGELEMENT('1UrwqPe6f4q8RbbXaHU0x2',$,'Opening',$,$,#7646,#7266,$,.OPENING.);
#7254=IFCCARTESIANPOINT((0.,0.,0.));
#7255=IFCDIRECTION((1.,0.,0.));
#7256=IFCDIRECTION((0.,0.,1.));
#7257=IFCAXIS2PLACEMENT3D(#7254,#7256,#7255);
#7258=IFCREPRESENTATIONMAP(#7257,#7636);
#7259=IFCCARTESIANPOINT((0.,0.,0.));
#7260=IFCDIRECTION((1.,0.,0.));
#7261=IFCDIRECTION((0.,1.,0.));
#7262=IFCDIRECTION((0.,0.,1.));
#7263=IFCCARTESIANTRANSFORMATIONOPERATOR3D(#7260,#7261,#7259,1.,#7262);
#7264=IFCMAPPEDITEM(#7258,#7263);
#7265=IFCSHAPEREPRESENTATION(#11,'Body','MappedRepresentation',(#7264));
#7266=IFCPRODUCTDEFINITIONSHAPE($,$,(#7265));
#7267=IFCRELVOIDSELEMENT('3edL$TGUXB1RnO_goJMm_y',$,$,$,#231,#7238);
#7273=IFCRELFILLSELEMENT('1_5UTVsDvCdxc7m61sXoyS',$,$,$,#7238,#7213);
#7282=IFCCARTESIANPOINTLIST2D(((0.,0.),(0.82103347778320312,0.),(0.82103347778320312,0.89999997615814209),(0.,0.89999997615814209)));
#7283=IFCINDEXEDPOLYCURVE(#7282,(IFCLINEINDEX((1,2,3,4,1))),$);
#7284=IFCCARTESIANPOINTLIST2D(((0.02500000037252903,0.02500000037252903),(0.7960334774106741,0.02500000037252903),(0.7960334774106741,0.87499997578561306),(0.02500000037252903,0.87499997578561306)));
#7285=IFCINDEXEDPOLYCURVE(#7284,(IFCLINEINDEX((1,2,3,4,1))),$);
#7286=IFCARBITRARYPROFILEDEFWITHVOIDS(.AREA.,$,#7283,(#7285));
#7287=IFCCARTESIANPOINT((0.,0.090000001713633537,0.));
#7288=IFCDIRECTION((0.,-1.,0.));
#7289=IFCDIRECTION((1.,0.,0.));
#7290=IFCAXIS2PLACEMENT3D(#7287,#7288,#7289);
#7291=IFCDIRECTION((0.,0.,-1.));
#7292=IFCEXTRUDEDAREASOLID(#7286,#7290,#7291,0.0099999997764825821);
#7293=IFCCARTESIANPOINTLIST2D(((0.,0.),(0.82103347778320312,0.),(0.82103347778320312,0.89999997615814209),(0.,0.89999997615814209)));
#7294=IFCINDEXEDPOLYCURVE(#7293,(IFCLINEINDEX((1,2,3,4,1))),$);
#7295=IFCCARTESIANPOINTLIST2D(((0.05000000074505806,0.05000000074505806),(0.77103347703814507,0.05000000074505806),(0.77103347703814507,0.84999997541308403),(0.05000000074505806,0.84999997541308403)));
#7296=IFCINDEXEDPOLYCURVE(#7295,(IFCLINEINDEX((1,2,3,4,1))),$);
#7297=IFCARBITRARYPROFILEDEFWITHVOIDS(.AREA.,$,#7294,(#7296));
#7298=IFCCARTESIANPOINT((0.,0.05000000074505806,0.));
#7299=IFCDIRECTION((0.,-1.,0.));
#7300=IFCDIRECTION((1.,0.,0.));
#7301=IFCAXIS2PLACEMENT3D(#7298,#7299,#7300);
#7302=IFCDIRECTION((0.,0.,-1.));
#7303=IFCEXTRUDEDAREASOLID(#7297,#7301,#7302,0.040000000968575478);
#7304=IFCCARTESIANPOINTLIST2D(((0.,0.),(0.77103347703814507,0.),(0.77103347703814507,0.84999997541308403),(0.,0.84999997541308403)));
#7305=IFCINDEXEDPOLYCURVE(#7304,(IFCLINEINDEX((1,2,3,4,1))),$);
#7306=IFCCARTESIANPOINTLIST2D(((0.035000000149011612,0.035000000149011612),(0.73603347688913345,0.035000000149011612),(0.73603347688913345,0.81499997526407242),(0.035000000149011612,0.81499997526407242)));
#7307=IFCINDEXEDPOLYCURVE(#7306,(IFCLINEINDEX((1,2,3,4,1))),$);
#7308=IFCARBITRARYPROFILEDEFWITHVOIDS(.AREA.,$,#7305,(#7307));
#7309=IFCCARTESIANPOINT((0.02500000037252903,0.090000001713633537,0.02500000037252903));
#7310=IFCDIRECTION((0.,-1.,0.));
#7311=IFCDIRECTION((1.,0.,0.));
#7312=IFCAXIS2PLACEMENT3D(#7309,#7310,#7311);
#7313=IFCDIRECTION((0.,0.,-1.));
#7314=IFCEXTRUDEDAREASOLID(#7308,#7312,#7313,0.035000000149011612);
#7315=IFCINDEXEDPOLYCURVE(#7316,(IFCLINEINDEX((1,2,3,4,1))),$);
#7316=IFCCARTESIANPOINTLIST2D(((0.035000000149011612,0.035000000149011612),(0.73603347688913345,0.035000000149011612),(0.73603347688913345,0.81499997526407242),(0.035000000149011612,0.81499997526407242)));
#7317=IFCARBITRARYCLOSEDPROFILEDEF(.AREA.,$,#7315);
#7318=IFCCARTESIANPOINT((0.02500000037252903,0.10250000178813934,0.02500000037252903));
#7319=IFCDIRECTION((0.,-1.,0.));
#7320=IFCDIRECTION((1.,0.,0.));
#7321=IFCAXIS2PLACEMENT3D(#7318,#7319,#7320);
#7322=IFCDIRECTION((0.,0.,-1.));
#7323=IFCEXTRUDEDAREASOLID(#7317,#7321,#7322,0.01);
#7325=IFCSHAPEREPRESENTATION(#11,'Body','SweptSolid',(#7489,#7386,#7397,#7500,#7292,#7577,#7303,#7588));
#7326=IFCSHAPEASPECT((#7325),'Lining',$,.T.,#7223);
#7327=IFCSHAPEREPRESENTATION(#11,'Body','SweptSolid',(#7511,#7408,#7314,#7599));
#7328=IFCSHAPEASPECT((#7327),'Framing',$,.T.,#7223);
#7329=IFCSHAPEREPRESENTATION(#11,'Body','SweptSolid',(#7323,#7608,#7520,#7417));
#7330=IFCSHAPEASPECT((#7329),'Glazing',$,.T.,#7223);
#7376=IFCCARTESIANPOINTLIST2D(((0.,0.),(0.82465207576751709,0.),(0.82465207576751709,0.89999997615814209),(0.,0.89999997615814209)));
#7377=IFCINDEXEDPOLYCURVE(#7376,(IFCLINEINDEX((1,2,3,4,1))),$);
#7378=IFCCARTESIANPOINTLIST2D(((0.02500000037252903,0.02500000037252903),(0.79965207539498806,0.02500000037252903),(0.79965207539498806,0.87499997578561306),(0.02500000037252903,0.87499997578561306)));
#7379=IFCINDEXEDPOLYCURVE(#7378,(IFCLINEINDEX((1,2,3,4,1))),$);
#7380=IFCARBITRARYPROFILEDEFWITHVOIDS(.AREA.,$,#7377,(#7379));
#7381=IFCCARTESIANPOINT((0.,0.090000001713633537,0.));
#7382=IFCDIRECTION((0.,-1.,0.));
#7383=IFCDIRECTION((1.,0.,0.));
#7384=IFCAXIS2PLACEMENT3D(#7381,#7382,#7383);
#7385=IFCDIRECTION((0.,0.,-1.));
#7386=IFCEXTRUDEDAREASOLID(#7380,#7384,#7385,0.0099999997764825821);
#7387=IFCCARTESIANPOINTLIST2D(((0.,0.),(0.82465207576751709,0.),(0.82465207576751709,0.89999997615814209),(0.,0.89999997615814209)));
#7388=IFCINDEXEDPOLYCURVE(#7387,(IFCLINEINDEX((1,2,3,4,1))),$);
#7389=IFCCARTESIANPOINTLIST2D(((0.05000000074505806,0.05000000074505806),(0.77465207502245903,0.05000000074505806),(0.77465207502245903,0.84999997541308403),(0.05000000074505806,0.84999997541308403)));
#7390=IFCINDEXEDPOLYCURVE(#7389,(IFCLINEINDEX((1,2,3,4,1))),$);
#7391=IFCARBITRARYPROFILEDEFWITHVOIDS(.AREA.,$,#7388,(#7390));
#7392=IFCCARTESIANPOINT((0.,0.05000000074505806,0.));
#7393=IFCDIRECTION((0.,-1.,0.));
#7394=IFCDIRECTION((1.,0.,0.));
#7395=IFCAXIS2PLACEMENT3D(#7392,#7393,#7394);
#7396=IFCDIRECTION((0.,0.,-1.));
#7397=IFCEXTRUDEDAREASOLID(#7391,#7395,#7396,0.040000000968575478);
#7398=IFCCARTESIANPOINTLIST2D(((0.,0.),(0.77465207502245903,0.),(0.77465207502245903,0.84999997541308403),(0.,0.84999997541308403)));
#7399=IFCINDEXEDPOLYCURVE(#7398,(IFCLINEINDEX((1,2,3,4,1))),$);
#7400=IFCCARTESIANPOINTLIST2D(((0.035000000149011612,0.035000000149011612),(0.73965207487344742,0.035000000149011612),(0.73965207487344742,0.81499997526407242),(0.035000000149011612,0.81499997526407242)));
#7401=IFCINDEXEDPOLYCURVE(#7400,(IFCLINEINDEX((1,2,3,4,1))),$);
#7402=IFCARBITRARYPROFILEDEFWITHVOIDS(.AREA.,$,#7399,(#7401));
#7403=IFCCARTESIANPOINT((0.02500000037252903,0.090000001713633537,0.02500000037252903));
#7404=IFCDIRECTION((0.,-1.,0.));
#7405=IFCDIRECTION((1.,0.,0.));
#7406=IFCAXIS2PLACEMENT3D(#7403,#7404,#7405);
#7407=IFCDIRECTION((0.,0.,-1.));
#7408=IFCEXTRUDEDAREASOLID(#7402,#7406,#7407,0.035000000149011612);
#7409=IFCINDEXEDPOLYCURVE(#7410,(IFCLINEINDEX((1,2,3,4,1))),$);
#7410=IFCCARTESIANPOINTLIST2D(((0.035000000149011612,0.035000000149011612),(0.73965207487344742,0.035000000149011612),(0.73965207487344742,0.81499997526407242),(0.035000000149011612,0.81499997526407242)));
#7411=IFCARBITRARYCLOSEDPROFILEDEF(.AREA.,$,#7409);
#7412=IFCCARTESIANPOINT((0.02500000037252903,0.10250000178813934,0.02500000037252903));
#7413=IFCDIRECTION((0.,-1.,0.));
#7414=IFCDIRECTION((1.,0.,0.));
#7415=IFCAXIS2PLACEMENT3D(#7412,#7413,#7414);
#7416=IFCDIRECTION((0.,0.,-1.));
#7417=IFCEXTRUDEDAREASOLID(#7411,#7415,#7416,0.01);
#7479=IFCCARTESIANPOINTLIST2D(((0.,0.),(0.82465207576751709,0.),(0.82465207576751709,0.89999997615814209),(0.,0.89999997615814209)));
#7480=IFCINDEXEDPOLYCURVE(#7479,(IFCLINEINDEX((1,2,3,4,1))),$);
#7481=IFCCARTESIANPOINTLIST2D(((0.02500000037252903,0.02500000037252903),(0.79965207539498806,0.02500000037252903),(0.79965207539498806,0.87499997578561306),(0.02500000037252903,0.87499997578561306)));
#7482=IFCINDEXEDPOLYCURVE(#7481,(IFCLINEINDEX((1,2,3,4,1))),$);
#7483=IFCARBITRARYPROFILEDEFWITHVOIDS(.AREA.,$,#7480,(#7482));
#7484=IFCCARTESIANPOINT((0.,0.090000001713633537,0.));
#7485=IFCDIRECTION((0.,-1.,0.));
#7486=IFCDIRECTION((1.,0.,0.));
#7487=IFCAXIS2PLACEMENT3D(#7484,#7485,#7486);
#7488=IFCDIRECTION((0.,0.,-1.));
#7489=IFCEXTRUDEDAREASOLID(#7483,#7487,#7488,0.0099999997764825821);
#7490=IFCCARTESIANPOINTLIST2D(((0.,0.),(0.82465207576751709,0.),(0.82465207576751709,0.89999997615814209),(0.,0.89999997615814209)));
#7491=IFCINDEXEDPOLYCURVE(#7490,(IFCLINEINDEX((1,2,3,4,1))),$);
#7492=IFCCARTESIANPOINTLIST2D(((0.05000000074505806,0.05000000074505806),(0.77465207502245903,0.05000000074505806),(0.77465207502245903,0.84999997541308403),(0.05000000074505806,0.84999997541308403)));
#7493=IFCINDEXEDPOLYCURVE(#7492,(IFCLINEINDEX((1,2,3,4,1))),$);
#7494=IFCARBITRARYPROFILEDEFWITHVOIDS(.AREA.,$,#7491,(#7493));
#7495=IFCCARTESIANPOINT((0.,0.05000000074505806,0.));
#7496=IFCDIRECTION((0.,-1.,0.));
#7497=IFCDIRECTION((1.,0.,0.));
#7498=IFCAXIS2PLACEMENT3D(#7495,#7496,#7497);
#7499=IFCDIRECTION((0.,0.,-1.));
#7500=IFCEXTRUDEDAREASOLID(#7494,#7498,#7499,0.040000000968575478);
#7501=IFCCARTESIANPOINTLIST2D(((0.,0.),(0.77465207502245903,0.),(0.77465207502245903,0.84999997541308403),(0.,0.84999997541308403)));
#7502=IFCINDEXEDPOLYCURVE(#7501,(IFCLINEINDEX((1,2,3,4,1))),$);
#7503=IFCCARTESIANPOINTLIST2D(((0.035000000149011612,0.035000000149011612),(0.73965207487344742,0.035000000149011612),(0.73965207487344742,0.81499997526407242),(0.035000000149011612,0.81499997526407242)));
#7504=IFCINDEXEDPOLYCURVE(#7503,(IFCLINEINDEX((1,2,3,4,1))),$);
#7505=IFCARBITRARYPROFILEDEFWITHVOIDS(.AREA.,$,#7502,(#7504));
#7506=IFCCARTESIANPOINT((0.02500000037252903,0.090000001713633537,0.02500000037252903));
#7507=IFCDIRECTION((0.,-1.,0.));
#7508=IFCDIRECTION((1.,0.,0.));
#7509=IFCAXIS2PLACEMENT3D(#7506,#7507,#7508);
#7510=IFCDIRECTION((0.,0.,-1.));
#7511=IFCEXTRUDEDAREASOLID(#7505,#7509,#7510,0.035000000149011612);
#7512=IFCINDEXEDPOLYCURVE(#7513,(IFCLINEINDEX((1,2,3,4,1))),$);
#7513=IFCCARTESIANPOINTLIST2D(((0.035000000149011612,0.035000000149011612),(0.73965207487344742,0.035000000149011612),(0.73965207487344742,0.81499997526407242),(0.035000000149011612,0.81499997526407242)));
#7514=IFCARBITRARYCLOSEDPROFILEDEF(.AREA.,$,#7512);
#7515=IFCCARTESIANPOINT((0.02500000037252903,0.10250000178813934,0.02500000037252903));
#7516=IFCDIRECTION((0.,-1.,0.));
#7517=IFCDIRECTION((1.,0.,0.));
#7518=IFCAXIS2PLACEMENT3D(#7515,#7516,#7517);
#7519=IFCDIRECTION((0.,0.,-1.));
#7520=IFCEXTRUDEDAREASOLID(#7514,#7518,#7519,0.01);
#7564=IFCCARTESIANPOINTLIST3D(((0.,0.,0.),(0.77907341718673706,0.,0.),(0.77907341718673706,0.,0.89999997615814209),(0.,0.,0.89999997615814209)));
#7565=IFCINDEXEDPOLYCURVE(#7564,(IFCLINEINDEX((1,2,3,4,1))),$);
#7566=IFCSHAPEREPRESENTATION(#18,'Profile','Curve3D',(#7565));
#7567=IFCCARTESIANPOINTLIST2D(((0.,0.),(0.77907341718673706,0.),(0.77907341718673706,0.89999997615814209),(0.,0.89999997615814209)));
#7568=IFCINDEXEDPOLYCURVE(#7567,(IFCLINEINDEX((1,2,3,4,1))),$);
#7569=IFCCARTESIANPOINTLIST2D(((0.02500000037252903,0.02500000037252903),(0.75407341681420803,0.02500000037252903),(0.75407341681420803,0.87499997578561306),(0.02500000037252903,0.87499997578561306)));
#7570=IFCINDEXEDPOLYCURVE(#7569,(IFCLINEINDEX((1,2,3,4,1))),$);
#7571=IFCARBITRARYPROFILEDEFWITHVOIDS(.AREA.,$,#7568,(#7570));
#7572=IFCCARTESIANPOINT((0.,0.090000001713633537,0.));
#7573=IFCDIRECTION((0.,-1.,0.));
#7574=IFCDIRECTION((1.,0.,0.));
#7575=IFCAXIS2PLACEMENT3D(#7572,#7573,#7574);
#7576=IFCDIRECTION((0.,0.,-1.));
#7577=IFCEXTRUDEDAREASOLID(#7571,#7575,#7576,0.0099999997764825821);
#7578=IFCCARTESIANPOINTLIST2D(((0.,0.),(0.77907341718673706,0.),(0.77907341718673706,0.89999997615814209),(0.,0.89999997615814209)));
#7579=IFCINDEXEDPOLYCURVE(#7578,(IFCLINEINDEX((1,2,3,4,1))),$);
#7580=IFCCARTESIANPOINTLIST2D(((0.05000000074505806,0.05000000074505806),(0.729073416441679,0.05000000074505806),(0.729073416441679,0.84999997541308403),(0.05000000074505806,0.84999997541308403)));
#7581=IFCINDEXEDPOLYCURVE(#7580,(IFCLINEINDEX((1,2,3,4,1))),$);
#7582=IFCARBITRARYPROFILEDEFWITHVOIDS(.AREA.,$,#7579,(#7581));
#7583=IFCCARTESIANPOINT((0.,0.05000000074505806,0.));
#7584=IFCDIRECTION((0.,-1.,0.));
#7585=IFCDIRECTION((1.,0.,0.));
#7586=IFCAXIS2PLACEMENT3D(#7583,#7584,#7585);
#7587=IFCDIRECTION((0.,0.,-1.));
#7588=IFCEXTRUDEDAREASOLID(#7582,#7586,#7587,0.040000000968575478);
#7589=IFCCARTESIANPOINTLIST2D(((0.,0.),(0.729073416441679,0.),(0.729073416441679,0.84999997541308403),(0.,0.84999997541308403)));
#7590=IFCINDEXEDPOLYCURVE(#7589,(IFCLINEINDEX((1,2,3,4,1))),$);
#7591=IFCCARTESIANPOINTLIST2D(((0.035000000149011612,0.035000000149011612),(0.69407341629266739,0.035000000149011612),(0.69407341629266739,0.81499997526407242),(0.035000000149011612,0.81499997526407242)));
#7592=IFCINDEXEDPOLYCURVE(#7591,(IFCLINEINDEX((1,2,3,4,1))),$);
#7593=IFCARBITRARYPROFILEDEFWITHVOIDS(.AREA.,$,#7590,(#7592));
#7594=IFCCARTESIANPOINT((0.02500000037252903,0.090000001713633537,0.02500000037252903));
#7595=IFCDIRECTION((0.,-1.,0.));
#7596=IFCDIRECTION((1.,0.,0.));
#7597=IFCAXIS2PLACEMENT3D(#7594,#7595,#7596);
#7598=IFCDIRECTION((0.,0.,-1.));
#7599=IFCEXTRUDEDAREASOLID(#7593,#7597,#7598,0.035000000149011612);
#7600=IFCINDEXEDPOLYCURVE(#7601,(IFCLINEINDEX((1,2,3,4,1))),$);
#7601=IFCCARTESIANPOINTLIST2D(((0.035000000149011612,0.035000000149011612),(0.69407341629266739,0.035000000149011612),(0.69407341629266739,0.81499997526407242),(0.035000000149011612,0.81499997526407242)));
#7602=IFCARBITRARYCLOSEDPROFILEDEF(.AREA.,$,#7600);
#7603=IFCCARTESIANPOINT((0.02500000037252903,0.10250000178813934,0.02500000037252903));
#7604=IFCDIRECTION((0.,-1.,0.));
#7605=IFCDIRECTION((1.,0.,0.));
#7606=IFCAXIS2PLACEMENT3D(#7603,#7604,#7605);
#7607=IFCDIRECTION((0.,0.,-1.));
#7608=IFCEXTRUDEDAREASOLID(#7602,#7606,#7607,0.01);
#7609=IFCSHAPEREPRESENTATION(#11,'Body','SweptSolid',(#7577,#7588,#7599,#7608));
#7610=IFCCARTESIANPOINTLIST2D(((0.05000000074505806,0.05000000074505806),(0.729073416441679,0.05000000074505806)));
#7611=IFCINDEXEDPOLYCURVE(#7610,$,$);
#7612=IFCCARTESIANPOINTLIST2D(((0.,0.10000000149011612),(0.02500000037252903,0.10000000149011612),(0.02500000037252903,0.090000001713633537),(0.05000000074505806,0.090000001713633537),(0.05000000074505806,0.05000000074505806),(0.,0.05000000074505806)));
#7613=IFCINDEXEDPOLYCURVE(#7612,(IFCLINEINDEX((1,2,3,4,5,6,1))),$);
#7614=IFCCARTESIANPOINTLIST2D(((0.77907341718673706,0.10000000149011612),(0.75407341681420803,0.10000000149011612),(0.75407341681420803,0.090000001713633537),(0.729073416441679,0.090000001713633537),(0.729073416441679,0.05000000074505806),(0.77907341718673706,0.05000000074505806)));
#7615=IFCINDEXEDPOLYCURVE(#7614,(IFCLINEINDEX((1,2,3,4,5,6,1))),$);
#7616=IFCCARTESIANPOINTLIST2D(((0.02500000037252903,0.090000001713633537),(0.060000000521540642,0.090000001713633537),(0.060000000521540642,0.12500000186264515),(0.02500000037252903,0.12500000186264515)));
#7617=IFCINDEXEDPOLYCURVE(#7616,(IFCLINEINDEX((1,2,3,4,1))),$);
#7618=IFCINDEXEDPOLYCURVE(#7619,(IFCLINEINDEX((1,2,3,4,1))),$);
#7619=IFCCARTESIANPOINTLIST2D(((0.75407341681420803,0.090000001713633537),(0.71907341666519642,0.090000001713633537),(0.71907341666519642,0.12500000186264515),(0.75407341681420803,0.12500000186264515)));
#7620=IFCCARTESIANPOINTLIST2D(((0.060000000521540642,0.090000001713633537),(0.71907341666519642,0.090000001713633537)));
#7621=IFCINDEXEDPOLYCURVE(#7620,$,$);
#7622=IFCINDEXEDPOLYCURVE(#7623,$,$);
#7623=IFCCARTESIANPOINTLIST2D(((0.060000000521540642,0.12500000186264515),(0.71907341666519642,0.12500000186264515)));
#7624=IFCINDEXEDPOLYCURVE(#7625,$,$);
#7625=IFCCARTESIANPOINTLIST2D(((0.060000000521540642,0.10750000178813934),(0.71907341666519642,0.10750000178813934)));
#7626=IFCSHAPEREPRESENTATION(#24,'Body','Curve2D',(#7611,#7613,#7615,#7617,#7618,#7621,#7622,#7624));
#7627=IFCCARTESIANPOINTLIST2D(((0.,0.),(0.77907341718673706,0.),(0.77907341718673706,0.89999997615814209),(0.,0.89999997615814209)));
#7628=IFCINDEXEDPOLYCURVE(#7627,(IFCLINEINDEX((1,2,3,4,1))),$);
#7629=IFCARBITRARYCLOSEDPROFILEDEF(.AREA.,$,#7628);
#7630=IFCCARTESIANPOINT((0.,-0.60000002384185791,0.));
#7631=IFCDIRECTION((0.,-1.,0.));
#7632=IFCDIRECTION((1.,0.,0.));
#7633=IFCAXIS2PLACEMENT3D(#7630,#7631,#7632);
#7634=IFCDIRECTION((0.,0.,-1.));
#7635=IFCEXTRUDEDAREASOLID(#7629,#7633,#7634,1.2);
#7636=IFCSHAPEREPRESENTATION(#11,'Body','SweptSolid',(#7635));
#7642=IFCCARTESIANPOINT((1.7474627228967625,2.384185791015625E-07,1.));
#7643=IFCDIRECTION((0.,0.,1.));
#7644=IFCDIRECTION((0.99999999999997158,-2.3841857910155572E-07,0.));
#7645=IFCAXIS2PLACEMENT3D(#7642,#7643,#7644);
#7646=IFCLOCALPLACEMENT(#2261,#7645);
#7647=IFCCARTESIANPOINT((0.,0.,0.));
#7648=IFCDIRECTION((0.,0.,1.));
#7649=IFCDIRECTION((1.,0.,0.));
#7650=IFCAXIS2PLACEMENT3D(#7647,#7648,#7649);
#7651=IFCLOCALPLACEMENT(#7646,#7650);
#7652=IFCWINDOWTYPE('10_tbcUqf0UgVIMcTkNzt$',$,'Guest-1-GF',$,$,(#7653),(#7655,#7663,#7711),$,$,.WINDOW.,.SINGLE_PANEL.,$,$);
#7653=IFCPROPERTYSET('0A0Nn7WhrBtuR8Dfo_8Zmh',$,'BBIM_Window',$,(#7654));
#7654=IFCPROPERTYSINGLEVALUE('Data',$,IFCTEXT('{"window_type": "DOUBLE_PANEL_VERTICAL", "overall_height": 0.8999999761581421, "overall_width": 1.181768774986267, "lining_properties": {"lining_depth": 0.05000000074505806, "lining_thickness": 0.05000000074505806, "lining_offset": 0.05000000074505806, "lining_to_panel_offset_x": 0.02500000037252903, "lining_to_panel_offset_y": 0.02500000037252903, "mullion_thickness": 0.05000000074505806, "first_mullion_offset": 0.5746037364006042}, "panel_properties": {"frame_depth": [0.03500000014901161, 0.03500000014901161, 0.03500000014901161], "frame_thickness": [0.03500000014901161, 0.03500000014901161, 0.03500000014901161]}}'),$);
#7655=IFCREPRESENTATIONMAP(#7656,#8106);
#7656=IFCAXIS2PLACEMENT3D(#7657,#7658,#7659);
#7657=IFCCARTESIANPOINT((0.,0.,0.));
#7658=IFCDIRECTION((0.,0.,1.));
#7659=IFCDIRECTION((1.,0.,0.));
#7663=IFCREPRESENTATIONMAP(#7664,#8187);
#7664=IFCAXIS2PLACEMENT3D(#7665,#7666,#7667);
#7665=IFCCARTESIANPOINT((0.,0.,0.));
#7666=IFCDIRECTION((0.,0.,1.));
#7667=IFCDIRECTION((1.,0.,0.));
#7711=IFCREPRESENTATIONMAP(#7712,#8220);
#7712=IFCAXIS2PLACEMENT3D(#7713,#7714,#7715);
#7713=IFCCARTESIANPOINT((0.,0.,0.));
#7714=IFCDIRECTION((0.,0.,1.));
#7715=IFCDIRECTION((1.,0.,0.));
#7733=IFCWINDOW('3KLPjvLHjFSwpJJ8xAJcv5',$,'Window',$,$,#8245,#7743,$,0.89999997615814209,1.1817687749862671,$,.DOUBLE_PANEL_VERTICAL.,$);
#7735=IFCRELDEFINESBYTYPE('1SqssDtInATRnlf$TbEcZn',$,$,$,(#7733),#7652);
#7736=IFCCARTESIANPOINT((0.,0.,0.));
#7737=IFCDIRECTION((1.,0.,0.));
#7738=IFCDIRECTION((0.,1.,0.));
#7739=IFCDIRECTION((0.,0.,1.));
#7740=IFCCARTESIANTRANSFORMATIONOPERATOR3D(#7737,#7738,#7736,1.,#7739);
#7741=IFCMAPPEDITEM(#7655,#7740);
#7742=IFCSHAPEREPRESENTATION(#18,'Profile','MappedRepresentation',(#7741));
#7743=IFCPRODUCTDEFINITIONSHAPE($,$,(#7742,#7750,#7757));
#7744=IFCCARTESIANPOINT((0.,0.,0.));
#7745=IFCDIRECTION((1.,0.,0.));
#7746=IFCDIRECTION((0.,1.,0.));
#7747=IFCDIRECTION((0.,0.,1.));
#7748=IFCCARTESIANTRANSFORMATIONOPERATOR3D(#7745,#7746,#7744,1.,#7747);
#7749=IFCMAPPEDITEM(#7663,#7748);
#7750=IFCSHAPEREPRESENTATION(#11,'Body','MappedRepresentation',(#7749));
#7751=IFCCARTESIANPOINT((0.,0.,0.));
#7752=IFCDIRECTION((1.,0.,0.));
#7753=IFCDIRECTION((0.,1.,0.));
#7754=IFCDIRECTION((0.,0.,1.));
#7755=IFCCARTESIANTRANSFORMATIONOPERATOR3D(#7752,#7753,#7751,1.,#7754);
#7756=IFCMAPPEDITEM(#7711,#7755);
#7757=IFCSHAPEREPRESENTATION(#24,'Body','MappedRepresentation',(#7756));
#7758=IFCOPENINGELEMENT('0ZOhSh64f6MQsCfHlu5yCc',$,'Opening',$,$,#8240,#7786,$,.OPENING.);
#7774=IFCCARTESIANPOINT((0.,0.,0.));
#7775=IFCDIRECTION((1.,0.,0.));
#7776=IFCDIRECTION((0.,0.,1.));
#7777=IFCAXIS2PLACEMENT3D(#7774,#7776,#7775);
#7778=IFCREPRESENTATIONMAP(#7777,#8230);
#7779=IFCCARTESIANPOINT((0.,0.,0.));
#7780=IFCDIRECTION((1.,0.,0.));
#7781=IFCDIRECTION((0.,1.,0.));
#7782=IFCDIRECTION((0.,0.,1.));
#7783=IFCCARTESIANTRANSFORMATIONOPERATOR3D(#7780,#7781,#7779,1.,#7782);
#7784=IFCMAPPEDITEM(#7778,#7783);
#7785=IFCSHAPEREPRESENTATION(#11,'Body','MappedRepresentation',(#7784));
#7786=IFCPRODUCTDEFINITIONSHAPE($,$,(#7785));
#7787=IFCRELVOIDSELEMENT('0Uzxyppur0cwf6M_UHnS9r',$,$,$,#1108,#7758);
#7793=IFCRELFILLSELEMENT('1XPKcIvffEDuD_rVZCmrGG',$,$,$,#7758,#7733);
#7802=IFCCARTESIANPOINTLIST2D(((0.30000001192092896,0.),(0.,0.),(0.,0.89999997615814209),(0.30000001192092896,0.89999997615814209),(0.30000001192092896,0.87499997578561306),(0.02500000037252903,0.87499997578561306),(0.02500000037252903,0.02500000037252903),(0.30000001192092896,0.02500000037252903)));
#7803=IFCINDEXEDPOLYCURVE(#7802,(IFCLINEINDEX((1,2,3,4,5,6,7,8,1))),$);
#7804=IFCARBITRARYCLOSEDPROFILEDEF(.AREA.,$,#7803);
#7805=IFCCARTESIANPOINT((0.,0.090000001713633537,0.));
#7806=IFCDIRECTION((0.,-1.,0.));
#7807=IFCDIRECTION((1.,0.,0.));
#7808=IFCAXIS2PLACEMENT3D(#7805,#7806,#7807);
#7809=IFCDIRECTION((0.,0.,-1.));
#7810=IFCEXTRUDEDAREASOLID(#7804,#7808,#7809,0.0099999997764825821);
#7811=IFCCARTESIANPOINTLIST2D(((0.,0.),(0.30000001192092896,0.),(0.30000001192092896,0.89999997615814209),(0.,0.89999997615814209)));
#7812=IFCINDEXEDPOLYCURVE(#7811,(IFCLINEINDEX((1,2,3,4,1))),$);
#7813=IFCCARTESIANPOINTLIST2D(((0.05000000074505806,0.05000000074505806),(0.27500001154839993,0.05000000074505806),(0.27500001154839993,0.84999997541308403),(0.05000000074505806,0.84999997541308403)));
#7814=IFCINDEXEDPOLYCURVE(#7813,(IFCLINEINDEX((1,2,3,4,1))),$);
#7815=IFCARBITRARYPROFILEDEFWITHVOIDS(.AREA.,$,#7812,(#7814));
#7816=IFCCARTESIANPOINT((0.,0.05000000074505806,0.));
#7817=IFCDIRECTION((0.,-1.,0.));
#7818=IFCDIRECTION((1.,0.,0.));
#7819=IFCAXIS2PLACEMENT3D(#7816,#7817,#7818);
#7820=IFCDIRECTION((0.,0.,-1.));
#7821=IFCEXTRUDEDAREASOLID(#7815,#7819,#7820,0.040000000968575478);
#7822=IFCCARTESIANPOINTLIST2D(((0.,0.),(0.27500001154839993,0.),(0.27500001154839993,0.84999997541308403),(0.,0.84999997541308403)));
#7823=IFCINDEXEDPOLYCURVE(#7822,(IFCLINEINDEX((1,2,3,4,1))),$);
#7824=IFCCARTESIANPOINTLIST2D(((0.035000000149011612,0.035000000149011612),(0.24000001139938831,0.035000000149011612),(0.24000001139938831,0.81499997526407242),(0.035000000149011612,0.81499997526407242)));
#7825=IFCINDEXEDPOLYCURVE(#7824,(IFCLINEINDEX((1,2,3,4,1))),$);
#7826=IFCARBITRARYPROFILEDEFWITHVOIDS(.AREA.,$,#7823,(#7825));
#7827=IFCCARTESIANPOINT((0.02500000037252903,0.090000001713633537,0.02500000037252903));
#7828=IFCDIRECTION((0.,-1.,0.));
#7829=IFCDIRECTION((1.,0.,0.));
#7830=IFCAXIS2PLACEMENT3D(#7827,#7828,#7829);
#7831=IFCDIRECTION((0.,0.,-1.));
#7832=IFCEXTRUDEDAREASOLID(#7826,#7830,#7831,0.035000000149011612);
#7833=IFCINDEXEDPOLYCURVE(#7834,(IFCLINEINDEX((1,2,3,4,1))),$);
#7834=IFCCARTESIANPOINTLIST2D(((0.035000000149011612,0.035000000149011612),(0.24000001139938831,0.035000000149011612),(0.24000001139938831,0.81499997526407242),(0.035000000149011612,0.81499997526407242)));
#7835=IFCARBITRARYCLOSEDPROFILEDEF(.AREA.,$,#7833);
#7836=IFCCARTESIANPOINT((0.02500000037252903,0.10250000178813934,0.02500000037252903));
#7837=IFCDIRECTION((0.,-1.,0.));
#7838=IFCDIRECTION((1.,0.,0.));
#7839=IFCAXIS2PLACEMENT3D(#7836,#7837,#7838);
#7840=IFCDIRECTION((0.,0.,-1.));
#7841=IFCEXTRUDEDAREASOLID(#7835,#7839,#7840,0.01);
#7842=IFCCARTESIANPOINTLIST2D(((0.,0.89999997615814209),(0.47907340526580811,0.89999997615814209),(0.47907340526580811,0.),(0.,0.),(0.,0.02500000037252903),(0.45407340489327908,0.02500000037252903),(0.45407340489327908,0.87499997578561306),(0.,0.87499997578561306)));
#7843=IFCINDEXEDPOLYCURVE(#7842,(IFCLINEINDEX((1,2,3,4,5,6,7,8,1))),$);
#7844=IFCARBITRARYCLOSEDPROFILEDEF(.AREA.,$,#7843);
#7845=IFCCARTESIANPOINT((0.30000001192092896,0.090000001713633537,0.));
#7846=IFCDIRECTION((0.,-1.,0.));
#7847=IFCDIRECTION((1.,0.,0.));
#7848=IFCAXIS2PLACEMENT3D(#7845,#7846,#7847);
#7849=IFCDIRECTION((0.,0.,-1.));
#7850=IFCEXTRUDEDAREASOLID(#7844,#7848,#7849,0.0099999997764825821);
#7851=IFCCARTESIANPOINTLIST2D(((0.,0.),(0.47907340526580811,0.),(0.47907340526580811,0.89999997615814209),(0.,0.89999997615814209)));
#7852=IFCINDEXEDPOLYCURVE(#7851,(IFCLINEINDEX((1,2,3,4,1))),$);
#7853=IFCCARTESIANPOINTLIST2D(((0.02500000037252903,0.05000000074505806),(0.42907340452075005,0.05000000074505806),(0.42907340452075005,0.84999997541308403),(0.02500000037252903,0.84999997541308403)));
#7854=IFCINDEXEDPOLYCURVE(#7853,(IFCLINEINDEX((1,2,3,4,1))),$);
#7855=IFCARBITRARYPROFILEDEFWITHVOIDS(.AREA.,$,#7852,(#7854));
#7856=IFCCARTESIANPOINT((0.30000001192092896,0.05000000074505806,0.));
#7857=IFCDIRECTION((0.,-1.,0.));
#7858=IFCDIRECTION((1.,0.,0.));
#7859=IFCAXIS2PLACEMENT3D(#7856,#7857,#7858);
#7860=IFCDIRECTION((0.,0.,-1.));
#7861=IFCEXTRUDEDAREASOLID(#7855,#7859,#7860,0.040000000968575478);
#7862=IFCCARTESIANPOINTLIST2D(((0.,0.),(0.45407340489327908,0.),(0.45407340489327908,0.84999997541308403),(0.,0.84999997541308403)));
#7863=IFCINDEXEDPOLYCURVE(#7862,(IFCLINEINDEX((1,2,3,4,1))),$);
#7864=IFCCARTESIANPOINTLIST2D(((0.035000000149011612,0.035000000149011612),(0.41907340474426746,0.035000000149011612),(0.41907340474426746,0.81499997526407242),(0.035000000149011612,0.81499997526407242)));
#7865=IFCINDEXEDPOLYCURVE(#7864,(IFCLINEINDEX((1,2,3,4,1))),$);
#7866=IFCARBITRARYPROFILEDEFWITHVOIDS(.AREA.,$,#7863,(#7865));
#7867=IFCCARTESIANPOINT((0.30000001192092896,0.090000001713633537,0.02500000037252903));
#7868=IFCDIRECTION((0.,-1.,0.));
#7869=IFCDIRECTION((1.,0.,0.));
#7870=IFCAXIS2PLACEMENT3D(#7867,#7868,#7869);
#7871=IFCDIRECTION((0.,0.,-1.));
#7872=IFCEXTRUDEDAREASOLID(#7866,#7870,#7871,0.035000000149011612);
#7873=IFCINDEXEDPOLYCURVE(#7874,(IFCLINEINDEX((1,2,3,4,1))),$);
#7874=IFCCARTESIANPOINTLIST2D(((0.035000000149011612,0.035000000149011612),(0.41907340474426746,0.035000000149011612),(0.41907340474426746,0.81499997526407242),(0.035000000149011612,0.81499997526407242)));
#7875=IFCARBITRARYCLOSEDPROFILEDEF(.AREA.,$,#7873);
#7876=IFCCARTESIANPOINT((0.30000001192092896,0.10250000178813934,0.02500000037252903));
#7877=IFCDIRECTION((0.,-1.,0.));
#7878=IFCDIRECTION((1.,0.,0.));
#7879=IFCAXIS2PLACEMENT3D(#7876,#7877,#7878);
#7880=IFCDIRECTION((0.,0.,-1.));
#7881=IFCEXTRUDEDAREASOLID(#7875,#7879,#7880,0.01);
#7883=IFCSHAPEREPRESENTATION(#11,'Body','SweptSolid',(#7810,#8115,#7969,#7850,#8126,#7821,#8166,#8155,#7958,#7861,#7998,#8009));
#7884=IFCSHAPEASPECT((#7883),'Lining',$,.T.,#7743);
#7885=IFCSHAPEREPRESENTATION(#11,'Body','SweptSolid',(#7832,#8177,#7980,#7872,#8020,#8137));
#7886=IFCSHAPEASPECT((#7885),'Framing',$,.T.,#7743);
#7887=IFCSHAPEREPRESENTATION(#11,'Body','SweptSolid',(#8186,#7881,#7989,#8029,#8146,#7841));
#7888=IFCSHAPEASPECT((#7887),'Glazing',$,.T.,#7743);
#7950=IFCCARTESIANPOINTLIST2D(((0.57460373640060425,0.),(0.,0.),(0.,0.89999997615814209),(0.57460373640060425,0.89999997615814209),(0.57460373640060425,0.87499997578561306),(0.02500000037252903,0.87499997578561306),(0.02500000037252903,0.02500000037252903),(0.57460373640060425,0.02500000037252903)));
#7951=IFCINDEXEDPOLYCURVE(#7950,(IFCLINEINDEX((1,2,3,4,5,6,7,8,1))),$);
#7952=IFCARBITRARYCLOSEDPROFILEDEF(.AREA.,$,#7951);
#7953=IFCCARTESIANPOINT((0.,0.090000001713633537,0.));
#7954=IFCDIRECTION((0.,-1.,0.));
#7955=IFCDIRECTION((1.,0.,0.));
#7956=IFCAXIS2PLACEMENT3D(#7953,#7954,#7955);
#7957=IFCDIRECTION((0.,0.,-1.));
#7958=IFCEXTRUDEDAREASOLID(#7952,#7956,#7957,0.0099999997764825821);
#7959=IFCCARTESIANPOINTLIST2D(((0.,0.),(0.57460373640060425,0.),(0.57460373640060425,0.89999997615814209),(0.,0.89999997615814209)));
#7960=IFCINDEXEDPOLYCURVE(#7959,(IFCLINEINDEX((1,2,3,4,1))),$);
#7961=IFCCARTESIANPOINTLIST2D(((0.05000000074505806,0.05000000074505806),(0.54960373602807522,0.05000000074505806),(0.54960373602807522,0.84999997541308403),(0.05000000074505806,0.84999997541308403)));
#7962=IFCINDEXEDPOLYCURVE(#7961,(IFCLINEINDEX((1,2,3,4,1))),$);
#7963=IFCARBITRARYPROFILEDEFWITHVOIDS(.AREA.,$,#7960,(#7962));
#7964=IFCCARTESIANPOINT((0.,0.05000000074505806,0.));
#7965=IFCDIRECTION((0.,-1.,0.));
#7966=IFCDIRECTION((1.,0.,0.));
#7967=IFCAXIS2PLACEMENT3D(#7964,#7965,#7966);
#7968=IFCDIRECTION((0.,0.,-1.));
#7969=IFCEXTRUDEDAREASOLID(#7963,#7967,#7968,0.040000000968575478);
#7970=IFCCARTESIANPOINTLIST2D(((0.,0.),(0.54960373602807522,0.),(0.54960373602807522,0.84999997541308403),(0.,0.84999997541308403)));
#7971=IFCINDEXEDPOLYCURVE(#7970,(IFCLINEINDEX((1,2,3,4,1))),$);
#7972=IFCCARTESIANPOINTLIST2D(((0.035000000149011612,0.035000000149011612),(0.51460373587906361,0.035000000149011612),(0.51460373587906361,0.81499997526407242),(0.035000000149011612,0.81499997526407242)));
#7973=IFCINDEXEDPOLYCURVE(#7972,(IFCLINEINDEX((1,2,3,4,1))),$);
#7974=IFCARBITRARYPROFILEDEFWITHVOIDS(.AREA.,$,#7971,(#7973));
#7975=IFCCARTESIANPOINT((0.02500000037252903,0.090000001713633537,0.02500000037252903));
#7976=IFCDIRECTION((0.,-1.,0.));
#7977=IFCDIRECTION((1.,0.,0.));
#7978=IFCAXIS2PLACEMENT3D(#7975,#7976,#7977);
#7979=IFCDIRECTION((0.,0.,-1.));
#7980=IFCEXTRUDEDAREASOLID(#7974,#7978,#7979,0.035000000149011612);
#7981=IFCINDEXEDPOLYCURVE(#7982,(IFCLINEINDEX((1,2,3,4,1))),$);
#7982=IFCCARTESIANPOINTLIST2D(((0.035000000149011612,0.035000000149011612),(0.51460373587906361,0.035000000149011612),(0.51460373587906361,0.81499997526407242),(0.035000000149011612,0.81499997526407242)));
#7983=IFCARBITRARYCLOSEDPROFILEDEF(.AREA.,$,#7981);
#7984=IFCCARTESIANPOINT((0.02500000037252903,0.10250000178813934,0.02500000037252903));
#7985=IFCDIRECTION((0.,-1.,0.));
#7986=IFCDIRECTION((1.,0.,0.));
#7987=IFCAXIS2PLACEMENT3D(#7984,#7985,#7986);
#7988=IFCDIRECTION((0.,0.,-1.));
#7989=IFCEXTRUDEDAREASOLID(#7983,#7987,#7988,0.01);
#7990=IFCCARTESIANPOINTLIST2D(((0.,0.89999997615814209),(0.60716503858566284,0.89999997615814209),(0.60716503858566284,0.),(0.,0.),(0.,0.02500000037252903),(0.58216503821313381,0.02500000037252903),(0.58216503821313381,0.87499997578561306),(0.,0.87499997578561306)));
#7991=IFCINDEXEDPOLYCURVE(#7990,(IFCLINEINDEX((1,2,3,4,5,6,7,8,1))),$);
#7992=IFCARBITRARYCLOSEDPROFILEDEF(.AREA.,$,#7991);
#7993=IFCCARTESIANPOINT((0.57460373640060425,0.090000001713633537,0.));
#7994=IFCDIRECTION((0.,-1.,0.));
#7995=IFCDIRECTION((1.,0.,0.));
#7996=IFCAXIS2PLACEMENT3D(#7993,#7994,#7995);
#7997=IFCDIRECTION((0.,0.,-1.));
#7998=IFCEXTRUDEDAREASOLID(#7992,#7996,#7997,0.0099999997764825821);
#7999=IFCCARTESIANPOINTLIST2D(((0.,0.),(0.60716503858566284,0.),(0.60716503858566284,0.89999997615814209),(0.,0.89999997615814209)));
#8000=IFCINDEXEDPOLYCURVE(#7999,(IFCLINEINDEX((1,2,3,4,1))),$);
#8001=IFCCARTESIANPOINTLIST2D(((0.02500000037252903,0.05000000074505806),(0.55716503784060478,0.05000000074505806),(0.55716503784060478,0.84999997541308403),(0.02500000037252903,0.84999997541308403)));
#8002=IFCINDEXEDPOLYCURVE(#8001,(IFCLINEINDEX((1,2,3,4,1))),$);
#8003=IFCARBITRARYPROFILEDEFWITHVOIDS(.AREA.,$,#8000,(#8002));
#8004=IFCCARTESIANPOINT((0.57460373640060425,0.05000000074505806,0.));
#8005=IFCDIRECTION((0.,-1.,0.));
#8006=IFCDIRECTION((1.,0.,0.));
#8007=IFCAXIS2PLACEMENT3D(#8004,#8005,#8006);
#8008=IFCDIRECTION((0.,0.,-1.));
#8009=IFCEXTRUDEDAREASOLID(#8003,#8007,#8008,0.040000000968575478);
#8010=IFCCARTESIANPOINTLIST2D(((0.,0.),(0.58216503821313381,0.),(0.58216503821313381,0.84999997541308403),(0.,0.84999997541308403)));
#8011=IFCINDEXEDPOLYCURVE(#8010,(IFCLINEINDEX((1,2,3,4,1))),$);
#8012=IFCCARTESIANPOINTLIST2D(((0.035000000149011612,0.035000000149011612),(0.5471650380641222,0.035000000149011612),(0.5471650380641222,0.81499997526407242),(0.035000000149011612,0.81499997526407242)));
#8013=IFCINDEXEDPOLYCURVE(#8012,(IFCLINEINDEX((1,2,3,4,1))),$);
#8014=IFCARBITRARYPROFILEDEFWITHVOIDS(.AREA.,$,#8011,(#8013));
#8015=IFCCARTESIANPOINT((0.57460373640060425,0.090000001713633537,0.02500000037252903));
#8016=IFCDIRECTION((0.,-1.,0.));
#8017=IFCDIRECTION((1.,0.,0.));
#8018=IFCAXIS2PLACEMENT3D(#8015,#8016,#8017);
#8019=IFCDIRECTION((0.,0.,-1.));
#8020=IFCEXTRUDEDAREASOLID(#8014,#8018,#8019,0.035000000149011612);
#8021=IFCINDEXEDPOLYCURVE(#8022,(IFCLINEINDEX((1,2,3,4,1))),$);
#8022=IFCCARTESIANPOINTLIST2D(((0.035000000149011612,0.035000000149011612),(0.5471650380641222,0.035000000149011612),(0.5471650380641222,0.81499997526407242),(0.035000000149011612,0.81499997526407242)));
#8023=IFCARBITRARYCLOSEDPROFILEDEF(.AREA.,$,#8021);
#8024=IFCCARTESIANPOINT((0.57460373640060425,0.10250000178813934,0.02500000037252903));
#8025=IFCDIRECTION((0.,-1.,0.));
#8026=IFCDIRECTION((1.,0.,0.));
#8027=IFCAXIS2PLACEMENT3D(#8024,#8025,#8026);
#8028=IFCDIRECTION((0.,0.,-1.));
#8029=IFCEXTRUDEDAREASOLID(#8023,#8027,#8028,0.01);
#8104=IFCCARTESIANPOINTLIST3D(((0.,0.,0.),(1.1817687749862671,0.,0.),(1.1817687749862671,0.,0.89999997615814209),(0.,0.,0.89999997615814209)));
#8105=IFCINDEXEDPOLYCURVE(#8104,(IFCLINEINDEX((1,2,3,4,1))),$);
#8106=IFCSHAPEREPRESENTATION(#18,'Profile','Curve3D',(#8105));
#8107=IFCCARTESIANPOINTLIST2D(((0.57460373640060425,0.),(0.,0.),(0.,0.89999997615814209),(0.57460373640060425,0.89999997615814209),(0.57460373640060425,0.87499997578561306),(0.02500000037252903,0.87499997578561306),(0.02500000037252903,0.02500000037252903),(0.57460373640060425,0.02500000037252903)));
#8108=IFCINDEXEDPOLYCURVE(#8107,(IFCLINEINDEX((1,2,3,4,5,6,7,8,1))),$);
#8109=IFCARBITRARYCLOSEDPROFILEDEF(.AREA.,$,#8108);
#8110=IFCCARTESIANPOINT((0.,0.090000001713633537,0.));
#8111=IFCDIRECTION((0.,-1.,0.));
#8112=IFCDIRECTION((1.,0.,0.));
#8113=IFCAXIS2PLACEMENT3D(#8110,#8111,#8112);
#8114=IFCDIRECTION((0.,0.,-1.));
#8115=IFCEXTRUDEDAREASOLID(#8109,#8113,#8114,0.0099999997764825821);
#8116=IFCCARTESIANPOINTLIST2D(((0.,0.),(0.57460373640060425,0.),(0.57460373640060425,0.89999997615814209),(0.,0.89999997615814209)));
#8117=IFCINDEXEDPOLYCURVE(#8116,(IFCLINEINDEX((1,2,3,4,1))),$);
#8118=IFCCARTESIANPOINTLIST2D(((0.05000000074505806,0.05000000074505806),(0.54960373602807522,0.05000000074505806),(0.54960373602807522,0.84999997541308403),(0.05000000074505806,0.84999997541308403)));
#8119=IFCINDEXEDPOLYCURVE(#8118,(IFCLINEINDEX((1,2,3,4,1))),$);
#8120=IFCARBITRARYPROFILEDEFWITHVOIDS(.AREA.,$,#8117,(#8119));
#8121=IFCCARTESIANPOINT((0.,0.05000000074505806,0.));
#8122=IFCDIRECTION((0.,-1.,0.));
#8123=IFCDIRECTION((1.,0.,0.));
#8124=IFCAXIS2PLACEMENT3D(#8121,#8122,#8123);
#8125=IFCDIRECTION((0.,0.,-1.));
#8126=IFCEXTRUDEDAREASOLID(#8120,#8124,#8125,0.040000000968575478);
#8127=IFCCARTESIANPOINTLIST2D(((0.,0.),(0.54960373602807522,0.),(0.54960373602807522,0.84999997541308403),(0.,0.84999997541308403)));
#8128=IFCINDEXEDPOLYCURVE(#8127,(IFCLINEINDEX((1,2,3,4,1))),$);
#8129=IFCCARTESIANPOINTLIST2D(((0.035000000149011612,0.035000000149011612),(0.51460373587906361,0.035000000149011612),(0.51460373587906361,0.81499997526407242),(0.035000000149011612,0.81499997526407242)));
#8130=IFCINDEXEDPOLYCURVE(#8129,(IFCLINEINDEX((1,2,3,4,1))),$);
#8131=IFCARBITRARYPROFILEDEFWITHVOIDS(.AREA.,$,#8128,(#8130));
#8132=IFCCARTESIANPOINT((0.02500000037252903,0.090000001713633537,0.02500000037252903));
#8133=IFCDIRECTION((0.,-1.,0.));
#8134=IFCDIRECTION((1.,0.,0.));
#8135=IFCAXIS2PLACEMENT3D(#8132,#8133,#8134);
#8136=IFCDIRECTION((0.,0.,-1.));
#8137=IFCEXTRUDEDAREASOLID(#8131,#8135,#8136,0.035000000149011612);
#8138=IFCINDEXEDPOLYCURVE(#8139,(IFCLINEINDEX((1,2,3,4,1))),$);
#8139=IFCCARTESIANPOINTLIST2D(((0.035000000149011612,0.035000000149011612),(0.51460373587906361,0.035000000149011612),(0.51460373587906361,0.81499997526407242),(0.035000000149011612,0.81499997526407242)));
#8140=IFCARBITRARYCLOSEDPROFILEDEF(.AREA.,$,#8138);
#8141=IFCCARTESIANPOINT((0.02500000037252903,0.10250000178813934,0.02500000037252903));
#8142=IFCDIRECTION((0.,-1.,0.));
#8143=IFCDIRECTION((1.,0.,0.));
#8144=IFCAXIS2PLACEMENT3D(#8141,#8142,#8143);
#8145=IFCDIRECTION((0.,0.,-1.));
#8146=IFCEXTRUDEDAREASOLID(#8140,#8144,#8145,0.01);
#8147=IFCCARTESIANPOINTLIST2D(((0.,0.89999997615814209),(0.60716503858566284,0.89999997615814209),(0.60716503858566284,0.),(0.,0.),(0.,0.02500000037252903),(0.58216503821313381,0.02500000037252903),(0.58216503821313381,0.87499997578561306),(0.,0.87499997578561306)));
#8148=IFCINDEXEDPOLYCURVE(#8147,(IFCLINEINDEX((1,2,3,4,5,6,7,8,1))),$);
#8149=IFCARBITRARYCLOSEDPROFILEDEF(.AREA.,$,#8148);
#8150=IFCCARTESIANPOINT((0.57460373640060425,0.090000001713633537,0.));
#8151=IFCDIRECTION((0.,-1.,0.));
#8152=IFCDIRECTION((1.,0.,0.));
#8153=IFCAXIS2PLACEMENT3D(#8150,#8151,#8152);
#8154=IFCDIRECTION((0.,0.,-1.));
#8155=IFCEXTRUDEDAREASOLID(#8149,#8153,#8154,0.0099999997764825821);
#8156=IFCCARTESIANPOINTLIST2D(((0.,0.),(0.60716503858566284,0.),(0.60716503858566284,0.89999997615814209),(0.,0.89999997615814209)));
#8157=IFCINDEXEDPOLYCURVE(#8156,(IFCLINEINDEX((1,2,3,4,1))),$);
#8158=IFCCARTESIANPOINTLIST2D(((0.02500000037252903,0.05000000074505806),(0.55716503784060478,0.05000000074505806),(0.55716503784060478,0.84999997541308403),(0.02500000037252903,0.84999997541308403)));
#8159=IFCINDEXEDPOLYCURVE(#8158,(IFCLINEINDEX((1,2,3,4,1))),$);
#8160=IFCARBITRARYPROFILEDEFWITHVOIDS(.AREA.,$,#8157,(#8159));
#8161=IFCCARTESIANPOINT((0.57460373640060425,0.05000000074505806,0.));
#8162=IFCDIRECTION((0.,-1.,0.));
#8163=IFCDIRECTION((1.,0.,0.));
#8164=IFCAXIS2PLACEMENT3D(#8161,#8162,#8163);
#8165=IFCDIRECTION((0.,0.,-1.));
#8166=IFCEXTRUDEDAREASOLID(#8160,#8164,#8165,0.040000000968575478);
#8167=IFCCARTESIANPOINTLIST2D(((0.,0.),(0.58216503821313381,0.),(0.58216503821313381,0.84999997541308403),(0.,0.84999997541308403)));
#8168=IFCINDEXEDPOLYCURVE(#8167,(IFCLINEINDEX((1,2,3,4,1))),$);
#8169=IFCCARTESIANPOINTLIST2D(((0.035000000149011612,0.035000000149011612),(0.5471650380641222,0.035000000149011612),(0.5471650380641222,0.81499997526407242),(0.035000000149011612,0.81499997526407242)));
#8170=IFCINDEXEDPOLYCURVE(#8169,(IFCLINEINDEX((1,2,3,4,1))),$);
#8171=IFCARBITRARYPROFILEDEFWITHVOIDS(.AREA.,$,#8168,(#8170));
#8172=IFCCARTESIANPOINT((0.57460373640060425,0.090000001713633537,0.02500000037252903));
#8173=IFCDIRECTION((0.,-1.,0.));
#8174=IFCDIRECTION((1.,0.,0.));
#8175=IFCAXIS2PLACEMENT3D(#8172,#8173,#8174);
#8176=IFCDIRECTION((0.,0.,-1.));
#8177=IFCEXTRUDEDAREASOLID(#8171,#8175,#8176,0.035000000149011612);
#8178=IFCINDEXEDPOLYCURVE(#8179,(IFCLINEINDEX((1,2,3,4,1))),$);
#8179=IFCCARTESIANPOINTLIST2D(((0.035000000149011612,0.035000000149011612),(0.5471650380641222,0.035000000149011612),(0.5471650380641222,0.81499997526407242),(0.035000000149011612,0.81499997526407242)));
#8180=IFCARBITRARYCLOSEDPROFILEDEF(.AREA.,$,#8178);
#8181=IFCCARTESIANPOINT((0.57460373640060425,0.10250000178813934,0.02500000037252903));
#8182=IFCDIRECTION((0.,-1.,0.));
#8183=IFCDIRECTION((1.,0.,0.));
#8184=IFCAXIS2PLACEMENT3D(#8181,#8182,#8183);
#8185=IFCDIRECTION((0.,0.,-1.));
#8186=IFCEXTRUDEDAREASOLID(#8180,#8184,#8185,0.01);
#8187=IFCSHAPEREPRESENTATION(#11,'Body','SweptSolid',(#8115,#8126,#8137,#8146,#8155,#8166,#8177,#8186));
#8188=IFCCARTESIANPOINTLIST2D(((0.05000000074505806,0.05000000074505806),(0.54960373602807522,0.05000000074505806)));
#8189=IFCINDEXEDPOLYCURVE(#8188,$,$);
#8190=IFCCARTESIANPOINTLIST2D(((0.,0.10000000149011612),(0.02500000037252903,0.10000000149011612),(0.02500000037252903,0.090000001713633537),(0.05000000074505806,0.090000001713633537),(0.05000000074505806,0.05000000074505806),(0.,0.05000000074505806)));
#8191=IFCINDEXEDPOLYCURVE(#8190,(IFCLINEINDEX((1,2,3,4,5,6,1))),$);
#8192=IFCCARTESIANPOINTLIST2D(((0.57460373640060425,0.10000000149011612),(0.57460373640060425,0.10000000149011612),(0.57460373640060425,0.090000001713633537),(0.54960373602807522,0.090000001713633537),(0.54960373602807522,0.05000000074505806),(0.57460373640060425,0.05000000074505806)));
#8193=IFCINDEXEDPOLYCURVE(#8192,$,$);
#8194=IFCCARTESIANPOINTLIST2D(((0.02500000037252903,0.090000001713633537),(0.060000000521540642,0.090000001713633537),(0.060000000521540642,0.12500000186264515),(0.02500000037252903,0.12500000186264515)));
#8195=IFCINDEXEDPOLYCURVE(#8194,(IFCLINEINDEX((1,2,3,4,1))),$);
#8196=IFCINDEXEDPOLYCURVE(#8197,(IFCLINEINDEX((1,2,3,4,1))),$);
#8197=IFCCARTESIANPOINTLIST2D(((0.57460373640060425,0.090000001713633537),(0.53960373625159264,0.090000001713633537),(0.53960373625159264,0.12500000186264515),(0.57460373640060425,0.12500000186264515)));
#8198=IFCCARTESIANPOINTLIST2D(((0.060000000521540642,0.090000001713633537),(0.53960373625159264,0.090000001713633537)));
#8199=IFCINDEXEDPOLYCURVE(#8198,$,$);
#8200=IFCINDEXEDPOLYCURVE(#8201,$,$);
#8201=IFCCARTESIANPOINTLIST2D(((0.060000000521540642,0.12500000186264515),(0.53960373625159264,0.12500000186264515)));
#8202=IFCINDEXEDPOLYCURVE(#8203,$,$);
#8203=IFCCARTESIANPOINTLIST2D(((0.060000000521540642,0.10750000178813934),(0.53960373625159264,0.10750000178813934)));
#8204=IFCCARTESIANPOINTLIST2D(((0.59960373677313328,0.05000000074505806),(1.131768774241209,0.05000000074505806)));
#8205=IFCINDEXEDPOLYCURVE(#8204,$,$);
#8206=IFCCARTESIANPOINTLIST2D(((0.57460373640060425,0.10000000149011612),(0.57460373640060425,0.10000000149011612),(0.57460373640060425,0.090000001713633537),(0.59960373677313328,0.090000001713633537),(0.59960373677313328,0.05000000074505806),(0.57460373640060425,0.05000000074505806)));
#8207=IFCINDEXEDPOLYCURVE(#8206,$,$);
#8208=IFCCARTESIANPOINTLIST2D(((1.1817687749862671,0.10000000149011612),(1.1567687746137381,0.10000000149011612),(1.1567687746137381,0.090000001713633537),(1.131768774241209,0.090000001713633537),(1.131768774241209,0.05000000074505806),(1.1817687749862671,0.05000000074505806)));
#8209=IFCINDEXEDPOLYCURVE(#8208,(IFCLINEINDEX((1,2,3,4,5,6,1))),$);
#8210=IFCCARTESIANPOINTLIST2D(((0.57460373640060425,0.090000001713633537),(0.60960373654961586,0.090000001713633537),(0.60960373654961586,0.12500000186264515),(0.57460373640060425,0.12500000186264515)));
#8211=IFCINDEXEDPOLYCURVE(#8210,(IFCLINEINDEX((1,2,3,4,1))),$);
#8212=IFCINDEXEDPOLYCURVE(#8213,(IFCLINEINDEX((1,2,3,4,1))),$);
#8213=IFCCARTESIANPOINTLIST2D(((1.1567687746137381,0.090000001713633537),(1.1217687744647264,0.090000001713633537),(1.1217687744647264,0.12500000186264515),(1.1567687746137381,0.12500000186264515)));
#8214=IFCCARTESIANPOINTLIST2D(((0.60960373654961586,0.090000001713633537),(1.1217687744647264,0.090000001713633537)));
#8215=IFCINDEXEDPOLYCURVE(#8214,$,$);
#8216=IFCINDEXEDPOLYCURVE(#8217,$,$);
#8217=IFCCARTESIANPOINTLIST2D(((0.60960373654961586,0.12500000186264515),(1.1217687744647264,0.12500000186264515)));
#8218=IFCINDEXEDPOLYCURVE(#8219,$,$);
#8219=IFCCARTESIANPOINTLIST2D(((0.60960373654961586,0.10750000178813934),(1.1217687744647264,0.10750000178813934)));
#8220=IFCSHAPEREPRESENTATION(#24,'Body','Curve2D',(#8189,#8191,#8193,#8195,#8196,#8199,#8200,#8202,#8205,#8207,#8209,#8211,#8212,#8215,#8216,#8218));
#8221=IFCCARTESIANPOINTLIST2D(((0.,0.),(1.1817687749862671,0.),(1.1817687749862671,0.89999997615814209),(0.,0.89999997615814209)));
#8222=IFCINDEXEDPOLYCURVE(#8221,(IFCLINEINDEX((1,2,3,4,1))),$);
#8223=IFCARBITRARYCLOSEDPROFILEDEF(.AREA.,$,#8222);
#8224=IFCCARTESIANPOINT((0.,-0.60000002384185791,0.));
#8225=IFCDIRECTION((0.,-1.,0.));
#8226=IFCDIRECTION((1.,0.,0.));
#8227=IFCAXIS2PLACEMENT3D(#8224,#8225,#8226);
#8228=IFCDIRECTION((0.,0.,-1.));
#8229=IFCEXTRUDEDAREASOLID(#8223,#8227,#8228,1.2);
#8230=IFCSHAPEREPRESENTATION(#11,'Body','SweptSolid',(#8229));
#8236=IFCCARTESIANPOINT((1.0328230545985821,2.6822090148925781E-07,1.));
#8237=IFCDIRECTION((0.,0.,1.));
#8238=IFCDIRECTION((0.99999999999997158,-2.3841857910155572E-07,0.));
#8239=IFCAXIS2PLACEMENT3D(#8236,#8237,#8238);
#8240=IFCLOCALPLACEMENT(#1390,#8239);
#8241=IFCCARTESIANPOINT((4.4408920985006262E-16,0.,0.));
#8242=IFCDIRECTION((0.,0.,1.));
#8243=IFCDIRECTION((1.,0.,0.));
#8244=IFCAXIS2PLACEMENT3D(#8241,#8242,#8243);
#8245=IFCLOCALPLACEMENT(#8240,#8244);
#8246=IFCWINDOWTYPE('2E_lRMTRb0z9NAiLgxZ8T5',$,'Guest-2-GF',$,$,(#8247),(#8249,#8257,#8305),$,$,.WINDOW.,.SINGLE_PANEL.,$,$);
#8247=IFCPROPERTYSET('2i6qJGJ957EvA6DOX91$i3',$,'BBIM_Window',$,(#8248));
#8248=IFCPROPERTYSINGLEVALUE('Data',$,IFCTEXT('{"window_type": "SINGLE_PANEL", "overall_height": 0.8999999761581421, "overall_width": 0.7790734171867371, "lining_properties": {"lining_depth": 0.05000000074505806, "lining_thickness": 0.05000000074505806, "lining_offset": 0.05000000074505806, "lining_to_panel_offset_x": 0.02500000037252903, "lining_to_panel_offset_y": 0.02500000037252903}, "panel_properties": {"frame_depth": [0.03500000014901161, 0.03500000014901161, 0.03500000014901161], "frame_thickness": [0.03500000014901161, 0.03500000014901161, 0.03500000014901161]}}'),$);
#8249=IFCREPRESENTATIONMAP(#8250,#8254);
#8250=IFCAXIS2PLACEMENT3D(#8251,#8252,#8253);
#8251=IFCCARTESIANPOINT((0.,0.,0.));
#8252=IFCDIRECTION((0.,0.,1.));
#8253=IFCDIRECTION((1.,0.,0.));
#8254=IFCSHAPEREPRESENTATION(#18,'Profile','Curve3D',(#8255));
#8255=IFCINDEXEDPOLYCURVE(#8256,(IFCLINEINDEX((1,2,3,4,1))),$);
#8256=IFCCARTESIANPOINTLIST3D(((0.,0.,0.),(0.77907341718673706,0.,0.),(0.77907341718673706,0.,0.89999997615814209),(0.,0.,0.89999997615814209)));
#8257=IFCREPRESENTATIONMAP(#8258,#8262);
#8258=IFCAXIS2PLACEMENT3D(#8259,#8260,#8261);
#8259=IFCCARTESIANPOINT((0.,0.,0.));
#8260=IFCDIRECTION((0.,0.,1.));
#8261=IFCDIRECTION((1.,0.,0.));
#8262=IFCSHAPEREPRESENTATION(#11,'Body','SweptSolid',(#8263,#8274,#8285,#8296));
#8263=IFCEXTRUDEDAREASOLID(#8264,#8269,#8273,0.0099999997764825821);
#8264=IFCARBITRARYPROFILEDEFWITHVOIDS(.AREA.,$,#8265,(#8267));
#8265=IFCINDEXEDPOLYCURVE(#8266,(IFCLINEINDEX((1,2,3,4,1))),$);
#8266=IFCCARTESIANPOINTLIST2D(((0.,0.),(0.77907341718673706,0.),(0.77907341718673706,0.89999997615814209),(0.,0.89999997615814209)));
#8267=IFCINDEXEDPOLYCURVE(#8268,(IFCLINEINDEX((1,2,3,4,1))),$);
#8268=IFCCARTESIANPOINTLIST2D(((0.02500000037252903,0.02500000037252903),(0.75407341681420803,0.02500000037252903),(0.75407341681420803,0.87499997578561306),(0.02500000037252903,0.87499997578561306)));
#8269=IFCAXIS2PLACEMENT3D(#8270,#8271,#8272);
#8270=IFCCARTESIANPOINT((0.,0.090000001713633537,0.));
#8271=IFCDIRECTION((0.,-1.,0.));
#8272=IFCDIRECTION((1.,0.,0.));
#8273=IFCDIRECTION((0.,0.,-1.));
#8274=IFCEXTRUDEDAREASOLID(#8275,#8280,#8284,0.040000000968575478);
#8275=IFCARBITRARYPROFILEDEFWITHVOIDS(.AREA.,$,#8276,(#8278));
#8276=IFCINDEXEDPOLYCURVE(#8277,(IFCLINEINDEX((1,2,3,4,1))),$);
#8277=IFCCARTESIANPOINTLIST2D(((0.,0.),(0.77907341718673706,0.),(0.77907341718673706,0.89999997615814209),(0.,0.89999997615814209)));
#8278=IFCINDEXEDPOLYCURVE(#8279,(IFCLINEINDEX((1,2,3,4,1))),$);
#8279=IFCCARTESIANPOINTLIST2D(((0.05000000074505806,0.05000000074505806),(0.729073416441679,0.05000000074505806),(0.729073416441679,0.84999997541308403),(0.05000000074505806,0.84999997541308403)));
#8280=IFCAXIS2PLACEMENT3D(#8281,#8282,#8283);
#8281=IFCCARTESIANPOINT((0.,0.05000000074505806,0.));
#8282=IFCDIRECTION((0.,-1.,0.));
#8283=IFCDIRECTION((1.,0.,0.));
#8284=IFCDIRECTION((0.,0.,-1.));
#8285=IFCEXTRUDEDAREASOLID(#8286,#8291,#8295,0.035000000149011612);
#8286=IFCARBITRARYPROFILEDEFWITHVOIDS(.AREA.,$,#8287,(#8289));
#8287=IFCINDEXEDPOLYCURVE(#8288,(IFCLINEINDEX((1,2,3,4,1))),$);
#8288=IFCCARTESIANPOINTLIST2D(((0.,0.),(0.729073416441679,0.),(0.729073416441679,0.84999997541308403),(0.,0.84999997541308403)));
#8289=IFCINDEXEDPOLYCURVE(#8290,(IFCLINEINDEX((1,2,3,4,1))),$);
#8290=IFCCARTESIANPOINTLIST2D(((0.035000000149011612,0.035000000149011612),(0.69407341629266739,0.035000000149011612),(0.69407341629266739,0.81499997526407242),(0.035000000149011612,0.81499997526407242)));
#8291=IFCAXIS2PLACEMENT3D(#8292,#8293,#8294);
#8292=IFCCARTESIANPOINT((0.02500000037252903,0.090000001713633537,0.02500000037252903));
#8293=IFCDIRECTION((0.,-1.,0.));
#8294=IFCDIRECTION((1.,0.,0.));
#8295=IFCDIRECTION((0.,0.,-1.));
#8296=IFCEXTRUDEDAREASOLID(#8297,#8300,#8304,0.01);
#8297=IFCARBITRARYCLOSEDPROFILEDEF(.AREA.,$,#8298);
#8298=IFCINDEXEDPOLYCURVE(#8299,(IFCLINEINDEX((1,2,3,4,1))),$);
#8299=IFCCARTESIANPOINTLIST2D(((0.035000000149011612,0.035000000149011612),(0.69407341629266739,0.035000000149011612),(0.69407341629266739,0.81499997526407242),(0.035000000149011612,0.81499997526407242)));
#8300=IFCAXIS2PLACEMENT3D(#8301,#8302,#8303);
#8301=IFCCARTESIANPOINT((0.02500000037252903,0.10250000178813934,0.02500000037252903));
#8302=IFCDIRECTION((0.,-1.,0.));
#8303=IFCDIRECTION((1.,0.,0.));
#8304=IFCDIRECTION((0.,0.,-1.));
#8305=IFCREPRESENTATIONMAP(#8306,#8310);
#8306=IFCAXIS2PLACEMENT3D(#8307,#8308,#8309);
#8307=IFCCARTESIANPOINT((0.,0.,0.));
#8308=IFCDIRECTION((0.,0.,1.));
#8309=IFCDIRECTION((1.,0.,0.));
#8310=IFCSHAPEREPRESENTATION(#24,'Body','Curve2D',(#8311,#8313,#8315,#8317,#8319,#8321,#8323,#8325));
#8311=IFCINDEXEDPOLYCURVE(#8312,$,$);
#8312=IFCCARTESIANPOINTLIST2D(((0.05000000074505806,0.05000000074505806),(0.729073416441679,0.05000000074505806)));
#8313=IFCINDEXEDPOLYCURVE(#8314,(IFCLINEINDEX((1,2,3,4,5,6,1))),$);
#8314=IFCCARTESIANPOINTLIST2D(((0.,0.10000000149011612),(0.02500000037252903,0.10000000149011612),(0.02500000037252903,0.090000001713633537),(0.05000000074505806,0.090000001713633537),(0.05000000074505806,0.05000000074505806),(0.,0.05000000074505806)));
#8315=IFCINDEXEDPOLYCURVE(#8316,(IFCLINEINDEX((1,2,3,4,5,6,1))),$);
#8316=IFCCARTESIANPOINTLIST2D(((0.77907341718673706,0.10000000149011612),(0.75407341681420803,0.10000000149011612),(0.75407341681420803,0.090000001713633537),(0.729073416441679,0.090000001713633537),(0.729073416441679,0.05000000074505806),(0.77907341718673706,0.05000000074505806)));
#8317=IFCINDEXEDPOLYCURVE(#8318,(IFCLINEINDEX((1,2,3,4,1))),$);
#8318=IFCCARTESIANPOINTLIST2D(((0.02500000037252903,0.090000001713633537),(0.060000000521540642,0.090000001713633537),(0.060000000521540642,0.12500000186264515),(0.02500000037252903,0.12500000186264515)));
#8319=IFCINDEXEDPOLYCURVE(#8320,(IFCLINEINDEX((1,2,3,4,1))),$);
#8320=IFCCARTESIANPOINTLIST2D(((0.75407341681420803,0.090000001713633537),(0.71907341666519642,0.090000001713633537),(0.71907341666519642,0.12500000186264515),(0.75407341681420803,0.12500000186264515)));
#8321=IFCINDEXEDPOLYCURVE(#8322,$,$);
#8322=IFCCARTESIANPOINTLIST2D(((0.060000000521540642,0.090000001713633537),(0.71907341666519642,0.090000001713633537)));
#8323=IFCINDEXEDPOLYCURVE(#8324,$,$);
#8324=IFCCARTESIANPOINTLIST2D(((0.060000000521540642,0.12500000186264515),(0.71907341666519642,0.12500000186264515)));
#8325=IFCINDEXEDPOLYCURVE(#8326,$,$);
#8326=IFCCARTESIANPOINTLIST2D(((0.060000000521540642,0.10750000178813934),(0.71907341666519642,0.10750000178813934)));
#8327=IFCWINDOW('175LjKxA14PgEfqSaglgr9',$,'Window',$,$,#8777,#8337,$,0.89999997615814209,0.77907341718673706,$,$,$);
#8329=IFCRELDEFINESBYTYPE('0QNkKEzAv7E8mAFd8qux9x',$,$,$,(#8327),#8246);
#8330=IFCCARTESIANPOINT((0.,0.,0.));
#8331=IFCDIRECTION((1.,0.,0.));
#8332=IFCDIRECTION((0.,1.,0.));
#8333=IFCDIRECTION((0.,0.,1.));
#8334=IFCCARTESIANTRANSFORMATIONOPERATOR3D(#8331,#8332,#8330,1.,#8333);
#8335=IFCMAPPEDITEM(#8249,#8334);
#8336=IFCSHAPEREPRESENTATION(#18,'Profile','MappedRepresentation',(#8335));
#8337=IFCPRODUCTDEFINITIONSHAPE($,$,(#8336,#8344,#8351));
#8338=IFCCARTESIANPOINT((0.,0.,0.));
#8339=IFCDIRECTION((1.,0.,0.));
#8340=IFCDIRECTION((0.,1.,0.));
#8341=IFCDIRECTION((0.,0.,1.));
#8342=IFCCARTESIANTRANSFORMATIONOPERATOR3D(#8339,#8340,#8338,1.,#8341);
#8343=IFCMAPPEDITEM(#8257,#8342);
#8344=IFCSHAPEREPRESENTATION(#11,'Body','MappedRepresentation',(#8343));
#8345=IFCCARTESIANPOINT((0.,0.,0.));
#8346=IFCDIRECTION((1.,0.,0.));
#8347=IFCDIRECTION((0.,1.,0.));
#8348=IFCDIRECTION((0.,0.,1.));
#8349=IFCCARTESIANTRANSFORMATIONOPERATOR3D(#8346,#8347,#8345,1.,#8348);
#8350=IFCMAPPEDITEM(#8305,#8349);
#8351=IFCSHAPEREPRESENTATION(#24,'Body','MappedRepresentation',(#8350));
#8352=IFCOPENINGELEMENT('2zgLS8bgjBjQxqczAJOHbO',$,'Opening',$,$,#8402,#8380,$,.OPENING.);
#8358=IFCCARTESIANPOINTLIST2D(((0.,0.),(0.77907341718673706,0.),(0.77907341718673706,0.89999997615814209),(0.,0.89999997615814209)));
#8359=IFCINDEXEDPOLYCURVE(#8358,(IFCLINEINDEX((1,2,3,4,1))),$);
#8360=IFCARBITRARYCLOSEDPROFILEDEF(.AREA.,$,#8359);
#8361=IFCCARTESIANPOINT((0.,-0.60000002384185791,0.));
#8362=IFCDIRECTION((0.,-1.,0.));
#8363=IFCDIRECTION((1.,0.,0.));
#8364=IFCAXIS2PLACEMENT3D(#8361,#8362,#8363);
#8365=IFCDIRECTION((0.,0.,-1.));
#8366=IFCEXTRUDEDAREASOLID(#8360,#8364,#8365,1.2);
#8367=IFCSHAPEREPRESENTATION(#11,'Body','SweptSolid',(#8366));
#8368=IFCCARTESIANPOINT((0.,0.,0.));
#8369=IFCDIRECTION((1.,0.,0.));
#8370=IFCDIRECTION((0.,0.,1.));
#8371=IFCAXIS2PLACEMENT3D(#8368,#8370,#8369);
#8372=IFCREPRESENTATIONMAP(#8371,#8367);
#8373=IFCCARTESIANPOINT((0.,0.,0.));
#8374=IFCDIRECTION((1.,0.,0.));
#8375=IFCDIRECTION((0.,1.,0.));
#8376=IFCDIRECTION((0.,0.,1.));
#8377=IFCCARTESIANTRANSFORMATIONOPERATOR3D(#8374,#8375,#8373,1.,#8376);
#8378=IFCMAPPEDITEM(#8372,#8377);
#8379=IFCSHAPEREPRESENTATION(#11,'Body','MappedRepresentation',(#8378));
#8380=IFCPRODUCTDEFINITIONSHAPE($,$,(#8379));
#8381=IFCRELVOIDSELEMENT('2_43js6dbEyf1oJW9Yredz',$,$,$,#1083,#8352);
#8387=IFCRELFILLSELEMENT('0Xx77toS9FO89FoIxMUURP',$,$,$,#8352,#8327);
#8398=IFCCARTESIANPOINT((3.045060824941237,7.237786836533644E-07,1.));
#8399=IFCDIRECTION((0.,0.,1.));
#8400=IFCDIRECTION((0.99999999999999289,1.1920928244535129E-07,0.));
#8401=IFCAXIS2PLACEMENT3D(#8398,#8399,#8400);
#8402=IFCLOCALPLACEMENT(#1358,#8401);
#8408=IFCWINDOWTYPE('1fiqcqvSP1kxKyiWWsVoTD',$,'Maid-GF',$,$,(#8409),(#8411,#8419,#8467),$,$,.WINDOW.,.SINGLE_PANEL.,$,$);
#8409=IFCPROPERTYSET('0GzWsMTLLBPRFmMLsjJkuw',$,'BBIM_Window',$,(#8410));
#8410=IFCPROPERTYSINGLEVALUE('Data',$,IFCTEXT('{"window_type": "SINGLE_PANEL", "overall_height": 0.8999999761581421, "overall_width": 0.8141291737556458, "lining_properties": {"lining_depth": 0.05000000074505806, "lining_thickness": 0.05000000074505806, "lining_offset": 0.05000000074505806, "lining_to_panel_offset_x": 0.02500000037252903, "lining_to_panel_offset_y": 0.02500000037252903}, "panel_properties": {"frame_depth": [0.03500000014901161, 0.03500000014901161, 0.03500000014901161], "frame_thickness": [0.03500000014901161, 0.03500000014901161, 0.03500000014901161]}}'),$);
#8411=IFCREPRESENTATIONMAP(#8412,#8572);
#8412=IFCAXIS2PLACEMENT3D(#8413,#8414,#8415);
#8413=IFCCARTESIANPOINT((0.,0.,0.));
#8414=IFCDIRECTION((0.,0.,1.));
#8415=IFCDIRECTION((1.,0.,0.));
#8419=IFCREPRESENTATIONMAP(#8420,#8615);
#8420=IFCAXIS2PLACEMENT3D(#8421,#8422,#8423);
#8421=IFCCARTESIANPOINT((0.,0.,0.));
#8422=IFCDIRECTION((0.,0.,1.));
#8423=IFCDIRECTION((1.,0.,0.));
#8467=IFCREPRESENTATIONMAP(#8468,#8638);
#8468=IFCAXIS2PLACEMENT3D(#8469,#8470,#8471);
#8469=IFCCARTESIANPOINT((0.,0.,0.));
#8470=IFCDIRECTION((0.,0.,1.));
#8471=IFCDIRECTION((1.,0.,0.));
#8489=IFCWINDOW('2CFdm3sQj2ZA8tqvBfwrIC',$,'Window',$,$,#8663,#8499,$,0.89999997615814209,0.81412917375564575,$,.SINGLE_PANEL.,$);
#8491=IFCRELDEFINESBYTYPE('0CGALDYx50FBkHAGcuFzc2',$,$,$,(#8489),#8408);
#8492=IFCCARTESIANPOINT((0.,0.,0.));
#8493=IFCDIRECTION((1.,0.,0.));
#8494=IFCDIRECTION((0.,1.,0.));
#8495=IFCDIRECTION((0.,0.,1.));
#8496=IFCCARTESIANTRANSFORMATIONOPERATOR3D(#8493,#8494,#8492,1.,#8495);
#8497=IFCMAPPEDITEM(#8411,#8496);
#8498=IFCSHAPEREPRESENTATION(#18,'Profile','MappedRepresentation',(#8497));
#8499=IFCPRODUCTDEFINITIONSHAPE($,$,(#8498,#8506,#8513));
#8500=IFCCARTESIANPOINT((0.,0.,0.));
#8501=IFCDIRECTION((1.,0.,0.));
#8502=IFCDIRECTION((0.,1.,0.));
#8503=IFCDIRECTION((0.,0.,1.));
#8504=IFCCARTESIANTRANSFORMATIONOPERATOR3D(#8501,#8502,#8500,1.,#8503);
#8505=IFCMAPPEDITEM(#8419,#8504);
#8506=IFCSHAPEREPRESENTATION(#11,'Body','MappedRepresentation',(#8505));
#8507=IFCCARTESIANPOINT((0.,0.,0.));
#8508=IFCDIRECTION((1.,0.,0.));
#8509=IFCDIRECTION((0.,1.,0.));
#8510=IFCDIRECTION((0.,0.,1.));
#8511=IFCCARTESIANTRANSFORMATIONOPERATOR3D(#8508,#8509,#8507,1.,#8510);
#8512=IFCMAPPEDITEM(#8467,#8511);
#8513=IFCSHAPEREPRESENTATION(#24,'Body','MappedRepresentation',(#8512));
#8514=IFCOPENINGELEMENT('3gJH58CsrDd8OXdjtFZBov',$,'Opening',$,$,#8658,#8542,$,.OPENING.);
#8530=IFCCARTESIANPOINT((0.,0.,0.));
#8531=IFCDIRECTION((1.,0.,0.));
#8532=IFCDIRECTION((0.,0.,1.));
#8533=IFCAXIS2PLACEMENT3D(#8530,#8532,#8531);
#8534=IFCREPRESENTATIONMAP(#8533,#8648);
#8535=IFCCARTESIANPOINT((0.,0.,0.));
#8536=IFCDIRECTION((1.,0.,0.));
#8537=IFCDIRECTION((0.,1.,0.));
#8538=IFCDIRECTION((0.,0.,1.));
#8539=IFCCARTESIANTRANSFORMATIONOPERATOR3D(#8536,#8537,#8535,1.,#8538);
#8540=IFCMAPPEDITEM(#8534,#8539);
#8541=IFCSHAPEREPRESENTATION(#11,'Body','MappedRepresentation',(#8540));
#8542=IFCPRODUCTDEFINITIONSHAPE($,$,(#8541));
#8543=IFCRELVOIDSELEMENT('2AX40Y8Uv7sgeOKwXkHiTu',$,$,$,#1058,#8514);
#8549=IFCRELFILLSELEMENT('0dFghgS2bDegORXmPrzZxA',$,$,$,#8514,#8489);
#8570=IFCCARTESIANPOINTLIST3D(((0.,0.,0.),(0.81412917375564575,0.,0.),(0.81412917375564575,0.,0.89999997615814209),(0.,0.,0.89999997615814209)));
#8571=IFCINDEXEDPOLYCURVE(#8570,(IFCLINEINDEX((1,2,3,4,1))),$);
#8572=IFCSHAPEREPRESENTATION(#18,'Profile','Curve3D',(#8571));
#8573=IFCCARTESIANPOINTLIST2D(((0.,0.),(0.81412917375564575,0.),(0.81412917375564575,0.89999997615814209),(0.,0.89999997615814209)));
#8574=IFCINDEXEDPOLYCURVE(#8573,(IFCLINEINDEX((1,2,3,4,1))),$);
#8575=IFCCARTESIANPOINTLIST2D(((0.02500000037252903,0.02500000037252903),(0.78912917338311672,0.02500000037252903),(0.78912917338311672,0.87499997578561306),(0.02500000037252903,0.87499997578561306)));
#8576=IFCINDEXEDPOLYCURVE(#8575,(IFCLINEINDEX((1,2,3,4,1))),$);
#8577=IFCARBITRARYPROFILEDEFWITHVOIDS(.AREA.,$,#8574,(#8576));
#8578=IFCCARTESIANPOINT((0.,0.090000001713633537,0.));
#8579=IFCDIRECTION((0.,-1.,0.));
#8580=IFCDIRECTION((1.,0.,0.));
#8581=IFCAXIS2PLACEMENT3D(#8578,#8579,#8580);
#8582=IFCDIRECTION((0.,0.,-1.));
#8583=IFCEXTRUDEDAREASOLID(#8577,#8581,#8582,0.0099999997764825821);
#8584=IFCCARTESIANPOINTLIST2D(((0.,0.),(0.81412917375564575,0.),(0.81412917375564575,0.89999997615814209),(0.,0.89999997615814209)));
#8585=IFCINDEXEDPOLYCURVE(#8584,(IFCLINEINDEX((1,2,3,4,1))),$);
#8586=IFCCARTESIANPOINTLIST2D(((0.05000000074505806,0.05000000074505806),(0.76412917301058769,0.05000000074505806),(0.76412917301058769,0.84999997541308403),(0.05000000074505806,0.84999997541308403)));
#8587=IFCINDEXEDPOLYCURVE(#8586,(IFCLINEINDEX((1,2,3,4,1))),$);
#8588=IFCARBITRARYPROFILEDEFWITHVOIDS(.AREA.,$,#8585,(#8587));
#8589=IFCCARTESIANPOINT((0.,0.05000000074505806,0.));
#8590=IFCDIRECTION((0.,-1.,0.));
#8591=IFCDIRECTION((1.,0.,0.));
#8592=IFCAXIS2PLACEMENT3D(#8589,#8590,#8591);
#8593=IFCDIRECTION((0.,0.,-1.));
#8594=IFCEXTRUDEDAREASOLID(#8588,#8592,#8593,0.040000000968575478);
#8595=IFCCARTESIANPOINTLIST2D(((0.,0.),(0.76412917301058769,0.),(0.76412917301058769,0.84999997541308403),(0.,0.84999997541308403)));
#8596=IFCINDEXEDPOLYCURVE(#8595,(IFCLINEINDEX((1,2,3,4,1))),$);
#8597=IFCCARTESIANPOINTLIST2D(((0.035000000149011612,0.035000000149011612),(0.72912917286157608,0.035000000149011612),(0.72912917286157608,0.81499997526407242),(0.035000000149011612,0.81499997526407242)));
#8598=IFCINDEXEDPOLYCURVE(#8597,(IFCLINEINDEX((1,2,3,4,1))),$);
#8599=IFCARBITRARYPROFILEDEFWITHVOIDS(.AREA.,$,#8596,(#8598));
#8600=IFCCARTESIANPOINT((0.02500000037252903,0.090000001713633537,0.02500000037252903));
#8601=IFCDIRECTION((0.,-1.,0.));
#8602=IFCDIRECTION((1.,0.,0.));
#8603=IFCAXIS2PLACEMENT3D(#8600,#8601,#8602);
#8604=IFCDIRECTION((0.,0.,-1.));
#8605=IFCEXTRUDEDAREASOLID(#8599,#8603,#8604,0.035000000149011612);
#8606=IFCINDEXEDPOLYCURVE(#8607,(IFCLINEINDEX((1,2,3,4,1))),$);
#8607=IFCCARTESIANPOINTLIST2D(((0.035000000149011612,0.035000000149011612),(0.72912917286157608,0.035000000149011612),(0.72912917286157608,0.81499997526407242),(0.035000000149011612,0.81499997526407242)));
#8608=IFCARBITRARYCLOSEDPROFILEDEF(.AREA.,$,#8606);
#8609=IFCCARTESIANPOINT((0.02500000037252903,0.10250000178813934,0.02500000037252903));
#8610=IFCDIRECTION((0.,-1.,0.));
#8611=IFCDIRECTION((1.,0.,0.));
#8612=IFCAXIS2PLACEMENT3D(#8609,#8610,#8611);
#8613=IFCDIRECTION((0.,0.,-1.));
#8614=IFCEXTRUDEDAREASOLID(#8608,#8612,#8613,0.01);
#8615=IFCSHAPEREPRESENTATION(#11,'Body','SweptSolid',(#8583,#8594,#8605,#8614));
#8616=IFCSHAPEREPRESENTATION(#11,'Body','SweptSolid',(#8583,#8594));
#8617=IFCSHAPEASPECT((#8616),'Lining',$,.T.,#8499);
#8618=IFCSHAPEREPRESENTATION(#11,'Body','SweptSolid',(#8605));
#8619=IFCSHAPEASPECT((#8618),'Framing',$,.T.,#8499);
#8620=IFCSHAPEREPRESENTATION(#11,'Body','SweptSolid',(#8614));
#8621=IFCSHAPEASPECT((#8620),'Glazing',$,.T.,#8499);
#8622=IFCCARTESIANPOINTLIST2D(((0.05000000074505806,0.05000000074505806),(0.76412917301058769,0.05000000074505806)));
#8623=IFCINDEXEDPOLYCURVE(#8622,$,$);
#8624=IFCCARTESIANPOINTLIST2D(((0.,0.10000000149011612),(0.02500000037252903,0.10000000149011612),(0.02500000037252903,0.090000001713633537),(0.05000000074505806,0.090000001713633537),(0.05000000074505806,0.05000000074505806),(0.,0.05000000074505806)));
#8625=IFCINDEXEDPOLYCURVE(#8624,(IFCLINEINDEX((1,2,3,4,5,6,1))),$);
#8626=IFCCARTESIANPOINTLIST2D(((0.81412917375564575,0.10000000149011612),(0.78912917338311672,0.10000000149011612),(0.78912917338311672,0.090000001713633537),(0.76412917301058769,0.090000001713633537),(0.76412917301058769,0.05000000074505806),(0.81412917375564575,0.05000000074505806)));
#8627=IFCINDEXEDPOLYCURVE(#8626,(IFCLINEINDEX((1,2,3,4,5,6,1))),$);
#8628=IFCCARTESIANPOINTLIST2D(((0.02500000037252903,0.090000001713633537),(0.060000000521540642,0.090000001713633537),(0.060000000521540642,0.12500000186264515),(0.02500000037252903,0.12500000186264515)));
#8629=IFCINDEXEDPOLYCURVE(#8628,(IFCLINEINDEX((1,2,3,4,1))),$);
#8630=IFCINDEXEDPOLYCURVE(#8631,(IFCLINEINDEX((1,2,3,4,1))),$);
#8631=IFCCARTESIANPOINTLIST2D(((0.78912917338311672,0.090000001713633537),(0.75412917323410511,0.090000001713633537),(0.75412917323410511,0.12500000186264515),(0.78912917338311672,0.12500000186264515)));
#8632=IFCCARTESIANPOINTLIST2D(((0.060000000521540642,0.090000001713633537),(0.75412917323410511,0.090000001713633537)));
#8633=IFCINDEXEDPOLYCURVE(#8632,$,$);
#8634=IFCINDEXEDPOLYCURVE(#8635,$,$);
#8635=IFCCARTESIANPOINTLIST2D(((0.060000000521540642,0.12500000186264515),(0.75412917323410511,0.12500000186264515)));
#8636=IFCINDEXEDPOLYCURVE(#8637,$,$);
#8637=IFCCARTESIANPOINTLIST2D(((0.060000000521540642,0.10750000178813934),(0.75412917323410511,0.10750000178813934)));
#8638=IFCSHAPEREPRESENTATION(#24,'Body','Curve2D',(#8623,#8625,#8627,#8629,#8630,#8633,#8634,#8636));
#8639=IFCCARTESIANPOINTLIST2D(((0.,0.),(0.81412917375564575,0.),(0.81412917375564575,0.89999997615814209),(0.,0.89999997615814209)));
#8640=IFCINDEXEDPOLYCURVE(#8639,(IFCLINEINDEX((1,2,3,4,1))),$);
#8641=IFCARBITRARYCLOSEDPROFILEDEF(.AREA.,$,#8640);
#8642=IFCCARTESIANPOINT((0.,-0.60000002384185791,0.));
#8643=IFCDIRECTION((0.,-1.,0.));
#8644=IFCDIRECTION((1.,0.,0.));
#8645=IFCAXIS2PLACEMENT3D(#8642,#8643,#8644);
#8646=IFCDIRECTION((0.,0.,-1.));
#8647=IFCEXTRUDEDAREASOLID(#8641,#8645,#8646,1.2);
#8648=IFCSHAPEREPRESENTATION(#11,'Body','SweptSolid',(#8647));
#8654=IFCCARTESIANPOINT((0.77853572368634483,-1.7366416127373441E-07,1.));
#8655=IFCDIRECTION((0.,0.,1.));
#8656=IFCDIRECTION((0.99999999999997158,-2.3841857910149749E-07,0.));
#8657=IFCAXIS2PLACEMENT3D(#8654,#8655,#8656);
#8658=IFCLOCALPLACEMENT(#1069,#8657);
#8659=IFCCARTESIANPOINT((0.,-8.8817841970012523E-16,0.));
#8660=IFCDIRECTION((0.,0.,1.));
#8661=IFCDIRECTION((1.,0.,0.));
#8662=IFCAXIS2PLACEMENT3D(#8659,#8660,#8661);
#8663=IFCLOCALPLACEMENT(#8658,#8662);
#8664=IFCCARTESIANPOINT((0.,0.,3.));
#8665=IFCDIRECTION((0.,0.,1.));
#8666=IFCDIRECTION((1.,0.,0.));
#8667=IFCAXIS2PLACEMENT3D(#8664,#8665,#8666);
#8668=IFCLOCALPLACEMENT(#56,#8667);
#8669=IFCSLAB('0aQxcEAYP3Dvwp2R1p80DX',$,'Slab',$,$,#8677,#8684,$,$);
#8670=IFCRELCONTAINEDINSPATIALSTRUCTURE('0xvm5Qiiv2TgKH5UNhDKC2',$,$,$,(#12876,#11343,#15942,#14824,#9324,#9065,#8669,#9174,#9274,#14083,#14148,#12440,#11596,#9374,#15442,#11273,#9199,#11043,#9091,#15026,#9815,#15467,#9299,#11413,#13287,#12018,#10056),#39);
#8671=IFCMATERIALLAYERSETUSAGE(#2263,.AXIS3.,.POSITIVE.,-0.10000000149011612,$);
#8672=IFCRELASSOCIATESMATERIAL('112PTtA_v5kuP$SiasFwqj',$,$,$,(#8669),#8671);
#8673=IFCCARTESIANPOINT((4.2274770736694336,6.5159626007080078,0.));
#8674=IFCDIRECTION((0.,0.,1.));
#8675=IFCDIRECTION((1.,0.,0.));
#8676=IFCAXIS2PLACEMENT3D(#8673,#8674,#8675);
#8677=IFCLOCALPLACEMENT(#8668,#8676);
#8678=IFCCARTESIANPOINTLIST2D(((0.,0.),(-3.4500000476837158,-4.76837158203125E-07),(-3.4499998092651367,-1.4800004959106445),(-7.,-1.4799990653991699),(-6.9999995231628418,-6.630000114440918),(-4.0099992752075195,-6.630000114440918),(-4.0000004768371582,-9.1160306930541992),(-4.76837158203125E-07,-9.1160306930541992),(0.,0.)));
#8679=IFCINDEXEDPOLYCURVE(#8678,$,$);
#8680=IFCDIRECTION((0.,0.,1.));
#8681=IFCARBITRARYCLOSEDPROFILEDEF(.AREA.,$,#8679);
#8682=IFCEXTRUDEDAREASOLID(#8681,#8691,#8680,0.10000000000000001);
#8683=IFCSHAPEREPRESENTATION(#11,'Body','SweptSolid',(#8682));
#8684=IFCPRODUCTDEFINITIONSHAPE($,$,(#8683));
#8685=IFCPROPERTYSET('2ekxQN1Dr7iemKTNMlXJ6P',$,'EPset_Parametric',$,(#8687));
#8686=IFCRELDEFINESBYPROPERTIES('0xPQ7EZyD0TR09pu_v$TDU',$,$,$,(#8669),#8685);
#8687=IFCPROPERTYSINGLEVALUE('Engine',$,IFCLABEL('Bonsai.DumbLayer3'),$);
#8688=IFCCARTESIANPOINT((-0.,-0.,-0.10000000149011612));
#8689=IFCDIRECTION((0.,0.,1.));
#8690=IFCDIRECTION((1.,0.,0.));
#8691=IFCAXIS2PLACEMENT3D(#8688,#8689,#8690);
#8692=IFCROOFTYPE('22kC_vsSj1dvtk2cL0JIba',$,'Unnamed',$,$,(#8693),(#8722,#8750),$,$,.HIP_ROOF.);
#8693=IFCPROPERTYSET('0k3ZnF4MX9Ue9pWjRi3Fm3',$,'BBIM_Roof',$,(#8694));
#8694=IFCPROPERTYSINGLEVALUE('Data',$,IFCTEXT('{"roof_type": "HIP/GABLE ROOF", "generation_method": "ANGLE", "roof_thickness": 0.10000000149011612, "rafter_edge_angle": 1.5707963705062866, "angle": 0.1745329201221466, "percentage": 17.63269805908203, "path_data": {"edges": [[0, 1], [1, 2], [2, 3], [3, 0]], "verts": [[-5.0, -5.0, 0.0], [-5.0, 5.0, 0.0], [5.0, 5.0, 0.0], [5.0, -5.0, 0.0]]}}'),$);
#8718=IFCCARTESIANPOINT((0.,0.,0.));
#8719=IFCDIRECTION((1.,0.,0.));
#8720=IFCDIRECTION((0.,0.,1.));
#8721=IFCAXIS2PLACEMENT3D(#8718,#8720,#8719);
#8722=IFCREPRESENTATIONMAP(#8721,#8741);
#8723=IFCINDEXEDPOLYGONALFACE((3,1,2));
#8724=IFCINDEXEDPOLYGONALFACE((2,4,3));
#8725=IFCINDEXEDPOLYGONALFACE((1,3,5));
#8726=IFCINDEXEDPOLYGONALFACE((4,5,3));
#8727=IFCINDEXEDPOLYGONALFACE((6,7,8));
#8728=IFCINDEXEDPOLYGONALFACE((8,2,1));
#8729=IFCINDEXEDPOLYGONALFACE((8,1,6));
#8730=IFCINDEXEDPOLYGONALFACE((8,7,9));
#8731=IFCINDEXEDPOLYGONALFACE((2,8,9));
#8732=IFCINDEXEDPOLYGONALFACE((2,9,4));
#8733=IFCINDEXEDPOLYGONALFACE((10,7,6));
#8734=IFCINDEXEDPOLYGONALFACE((6,1,5));
#8735=IFCINDEXEDPOLYGONALFACE((6,5,10));
#8736=IFCINDEXEDPOLYGONALFACE((9,7,10));
#8737=IFCINDEXEDPOLYGONALFACE((4,9,10));
#8738=IFCINDEXEDPOLYGONALFACE((4,10,5));
#8739=IFCCARTESIANPOINTLIST3D(((-5.,-5.,0.),(5.,-5.,0.),(0.,0.,0.88163489103317261),(5.,5.,0.),(-5.,5.,0.),(-5.,-5.,-0.10154265910387039),(0.,0.,0.78009223937988281),(5.,-5.,-0.10154265910387039),(5.,5.,-0.10154265910387039),(-5.,5.,-0.10154265910387039)));
#8740=IFCPOLYGONALFACESET(#8739,.T.,(#8723,#8724,#8725,#8726,#8727,#8728,#8729,#8730,#8731,#8732,#8733,#8734,#8735,#8736,#8737,#8738),$);
#8741=IFCSHAPEREPRESENTATION(#11,'Body','Tessellation',(#8740));
#8743=IFCCARTESIANPOINT((-5.,-5.,-0.10154265910387039));
#8744=IFCBOUNDINGBOX(#8743,10.,10.,0.9831775426864624);
#8745=IFCSHAPEREPRESENTATION(#13,'Box','BoundingBox',(#8744));
#8746=IFCCARTESIANPOINT((0.,0.,0.));
#8747=IFCDIRECTION((1.,0.,0.));
#8748=IFCDIRECTION((0.,0.,1.));
#8749=IFCAXIS2PLACEMENT3D(#8746,#8748,#8747);
#8750=IFCREPRESENTATIONMAP(#8749,#8745);
#8773=IFCCARTESIANPOINT((-4.4408920985006262E-16,-4.4408920985006262E-16,0.));
#8774=IFCDIRECTION((0.,0.,1.));
#8775=IFCDIRECTION((1.,0.,0.));
#8776=IFCAXIS2PLACEMENT3D(#8773,#8774,#8775);
#8777=IFCLOCALPLACEMENT(#8402,#8776);
#8830=IFCBUILDINGSTOREY('2bGvS4R7f1GAK1rPhyWKsq',$,'3F',$,$,#11122,$,$,$,$);
#9020=IFCWALLTYPE('3AV7mbxybFsf2udH_EWiuE',$,'Wall-2F-ext',$,$,(#9021),$,$,$,.SOLIDWALL.);
#9021=IFCPROPERTYSET('35G2zph$T2qQGDsDdbBS7W',$,'EPset_Parametric',$,(#9022));
#9022=IFCPROPERTYSINGLEVALUE('LayerSetDirection',$,IFCLABEL('AXIS2'),$);
#9023=IFCRELASSOCIATESMATERIAL('3KBSlCNgT5$fVSdyIGn005',$,$,$,(#9020),#9024);
#9024=IFCMATERIALLAYERSET((#9025),$,$);
#9025=IFCMATERIALLAYER(#81,0.12999999523162842,$,$,$,$,$);
#9065=IFCWALL('3yPc1NiPTAs9MlclSYn4v7',$,'Wall',$,$,#11023,#9072,$,$);
#9066=IFCRELDEFINESBYTYPE('3V1sZ09qv3KxhcCotOIUwx',$,$,$,(#9374,#15442,#9199,#9324,#9091,#9065,#9299,#9174,#15467,#9274),#9020);
#9067=IFCMATERIALLAYERSETUSAGE(#9024,.AXIS2.,.POSITIVE.,0.,$);
#9068=IFCRELASSOCIATESMATERIAL('1Dr8_bk0n1dQ8_wdPeAi5a',$,$,$,(#9065),#9067);
#9072=IFCPRODUCTDEFINITIONSHAPE($,$,(#11018,#11015));
#9088=IFCPROPERTYSET('3UYjIWZ$LEqh90ekv92210',$,'EPset_Parametric',$,(#9090));
#9089=IFCRELDEFINESBYPROPERTIES('2VRaZFbFT6Xfr2NMflJ207',$,$,$,(#9065),#9088);
#9090=IFCPROPERTYSINGLEVALUE('Engine',$,IFCLABEL('Bonsai.DumbLayer2'),$);
#9091=IFCWALL('07maeV6fLEeuAh9zoashzv',$,'Wall',$,$,#9160,#9097,$,$);
#9092=IFCMATERIALLAYERSETUSAGE(#9024,.AXIS2.,.POSITIVE.,0.,$);
#9093=IFCRELASSOCIATESMATERIAL('0kkBrokeH9WgZHlgn_pj6h',$,$,$,(#9091),#9092);
#9097=IFCPRODUCTDEFINITIONSHAPE($,$,(#10939,#10936));
#9113=IFCPROPERTYSET('2qYyGgEYv7uwzaiTN6VKXz',$,'EPset_Parametric',$,(#9115));
#9114=IFCRELDEFINESBYPROPERTIES('02HyIRn2TDqfTYKaB$LBFp',$,$,$,(#9091),#9113);
#9115=IFCPROPERTYSINGLEVALUE('Engine',$,IFCLABEL('Bonsai.DumbLayer2'),$);
#9142=IFCRELCONNECTSPATHELEMENTS('3d8eiITtn3UeZs8kMH3E7Q',$,$,$,$,#9091,#9065,(),(),.ATEND.,.ATSTART.);
#9156=IFCCARTESIANPOINT((0.2274770736694072,6.515962950399115,0.));
#9157=IFCDIRECTION((0.,0.,1.));
#9158=IFCDIRECTION((7.5497901264043123E-08,-0.99999999999999722,0.));
#9159=IFCAXIS2PLACEMENT3D(#9156,#9157,#9158);
#9160=IFCLOCALPLACEMENT(#8668,#9159);
#9174=IFCWALL('3G5IB_ghvAtfV$tuf6Fjmm',$,'Wall',$,$,#9814,#9180,$,$);
#9175=IFCMATERIALLAYERSETUSAGE(#9024,.AXIS2.,.POSITIVE.,0.,$);
#9176=IFCRELASSOCIATESMATERIAL('1Dnkntt6f2dvc9tBiuvjYp',$,$,$,(#9174),#9175);
#9180=IFCPRODUCTDEFINITIONSHAPE($,$,(#10991,#10988));
#9196=IFCPROPERTYSET('0o06rCiHj9rOhR4p60DFmQ',$,'EPset_Parametric',$,(#9198));
#9197=IFCRELDEFINESBYPROPERTIES('0fy5YO0XL9mACcCJgGjhkk',$,$,$,(#9174),#9196);
#9198=IFCPROPERTYSINGLEVALUE('Engine',$,IFCLABEL('Bonsai.DumbLayer2'),$);
#9199=IFCWALL('3zfo6xTl9EjxAZPn1OHo8y',$,'Wall',$,$,#9534,#9205,$,$);
#9200=IFCMATERIALLAYERSETUSAGE(#9024,.AXIS2.,.POSITIVE.,0.,$);
#9201=IFCRELASSOCIATESMATERIAL('1USCSP3n1CaQ01cL2Zq0Qc',$,$,$,(#9199),#9200);
#9205=IFCPRODUCTDEFINITIONSHAPE($,$,(#15821,#15818));
#9221=IFCPROPERTYSET('1LXI2$Zi94fv66VKKBc8ip',$,'EPset_Parametric',$,(#9223));
#9222=IFCRELDEFINESBYPROPERTIES('37Wg5Fi6v01OhG99Xu6MbX',$,$,$,(#9199),#9221);
#9223=IFCPROPERTYSINGLEVALUE('Engine',$,IFCLABEL('Bonsai.DumbLayer2'),$);
#9274=IFCWALL('1qQCIcVSn1d81uFVG7HVRy',$,'Wall',$,$,#15775,#9280,$,$);
#9275=IFCMATERIALLAYERSETUSAGE(#9024,.AXIS2.,.POSITIVE.,0.,$);
#9276=IFCRELASSOCIATESMATERIAL('0HkjfpXvnEzQhf1r7NMNpf',$,$,$,(#9274),#9275);
#9280=IFCPRODUCTDEFINITIONSHAPE($,$,(#15770,#15767));
#9296=IFCPROPERTYSET('0V_xhmHRn4Y9db$YqH1s0w',$,'EPset_Parametric',$,(#9298));
#9297=IFCRELDEFINESBYPROPERTIES('2ytUhqnTjD_eYaTt71gBZI',$,$,$,(#9274),#9296);
#9298=IFCPROPERTYSINGLEVALUE('Engine',$,IFCLABEL('Bonsai.DumbLayer2'),$);
#9299=IFCWALL('1Mh4Zemx11aApw85xNpwqs',$,'Wall',$,$,#9652,#9305,$,$);
#9300=IFCMATERIALLAYERSETUSAGE(#9024,.AXIS2.,.POSITIVE.,0.,$);
#9301=IFCRELASSOCIATESMATERIAL('3DboXwltr8tR6lL1EZzFqy',$,$,$,(#9299),#9300);
#9305=IFCPRODUCTDEFINITIONSHAPE($,$,(#10965,#10962));
#9321=IFCPROPERTYSET('0hCi5EKVb3QhpF9v$wLvOd',$,'EPset_Parametric',$,(#9323));
#9322=IFCRELDEFINESBYPROPERTIES('2ReCfIfOjBr8$19WbtQUwy',$,$,$,(#9299),#9321);
#9323=IFCPROPERTYSINGLEVALUE('Engine',$,IFCLABEL('Bonsai.DumbLayer2'),$);
#9324=IFCWALL('35G7vb6YfFoh3DJ5nLfT4o',$,'Wall',$,$,#9684,#9330,$,$);
#9325=IFCMATERIALLAYERSETUSAGE(#9024,.AXIS2.,.POSITIVE.,0.,$);
#9326=IFCRELASSOCIATESMATERIAL('2MDc9egV18WxsL9yLr4dz1',$,$,$,(#9324),#9325);
#9330=IFCPRODUCTDEFINITIONSHAPE($,$,(#15441,#15438));
#9346=IFCPROPERTYSET('2gsbUSV5D6NuWQEWtyO5IE',$,'EPset_Parametric',$,(#9348));
#9347=IFCRELDEFINESBYPROPERTIES('0WH6ivBv57lh$PFpUEBoq7',$,$,$,(#9324),#9346);
#9348=IFCPROPERTYSINGLEVALUE('Engine',$,IFCLABEL('Bonsai.DumbLayer2'),$);
#9374=IFCWALL('0c9xjqJIj8th_by7SD7uK_',$,'Wall',$,$,#15428,#9380,$,$);
#9375=IFCMATERIALLAYERSETUSAGE(#9024,.AXIS2.,.POSITIVE.,0.,$);
#9376=IFCRELASSOCIATESMATERIAL('2hVOV5gZD0zw1I7lxR2vZg',$,$,$,(#9374),#9375);
#9380=IFCPRODUCTDEFINITIONSHAPE($,$,(#15423,#15420));
#9396=IFCPROPERTYSET('1U0Rs0hRz0lRz9mulIey7B',$,'EPset_Parametric',$,(#9398));
#9397=IFCRELDEFINESBYPROPERTIES('1dMByGCND4YxIxKMlARavB',$,$,$,(#9374),#9396);
#9398=IFCPROPERTYSINGLEVALUE('Engine',$,IFCLABEL('Bonsai.DumbLayer2'),$);
#9516=IFCRELCONNECTSPATHELEMENTS('2l7gF9smz2Ae42_Y_eML3i',$,$,$,$,#9199,#9174,(),(),.ATEND.,.ATSTART.);
#9530=IFCCARTESIANPOINT((-3.2725226879120104,5.5559628685407505,0.));
#9531=IFCDIRECTION((0.,0.,1.));
#9532=IFCDIRECTION((7.5497901264043123E-08,-0.99999999999999722,0.));
#9533=IFCAXIS2PLACEMENT3D(#9530,#9531,#9532);
#9534=IFCLOCALPLACEMENT(#8668,#9533);
#9634=IFCRELCONNECTSPATHELEMENTS('2ocJ5S3evDbw0aAoyKdx0G',$,$,$,$,#9299,#9274,(),(),.ATEND.,.ATSTART.);
#9648=IFCCARTESIANPOINT((1.8364868164062331,-2.1924434738176259,0.));
#9649=IFCDIRECTION((0.,0.,1.));
#9650=IFCDIRECTION((-1.6292068494294439E-07,-0.99999999999998679,0.));
#9651=IFCAXIS2PLACEMENT3D(#9648,#9649,#9650);
#9652=IFCLOCALPLACEMENT(#8668,#9651);
#9666=IFCRELCONNECTSPATHELEMENTS('0H5Y20QJDA5faxAZb5qucs',$,$,$,$,#9324,#9299,(),(),.ATEND.,.ATSTART.);
#9680=IFCCARTESIANPOINT((1.8364866681484127,-3.1024434566497803,0.));
#9681=IFCDIRECTION((0.,0.,1.));
#9682=IFCDIRECTION((1.,0.,0.));
#9683=IFCAXIS2PLACEMENT3D(#9680,#9681,#9682);
#9684=IFCLOCALPLACEMENT(#8668,#9683);
#9783=IFCRELCONNECTSPATHELEMENTS('1tSrhAslv0$ANbwd8eGKuf',$,$,$,$,#9091,#9174,(),(),.ATSTART.,.ATEND.);
#9810=IFCCARTESIANPOINT((0.22747714614742168,5.5559625625610458,0.));
#9811=IFCDIRECTION((0.,0.,1.));
#9812=IFCDIRECTION((-0.99999999999999623,8.7422776573475527E-08,0.));
#9813=IFCAXIS2PLACEMENT3D(#9810,#9811,#9812);
#9814=IFCLOCALPLACEMENT(#8668,#9813);
#9815=IFCSLAB('3Sxuej7ZLC$xwi9LR5DRmi',$,'Slab',$,$,#9822,#9829,$,$);
#9816=IFCMATERIALLAYERSETUSAGE(#2263,.AXIS3.,.POSITIVE.,-0.10000000149011612,$);
#9817=IFCRELASSOCIATESMATERIAL('0RCbd2fVX4NO88BntLP76u',$,$,$,(#9815),#9816);
#9818=IFCCARTESIANPOINT((4.2274770736694336,6.5159626007080078,0.));
#9819=IFCDIRECTION((0.,0.,1.));
#9820=IFCDIRECTION((1.,0.,0.));
#9821=IFCAXIS2PLACEMENT3D(#9818,#9819,#9820);
#9822=IFCLOCALPLACEMENT(#8668,#9821);
#9823=IFCCARTESIANPOINTLIST2D(((0.,0.),(-4.,4.76837158203125E-07),(-4.,-0.96000003814697266),(-7.5,-0.95999956130981445),(-7.4999980926513672,-8.119999885559082),(-7.4999980926513672,-9.619999885559082),(-0.010985374450683594,-9.6199979782104492),(0.,0.)));
#9824=IFCINDEXEDPOLYCURVE(#9823,$,$);
#9825=IFCDIRECTION((0.,0.,1.));
#9826=IFCARBITRARYCLOSEDPROFILEDEF(.AREA.,$,#9824);
#9827=IFCEXTRUDEDAREASOLID(#9826,#9836,#9825,0.10000000000000001);
#9828=IFCSHAPEREPRESENTATION(#11,'Body','SweptSolid',(#9827));
#9829=IFCPRODUCTDEFINITIONSHAPE($,$,(#9828));
#9830=IFCPROPERTYSET('353B62J61ATAx0m8SZwr_9',$,'EPset_Parametric',$,(#9832));
#9831=IFCRELDEFINESBYPROPERTIES('1_KGejxqv25QvqIqQfsnfB',$,$,$,(#9815),#9830);
#9832=IFCPROPERTYSINGLEVALUE('Engine',$,IFCLABEL('Bonsai.DumbLayer3'),$);
#9833=IFCCARTESIANPOINT((-0.,-0.,-0.10000000149011612));
#9834=IFCDIRECTION((0.,0.,1.));
#9835=IFCDIRECTION((1.,0.,0.));
#9836=IFCAXIS2PLACEMENT3D(#9833,#9834,#9835);
#9948=IFCDOORTYPE('3W9txoSvX0aggA2zZyKBMV',$,'Main-2F',$,$,(#9949),(#9951,#9959,#10037),$,$,.DOOR.,.SINGLE_SWING_LEFT.,$,$);
#9949=IFCPROPERTYSET('1kTkK$p3zARv6izdVYNhgY',$,'BBIM_Door',$,(#9950));
#9950=IFCPROPERTYSINGLEVALUE('Data',$,IFCTEXT('{"door_type": "SINGLE_SWING_LEFT", "overall_height": 2.0, "overall_width": 0.856441080570221, "lining_properties": {"lining_depth": 0.05000000074505806, "lining_thickness": 0.05000000074505806, "lining_offset": 0.0, "lining_to_panel_offset_x": 0.02500000037252903, "lining_to_panel_offset_y": 0.02500000037252903, "transom_thickness": 0.0, "casing_thickness": 0.07500000298023224, "casing_depth": 0.004999999888241291, "threshold_thickness": 0.02500000037252903, "threshold_depth": 0.10000000149011612, "threshold_offset": 0.0}, "panel_properties": {"panel_depth": 0.03500000014901161, "panel_width_ratio": 1.0}}'),$);
#9951=IFCREPRESENTATIONMAP(#9952,#10257);
#9952=IFCAXIS2PLACEMENT3D(#9953,#9954,#9955);
#9953=IFCCARTESIANPOINT((0.,0.,0.));
#9954=IFCDIRECTION((0.,0.,1.));
#9955=IFCDIRECTION((1.,0.,0.));
#9959=IFCREPRESENTATIONMAP(#9960,#10330);
#9960=IFCAXIS2PLACEMENT3D(#9961,#9962,#9963);
#9961=IFCCARTESIANPOINT((0.,0.,0.));
#9962=IFCDIRECTION((0.,0.,1.));
#9963=IFCDIRECTION((1.,0.,0.));
#10037=IFCREPRESENTATIONMAP(#10038,#10344);
#10038=IFCAXIS2PLACEMENT3D(#10039,#10040,#10041);
#10039=IFCCARTESIANPOINT((0.,0.,0.));
#10040=IFCDIRECTION((0.,0.,1.));
#10041=IFCDIRECTION((1.,0.,0.));
#10056=IFCDOOR('10ocOhFxbEfQhccoaDv0T7',$,'Door',$,$,#10369,#10065,$,2.,0.85644108057022095,$,.SINGLE_SWING_LEFT.,$);
#10057=IFCRELDEFINESBYTYPE('0kWN47qzPFUPCxf5Jkk7Op',$,$,$,(#10056),#9948);
#10058=IFCCARTESIANPOINT((0.,0.,0.));
#10059=IFCDIRECTION((1.,0.,0.));
#10060=IFCDIRECTION((0.,1.,0.));
#10061=IFCDIRECTION((0.,0.,1.));
#10062=IFCCARTESIANTRANSFORMATIONOPERATOR3D(#10059,#10060,#10058,1.,#10061);
#10063=IFCMAPPEDITEM(#9951,#10062);
#10064=IFCSHAPEREPRESENTATION(#18,'Profile','MappedRepresentation',(#10063));
#10065=IFCPRODUCTDEFINITIONSHAPE($,$,(#10064,#10072,#10079));
#10066=IFCCARTESIANPOINT((0.,0.,0.));
#10067=IFCDIRECTION((1.,0.,0.));
#10068=IFCDIRECTION((0.,1.,0.));
#10069=IFCDIRECTION((0.,0.,1.));
#10070=IFCCARTESIANTRANSFORMATIONOPERATOR3D(#10067,#10068,#10066,1.,#10069);
#10071=IFCMAPPEDITEM(#9959,#10070);
#10072=IFCSHAPEREPRESENTATION(#11,'Body','MappedRepresentation',(#10071));
#10073=IFCCARTESIANPOINT((0.,0.,0.));
#10074=IFCDIRECTION((1.,0.,0.));
#10075=IFCDIRECTION((0.,1.,0.));
#10076=IFCDIRECTION((0.,0.,1.));
#10077=IFCCARTESIANTRANSFORMATIONOPERATOR3D(#10074,#10075,#10073,1.,#10076);
#10078=IFCMAPPEDITEM(#10037,#10077);
#10079=IFCSHAPEREPRESENTATION(#24,'Body','MappedRepresentation',(#10078));
#10080=IFCOPENINGELEMENT('2ZEenO5jD4CvOrEpeMcfd2',$,'Opening',$,$,#15780,#10108,$,.OPENING.);
#10096=IFCCARTESIANPOINT((0.,0.,0.));
#10097=IFCDIRECTION((1.,0.,0.));
#10098=IFCDIRECTION((0.,0.,1.));
#10099=IFCAXIS2PLACEMENT3D(#10096,#10098,#10097);
#10100=IFCREPRESENTATIONMAP(#10099,#10354);
#10101=IFCCARTESIANPOINT((0.,0.,0.));
#10102=IFCDIRECTION((1.,0.,0.));
#10103=IFCDIRECTION((0.,1.,0.));
#10104=IFCDIRECTION((0.,0.,1.));
#10105=IFCCARTESIANTRANSFORMATIONOPERATOR3D(#10102,#10103,#10101,1.,#10104);
#10106=IFCMAPPEDITEM(#10100,#10105);
#10107=IFCSHAPEREPRESENTATION(#11,'Body','MappedRepresentation',(#10106));
#10108=IFCPRODUCTDEFINITIONSHAPE($,$,(#10107));
#10109=IFCRELVOIDSELEMENT('3ZUSKz9uH2l8UlTju8Vl88',$,$,$,#9274,#10080);
#10115=IFCRELFILLSELEMENT('3yVe7uh3b5JxDRlFXA3LdG',$,$,$,#10080,#10056);
#10139=IFCCARTESIANPOINTLIST2D(((0.,0.),(0.,2.),(0.85644108057022095,2.),(0.85644108057022095,0.),(0.83144108019769192,0.),(0.83144108019769192,1.974999999627471),(0.02500000037252903,1.974999999627471),(0.02500000037252903,0.)));
#10140=IFCINDEXEDPOLYCURVE(#10139,(IFCLINEINDEX((1,2,3,4,5,6,7,8,1))),$);
#10141=IFCARBITRARYCLOSEDPROFILEDEF(.AREA.,$,#10140);
#10142=IFCCARTESIANPOINT((0.,0.02500000037252903,0.));
#10143=IFCDIRECTION((0.,-1.,0.));
#10144=IFCDIRECTION((1.,0.,0.));
#10145=IFCAXIS2PLACEMENT3D(#10142,#10143,#10144);
#10146=IFCDIRECTION((0.,0.,-1.));
#10147=IFCEXTRUDEDAREASOLID(#10141,#10145,#10146,0.02500000037252903);
#10148=IFCCARTESIANPOINTLIST2D(((0.,0.),(0.,2.),(0.85644108057022095,2.),(0.85644108057022095,0.),(0.80644107982516289,0.),(0.80644107982516289,1.9499999992549419),(0.05000000074505806,1.9499999992549419),(0.05000000074505806,0.)));
#10149=IFCINDEXEDPOLYCURVE(#10148,(IFCLINEINDEX((1,2,3,4,5,6,7,8,1))),$);
#10150=IFCARBITRARYCLOSEDPROFILEDEF(.AREA.,$,#10149);
#10151=IFCCARTESIANPOINT((0.,0.,0.));
#10152=IFCDIRECTION((0.,-1.,0.));
#10153=IFCDIRECTION((1.,0.,0.));
#10154=IFCAXIS2PLACEMENT3D(#10151,#10152,#10153);
#10155=IFCDIRECTION((0.,0.,-1.));
#10156=IFCEXTRUDEDAREASOLID(#10150,#10154,#10155,0.02500000037252903);
#10157=IFCCARTESIANPOINTLIST2D(((0.,0.),(0.75644107908010483,0.),(0.75644107908010483,0.10000000149011612),(0.,0.10000000149011612)));
#10158=IFCINDEXEDPOLYCURVE(#10157,(IFCLINEINDEX((1,2,3,4,1))),$);
#10159=IFCARBITRARYCLOSEDPROFILEDEF(.AREA.,$,#10158);
#10160=IFCCARTESIANPOINT((0.05000000074505806,0.,0.));
#10161=IFCDIRECTION((0.,0.,1.));
#10162=IFCDIRECTION((1.,0.,0.));
#10163=IFCAXIS2PLACEMENT3D(#10160,#10161,#10162);
#10164=IFCDIRECTION((0.,0.,1.));
#10165=IFCEXTRUDEDAREASOLID(#10159,#10163,#10164,0.02500000037252903);
#10166=IFCCARTESIANPOINTLIST2D(((0.,0.),(0.,2.0250000022351742),(0.90644108504056931,2.0250000022351742),(0.90644108504056931,0.),(0.83144108206033707,0.),(0.83144108206033707,1.9499999992549419),(0.075000002980232239,1.9499999992549419),(0.075000002980232239,0.)));
#10167=IFCINDEXEDPOLYCURVE(#10166,(IFCLINEINDEX((1,2,3,4,5,6,7,8,1))),$);
#10168=IFCARBITRARYCLOSEDPROFILEDEF(.AREA.,$,#10167);
#10169=IFCCARTESIANPOINT((-0.025000002235174179,-0.004999999888241291,0.));
#10170=IFCDIRECTION((0.,-1.,0.));
#10171=IFCDIRECTION((1.,0.,0.));
#10172=IFCAXIS2PLACEMENT3D(#10169,#10170,#10171);
#10173=IFCDIRECTION((0.,0.,-1.));
#10174=IFCEXTRUDEDAREASOLID(#10168,#10172,#10173,0.004999999888241291);
#10175=IFCCARTESIANPOINTLIST2D(((0.,0.),(0.,2.0250000022351742),(0.90644108504056931,2.0250000022351742),(0.90644108504056931,0.),(0.8564410824328661,0.),(0.8564410824328661,1.974999999627471),(0.050000002607703209,1.974999999627471),(0.050000002607703209,0.)));
#10176=IFCINDEXEDPOLYCURVE(#10175,(IFCLINEINDEX((1,2,3,4,5,6,7,8,1))),$);
#10177=IFCARBITRARYCLOSEDPROFILEDEF(.AREA.,$,#10176);
#10178=IFCCARTESIANPOINT((-0.025000002235174179,0.05000000074505806,0.));
#10179=IFCDIRECTION((0.,-1.,0.));
#10180=IFCDIRECTION((1.,0.,0.));
#10181=IFCAXIS2PLACEMENT3D(#10178,#10179,#10180);
#10182=IFCDIRECTION((0.,0.,-1.));
#10183=IFCEXTRUDEDAREASOLID(#10177,#10181,#10182,0.004999999888241291);
#10184=IFCCARTESIANPOINTLIST2D(((0.,0.),(0.80644107982516289,0.),(0.80644107982516289,0.035000000149011612),(0.,0.035000000149011612)));
#10185=IFCINDEXEDPOLYCURVE(#10184,(IFCLINEINDEX((1,2,3,4,1))),$);
#10186=IFCARBITRARYCLOSEDPROFILEDEF(.AREA.,$,#10185);
#10187=IFCCARTESIANPOINT((0.02500000037252903,0.02500000037252903,0.02500000037252903));
#10188=IFCDIRECTION((0.,0.,1.));
#10189=IFCDIRECTION((1.,0.,0.));
#10190=IFCAXIS2PLACEMENT3D(#10187,#10188,#10189);
#10191=IFCDIRECTION((0.,0.,1.));
#10192=IFCEXTRUDEDAREASOLID(#10186,#10190,#10191,1.9499999992549419);
#10193=IFCCARTESIANPOINTLIST2D(((0.,0.),(0.,-0.040000000000000001),(-0.11999999999999988,-0.040000000000000001),(-0.11999999999999988,-0.02),(-0.020000000000000018,-0.02),(-0.020000000000000018,0.)));
#10194=IFCINDEXEDPOLYCURVE(#10193,(IFCLINEINDEX((1,2,3,4,5,6,1))),$);
#10195=IFCARBITRARYCLOSEDPROFILEDEF(.AREA.,$,#10194);
#10196=IFCCARTESIANPOINT((0.78144108019769187,0.02500000037252903,1.015000000372529));
#10197=IFCDIRECTION((0.,0.,1.));
#10198=IFCDIRECTION((1.,0.,0.));
#10199=IFCAXIS2PLACEMENT3D(#10196,#10197,#10198);
#10200=IFCDIRECTION((0.,0.,1.));
#10201=IFCEXTRUDEDAREASOLID(#10195,#10199,#10200,0.02);
#10202=IFCEXTRUDEDAREASOLID(#10203,#10206,#10210,0.02);
#10203=IFCARBITRARYCLOSEDPROFILEDEF(.AREA.,$,#10204);
#10204=IFCINDEXEDPOLYCURVE(#10205,(IFCLINEINDEX((1,2,3,4,5,6,1))),$);
#10205=IFCCARTESIANPOINTLIST2D(((0.,0.),(0.,0.040000000000000008),(-0.11999999999999988,0.040000000000000008),(-0.11999999999999988,0.020000000000000004),(-0.020000000000000018,0.020000000000000004),(-0.020000000000000018,0.)));
#10206=IFCAXIS2PLACEMENT3D(#10207,#10208,#10209);
#10207=IFCCARTESIANPOINT((0.78144108019769187,0.060000000521540642,1.015000000372529));
#10208=IFCDIRECTION((0.,0.,1.));
#10209=IFCDIRECTION((1.,0.,0.));
#10210=IFCDIRECTION((0.,0.,1.));
#10212=IFCSHAPEREPRESENTATION(#11,'Body','SweptSolid',(#10165,#10156,#10293,#10147,#10284,#10302,#10183,#10275,#10266,#10174));
#10213=IFCSHAPEASPECT((#10212),'Lining',$,.T.,#10065);
#10214=IFCSHAPEREPRESENTATION(#11,'Body','SweptSolid',(#10320,#10201,#10321,#10202,#10311,#10192));
#10215=IFCSHAPEASPECT((#10214),'Framing',$,.T.,#10065);
#10255=IFCCARTESIANPOINTLIST3D(((0.,0.,0.),(0.85644108057022095,0.,0.),(0.85644108057022095,0.,2.),(0.,0.,2.)));
#10256=IFCINDEXEDPOLYCURVE(#10255,(IFCLINEINDEX((1,2,3,4,1))),$);
#10257=IFCSHAPEREPRESENTATION(#18,'Profile','Curve3D',(#10256));
#10258=IFCCARTESIANPOINTLIST2D(((0.,0.),(0.,2.),(0.85644108057022095,2.),(0.85644108057022095,0.),(0.83144108019769192,0.),(0.83144108019769192,1.974999999627471),(0.02500000037252903,1.974999999627471),(0.02500000037252903,0.)));
#10259=IFCINDEXEDPOLYCURVE(#10258,(IFCLINEINDEX((1,2,3,4,5,6,7,8,1))),$);
#10260=IFCARBITRARYCLOSEDPROFILEDEF(.AREA.,$,#10259);
#10261=IFCCARTESIANPOINT((0.,0.02500000037252903,0.));
#10262=IFCDIRECTION((0.,-1.,0.));
#10263=IFCDIRECTION((1.,0.,0.));
#10264=IFCAXIS2PLACEMENT3D(#10261,#10262,#10263);
#10265=IFCDIRECTION((0.,0.,-1.));
#10266=IFCEXTRUDEDAREASOLID(#10260,#10264,#10265,0.02500000037252903);
#10267=IFCCARTESIANPOINTLIST2D(((0.,0.),(0.,2.),(0.85644108057022095,2.),(0.85644108057022095,0.),(0.80644107982516289,0.),(0.80644107982516289,1.9499999992549419),(0.05000000074505806,1.9499999992549419),(0.05000000074505806,0.)));
#10268=IFCINDEXEDPOLYCURVE(#10267,(IFCLINEINDEX((1,2,3,4,5,6,7,8,1))),$);
#10269=IFCARBITRARYCLOSEDPROFILEDEF(.AREA.,$,#10268);
#10270=IFCCARTESIANPOINT((0.,0.,0.));
#10271=IFCDIRECTION((0.,-1.,0.));
#10272=IFCDIRECTION((1.,0.,0.));
#10273=IFCAXIS2PLACEMENT3D(#10270,#10271,#10272);
#10274=IFCDIRECTION((0.,0.,-1.));
#10275=IFCEXTRUDEDAREASOLID(#10269,#10273,#10274,0.02500000037252903);
#10276=IFCCARTESIANPOINTLIST2D(((0.,0.),(0.75644107908010483,0.),(0.75644107908010483,0.10000000149011612),(0.,0.10000000149011612)));
#10277=IFCINDEXEDPOLYCURVE(#10276,(IFCLINEINDEX((1,2,3,4,1))),$);
#10278=IFCARBITRARYCLOSEDPROFILEDEF(.AREA.,$,#10277);
#10279=IFCCARTESIANPOINT((0.05000000074505806,0.,0.));
#10280=IFCDIRECTION((0.,0.,1.));
#10281=IFCDIRECTION((1.,0.,0.));
#10282=IFCAXIS2PLACEMENT3D(#10279,#10280,#10281);
#10283=IFCDIRECTION((0.,0.,1.));
#10284=IFCEXTRUDEDAREASOLID(#10278,#10282,#10283,0.02500000037252903);
#10285=IFCCARTESIANPOINTLIST2D(((0.,0.),(0.,2.0250000022351742),(0.90644108504056931,2.0250000022351742),(0.90644108504056931,0.),(0.83144108206033707,0.),(0.83144108206033707,1.9499999992549419),(0.075000002980232239,1.9499999992549419),(0.075000002980232239,0.)));
#10286=IFCINDEXEDPOLYCURVE(#10285,(IFCLINEINDEX((1,2,3,4,5,6,7,8,1))),$);
#10287=IFCARBITRARYCLOSEDPROFILEDEF(.AREA.,$,#10286);
#10288=IFCCARTESIANPOINT((-0.025000002235174179,-0.004999999888241291,0.));
#10289=IFCDIRECTION((0.,-1.,0.));
#10290=IFCDIRECTION((1.,0.,0.));
#10291=IFCAXIS2PLACEMENT3D(#10288,#10289,#10290);
#10292=IFCDIRECTION((0.,0.,-1.));
#10293=IFCEXTRUDEDAREASOLID(#10287,#10291,#10292,0.004999999888241291);
#10294=IFCCARTESIANPOINTLIST2D(((0.,0.),(0.,2.0250000022351742),(0.90644108504056931,2.0250000022351742),(0.90644108504056931,0.),(0.8564410824328661,0.),(0.8564410824328661,1.974999999627471),(0.050000002607703209,1.974999999627471),(0.050000002607703209,0.)));
#10295=IFCINDEXEDPOLYCURVE(#10294,(IFCLINEINDEX((1,2,3,4,5,6,7,8,1))),$);
#10296=IFCARBITRARYCLOSEDPROFILEDEF(.AREA.,$,#10295);
#10297=IFCCARTESIANPOINT((-0.025000002235174179,0.05000000074505806,0.));
#10298=IFCDIRECTION((0.,-1.,0.));
#10299=IFCDIRECTION((1.,0.,0.));
#10300=IFCAXIS2PLACEMENT3D(#10297,#10298,#10299);
#10301=IFCDIRECTION((0.,0.,-1.));
#10302=IFCEXTRUDEDAREASOLID(#10296,#10300,#10301,0.004999999888241291);
#10303=IFCCARTESIANPOINTLIST2D(((0.,0.),(0.80644107982516289,0.),(0.80644107982516289,0.035000000149011612),(0.,0.035000000149011612)));
#10304=IFCINDEXEDPOLYCURVE(#10303,(IFCLINEINDEX((1,2,3,4,1))),$);
#10305=IFCARBITRARYCLOSEDPROFILEDEF(.AREA.,$,#10304);
#10306=IFCCARTESIANPOINT((0.02500000037252903,0.02500000037252903,0.02500000037252903));
#10307=IFCDIRECTION((0.,0.,1.));
#10308=IFCDIRECTION((1.,0.,0.));
#10309=IFCAXIS2PLACEMENT3D(#10306,#10307,#10308);
#10310=IFCDIRECTION((0.,0.,1.));
#10311=IFCEXTRUDEDAREASOLID(#10305,#10309,#10310,1.9499999992549419);
#10312=IFCCARTESIANPOINTLIST2D(((0.,0.),(0.,-0.040000000000000001),(-0.11999999999999988,-0.040000000000000001),(-0.11999999999999988,-0.02),(-0.020000000000000018,-0.02),(-0.020000000000000018,0.)));
#10313=IFCINDEXEDPOLYCURVE(#10312,(IFCLINEINDEX((1,2,3,4,5,6,1))),$);
#10314=IFCARBITRARYCLOSEDPROFILEDEF(.AREA.,$,#10313);
#10315=IFCCARTESIANPOINT((0.78144108019769187,0.02500000037252903,1.015000000372529));
#10316=IFCDIRECTION((0.,0.,1.));
#10317=IFCDIRECTION((1.,0.,0.));
#10318=IFCAXIS2PLACEMENT3D(#10315,#10316,#10317);
#10319=IFCDIRECTION((0.,0.,1.));
#10320=IFCEXTRUDEDAREASOLID(#10314,#10318,#10319,0.02);
#10321=IFCEXTRUDEDAREASOLID(#10322,#10325,#10329,0.02);
#10322=IFCARBITRARYCLOSEDPROFILEDEF(.AREA.,$,#10323);
#10323=IFCINDEXEDPOLYCURVE(#10324,(IFCLINEINDEX((1,2,3,4,5,6,1))),$);
#10324=IFCCARTESIANPOINTLIST2D(((0.,0.),(0.,0.040000000000000008),(-0.11999999999999988,0.040000000000000008),(-0.11999999999999988,0.020000000000000004),(-0.020000000000000018,0.020000000000000004),(-0.020000000000000018,0.)));
#10325=IFCAXIS2PLACEMENT3D(#10326,#10327,#10328);
#10326=IFCCARTESIANPOINT((0.78144108019769187,0.060000000521540642,1.015000000372529));
#10327=IFCDIRECTION((0.,0.,1.));
#10328=IFCDIRECTION((1.,0.,0.));
#10329=IFCDIRECTION((0.,0.,1.));
#10330=IFCSHAPEREPRESENTATION(#11,'Body','SweptSolid',(#10266,#10275,#10311,#10320,#10321,#10284,#10293,#10302));
#10331=IFCCARTESIANPOINTLIST2D(((0.,0.),(0.,0.05000000074505806),(0.02500000037252903,0.05000000074505806),(0.02500000037252903,0.02500000037252903),(0.05000000074505806,0.02500000037252903),(0.05000000074505806,0.)));
#10332=IFCINDEXEDPOLYCURVE(#10331,(IFCLINEINDEX((1,2,3,4,5,6,1))),$);
#10333=IFCINDEXEDPOLYCURVE(#10334,(IFCLINEINDEX((1,2,3,4,5,6,1))),$);
#10334=IFCCARTESIANPOINTLIST2D(((0.85644108057022095,0.),(0.85644108057022095,0.05000000074505806),(0.83144108019769192,0.05000000074505806),(0.83144108019769192,0.02500000037252903),(0.80644107982516289,0.02500000037252903),(0.80644107982516289,0.)));
#10335=IFCDIRECTION((1.,0.));
#10336=IFCCARTESIANPOINT((0.060000000521540642,0.05000000074505806));
#10337=IFCAXIS2PLACEMENT2D(#10336,#10335);
#10338=IFCELLIPSE(#10337,0.77144107967615128,0.80644107982516289);
#10339=IFCCARTESIANPOINT((0.83144108019769192,0.05000000074505806));
#10340=IFCCARTESIANPOINT((0.060000000521540642,0.85644108057022095));
#10341=IFCTRIMMEDCURVE(#10338,(#10339),(#10340),.T.,.CARTESIAN.);
#10342=IFCCARTESIANPOINTLIST2D(((0.02500000037252903,0.05000000074505806),(0.060000000521540642,0.05000000074505806),(0.060000000521540642,0.85644108057022095),(0.02500000037252903,0.85644108057022095)));
#10343=IFCINDEXEDPOLYCURVE(#10342,(IFCLINEINDEX((1,2,3,4,1))),$);
#10344=IFCSHAPEREPRESENTATION(#24,'Body','Curve2D',(#10332,#10333,#10341,#10343));
#10345=IFCCARTESIANPOINTLIST2D(((0.,0.),(0.85644108057022095,0.),(0.85644108057022095,2.),(0.,2.)));
#10346=IFCINDEXEDPOLYCURVE(#10345,(IFCLINEINDEX((1,2,3,4,1))),$);
#10347=IFCARBITRARYCLOSEDPROFILEDEF(.AREA.,$,#10346);
#10348=IFCCARTESIANPOINT((0.,-0.60000002384185791,0.));
#10349=IFCDIRECTION((0.,-1.,0.));
#10350=IFCDIRECTION((1.,0.,0.));
#10351=IFCAXIS2PLACEMENT3D(#10348,#10349,#10350);
#10352=IFCDIRECTION((0.,0.,-1.));
#10353=IFCEXTRUDEDAREASOLID(#10347,#10351,#10352,1.2);
#10354=IFCSHAPEREPRESENTATION(#11,'Body','SweptSolid',(#10353));
#10365=IFCCARTESIANPOINT((0.,0.,0.));
#10366=IFCDIRECTION((0.,0.,1.));
#10367=IFCDIRECTION((1.,0.,0.));
#10368=IFCAXIS2PLACEMENT3D(#10365,#10366,#10367);
#10369=IFCLOCALPLACEMENT(#15780,#10368);
#10927=IFCCARTESIANPOINTLIST2D(((0.,0.),(0.13000001641131748,0.12999999523162842),(1.0900004042493885,0.12999999523162842),(0.96000038783807096,0.)));
#10928=IFCINDEXEDPOLYCURVE(#10927,(IFCLINEINDEX((1,2,3,4,1))),$);
#10929=IFCARBITRARYCLOSEDPROFILEDEF(.AREA.,$,#10928);
#10930=IFCCARTESIANPOINT((0.,0.,0.));
#10931=IFCDIRECTION((0.,0.,1.));
#10932=IFCDIRECTION((1.,0.,0.));
#10933=IFCAXIS2PLACEMENT3D(#10930,#10931,#10932);
#10934=IFCDIRECTION((0.,0.,1.));
#10935=IFCEXTRUDEDAREASOLID(#10929,#10933,#10934,3.);
#10936=IFCSHAPEREPRESENTATION(#11,'Body','SweptSolid',(#10935));
#10937=IFCCARTESIANPOINTLIST2D(((0.,0.),(0.96000038783807096,0.)));
#10938=IFCINDEXEDPOLYCURVE(#10937,$,$);
#10939=IFCSHAPEREPRESENTATION(#23,'Axis','Curve2D',(#10938));
#10953=IFCCARTESIANPOINTLIST2D(((0.,0.),(-0.13000004740574128,0.12999999523162842),(0.77999996642084846,0.12999999523162842),(0.90999998283216676,0.)));
#10954=IFCINDEXEDPOLYCURVE(#10953,(IFCLINEINDEX((1,2,3,4,1))),$);
#10955=IFCARBITRARYCLOSEDPROFILEDEF(.AREA.,$,#10954);
#10956=IFCCARTESIANPOINT((0.,0.,0.));
#10957=IFCDIRECTION((0.,0.,1.));
#10958=IFCDIRECTION((1.,0.,0.));
#10959=IFCAXIS2PLACEMENT3D(#10956,#10957,#10958);
#10960=IFCDIRECTION((0.,0.,1.));
#10961=IFCEXTRUDEDAREASOLID(#10955,#10959,#10960,3.);
#10962=IFCSHAPEREPRESENTATION(#11,'Body','SweptSolid',(#10961));
#10963=IFCCARTESIANPOINTLIST2D(((0.,0.),(0.90999998283216676,0.)));
#10964=IFCINDEXEDPOLYCURVE(#10963,$,$);
#10965=IFCSHAPEREPRESENTATION(#23,'Axis','Curve2D',(#10964));
#10979=IFCCARTESIANPOINTLIST2D(((0.,0.),(-0.13000001641131748,0.12999999523162842),(3.3699998176481278,0.12999999523162842),(3.4999998340594454,0.)));
#10980=IFCINDEXEDPOLYCURVE(#10979,(IFCLINEINDEX((1,2,3,4,1))),$);
#10981=IFCARBITRARYCLOSEDPROFILEDEF(.AREA.,$,#10980);
#10982=IFCCARTESIANPOINT((0.,0.,0.));
#10983=IFCDIRECTION((0.,0.,1.));
#10984=IFCDIRECTION((1.,0.,0.));
#10985=IFCAXIS2PLACEMENT3D(#10982,#10983,#10984);
#10986=IFCDIRECTION((0.,0.,1.));
#10987=IFCEXTRUDEDAREASOLID(#10981,#10985,#10986,3.);
#10988=IFCSHAPEREPRESENTATION(#11,'Body','SweptSolid',(#10987));
#10989=IFCCARTESIANPOINTLIST2D(((0.,0.),(3.4999998340594454,0.)));
#10990=IFCINDEXEDPOLYCURVE(#10989,$,$);
#10991=IFCSHAPEREPRESENTATION(#23,'Axis','Curve2D',(#10990));
#11005=IFCRELCONNECTSPATHELEMENTS('2dTgMWXKD2SQ18wwcqnpFu',$,$,$,$,#9065,#9374,(),(),.ATEND.,.ATSTART.);
#11006=IFCCARTESIANPOINTLIST2D(((0.,0.),(0.12999999368139467,0.12999999523162842),(3.8590100334753279,0.12999999523162842),(3.9890100498866454,0.)));
#11007=IFCINDEXEDPOLYCURVE(#11006,(IFCLINEINDEX((1,2,3,4,1))),$);
#11008=IFCARBITRARYCLOSEDPROFILEDEF(.AREA.,$,#11007);
#11009=IFCCARTESIANPOINT((0.,0.,0.));
#11010=IFCDIRECTION((0.,0.,1.));
#11011=IFCDIRECTION((1.,0.,0.));
#11012=IFCAXIS2PLACEMENT3D(#11009,#11010,#11011);
#11013=IFCDIRECTION((0.,0.,1.));
#11014=IFCEXTRUDEDAREASOLID(#11008,#11012,#11013,3.);
#11015=IFCSHAPEREPRESENTATION(#11,'Body','SweptSolid',(#11014));
#11016=IFCCARTESIANPOINTLIST2D(((0.,0.),(3.9890100498866454,0.)));
#11017=IFCINDEXEDPOLYCURVE(#11016,$,$);
#11018=IFCSHAPEREPRESENTATION(#23,'Axis','Curve2D',(#11017));
#11019=IFCCARTESIANPOINT((4.2164871235560373,6.5159626016687797,0.));
#11020=IFCDIRECTION((0.,0.,1.));
#11021=IFCDIRECTION((-0.99999999999999623,8.7422776573475527E-08,0.));
#11022=IFCAXIS2PLACEMENT3D(#11019,#11020,#11021);
#11023=IFCLOCALPLACEMENT(#8668,#11022);
#11037=IFCWALLTYPE('1lfAPfVqn0jP_3GWk$qlV7',$,'Wall-2F-int',$,$,(#11038),$,$,$,.SOLIDWALL.);
#11038=IFCPROPERTYSET('0Ji_17zEzAOeDzq5EOIJox',$,'EPset_Parametric',$,(#11039));
#11039=IFCPROPERTYSINGLEVALUE('LayerSetDirection',$,IFCLABEL('AXIS2'),$);
#11040=IFCRELASSOCIATESMATERIAL('03meyMQ0T74xsDNKH0FHGV',$,$,$,(#11037),#11041);
#11041=IFCMATERIALLAYERSET((#11042),$,$);
#11042=IFCMATERIALLAYER(#81,0.10000000149011612,$,$,$,$,$);
#11043=IFCWALL('3nInesMhX4cwmh4oLfLGga',$,'Wall',$,$,#11455,#11050,$,$);
#11044=IFCRELDEFINESBYTYPE('2cLp6M6SvBJu8BB62BHjMf',$,$,$,(#11343,#11413,#11273,#11043),#11037);
#11045=IFCMATERIALLAYERSETUSAGE(#11041,.AXIS2.,.NEGATIVE.,0.,$);
#11046=IFCRELASSOCIATESMATERIAL('3lc1EHbc1FNRaIEW$HyS6S',$,$,$,(#11043),#11045);
#11050=IFCPRODUCTDEFINITIONSHAPE($,$,(#15614,#15611));
#11066=IFCPROPERTYSET('1Zm_s4QDb9EANkfbWDsFPJ',$,'EPset_Parametric',$,(#11068));
#11067=IFCRELDEFINESBYPROPERTIES('1W5oWU2Az72Algnk3kN2xK',$,$,$,(#11043),#11066);
#11068=IFCPROPERTYSINGLEVALUE('Engine',$,IFCLABEL('Bonsai.DumbLayer2'),$);
#11118=IFCCARTESIANPOINT((0.,0.,6.));
#11119=IFCDIRECTION((0.,0.,1.));
#11120=IFCDIRECTION((1.,0.,0.));
#11121=IFCAXIS2PLACEMENT3D(#11118,#11119,#11120);
#11122=IFCLOCALPLACEMENT(#56,#11121);
#11273=IFCWALL('2Owr8QXk904B$LL$Uy724l',$,'Wall',$,$,#11315,#11279,$,$);
#11274=IFCMATERIALLAYERSETUSAGE(#11041,.AXIS2.,.POSITIVE.,0.,$);
#11275=IFCRELASSOCIATESMATERIAL('0xGsfMZU9CFR9sU2CZ2fjd',$,$,$,(#11273),#11274);
#11279=IFCPRODUCTDEFINITIONSHAPE($,$,(#11329,#11326));
#11295=IFCPROPERTYSET('0btN7jFkb1OR4Z6m$YZjAP',$,'EPset_Parametric',$,(#11297));
#11296=IFCRELDEFINESBYPROPERTIES('2oYk7qw6fEd80ndyp1SNbl',$,$,$,(#11273),#11295);
#11297=IFCPROPERTYSINGLEVALUE('Engine',$,IFCLABEL('Bonsai.DumbLayer2'),$);
#11311=IFCCARTESIANPOINT((0.35748058557510376,0.39664280414581299,0.));
#11312=IFCDIRECTION((0.,0.,1.));
#11313=IFCDIRECTION((0.99999999997928057,-6.4373016356088103E-06,0.));
#11314=IFCAXIS2PLACEMENT3D(#11311,#11312,#11313);
#11315=IFCLOCALPLACEMENT(#8668,#11314);
#11316=IFCRELCONNECTSPATHELEMENTS('2X$Lq4kWzCEOm_HiRowmB1',$,$,$,$,#11273,#9374,(),(),.ATPATH.,.ATEND.);
#11317=IFCCARTESIANPOINTLIST2D(((0.,0.),(0.,0.10000000149011612),(3.7290054446485703,0.10000000149011612),(3.7290060808289534,0.)));
#11318=IFCINDEXEDPOLYCURVE(#11317,(IFCLINEINDEX((1,2,3,4,1))),$);
#11319=IFCARBITRARYCLOSEDPROFILEDEF(.AREA.,$,#11318);
#11320=IFCCARTESIANPOINT((0.,0.,0.));
#11321=IFCDIRECTION((0.,0.,1.));
#11322=IFCDIRECTION((1.,0.,0.));
#11323=IFCAXIS2PLACEMENT3D(#11320,#11321,#11322);
#11324=IFCDIRECTION((0.,0.,1.));
#11325=IFCEXTRUDEDAREASOLID(#11319,#11323,#11324,3.);
#11326=IFCSHAPEREPRESENTATION(#11,'Body','SweptSolid',(#11325));
#11327=IFCCARTESIANPOINTLIST2D(((0.,0.),(3.8590060760632121,0.)));
#11328=IFCINDEXEDPOLYCURVE(#11327,$,$);
#11329=IFCSHAPEREPRESENTATION(#23,'Axis','Curve2D',(#11328));
#11343=IFCWALL('1sQaOjoo19L9y$sqmgYi0R',$,'Wall',$,$,#11385,#11349,$,$);
#11344=IFCMATERIALLAYERSETUSAGE(#11041,.AXIS2.,.POSITIVE.,0.,$);
#11345=IFCRELASSOCIATESMATERIAL('2cSGEb3w92JemZ1YNpm94q',$,$,$,(#11343),#11344);
#11349=IFCPRODUCTDEFINITIONSHAPE($,$,(#11399,#11396));
#11365=IFCPROPERTYSET('1YmFG8NqzFwOLCV95_nt8u',$,'EPset_Parametric',$,(#11367));
#11366=IFCRELDEFINESBYPROPERTIES('2yCBY1TO58NhCcSO5fdSZu',$,$,$,(#11343),#11365);
#11367=IFCPROPERTYSINGLEVALUE('Engine',$,IFCLABEL('Bonsai.DumbLayer2'),$);
#11381=IFCCARTESIANPOINT((0.35747751593589783,4.9210257530212402,0.));
#11382=IFCDIRECTION((0.,0.,1.));
#11383=IFCDIRECTION((1.,0.,0.));
#11384=IFCAXIS2PLACEMENT3D(#11381,#11382,#11383);
#11385=IFCLOCALPLACEMENT(#8668,#11384);
#11386=IFCRELCONNECTSPATHELEMENTS('1Kc2jhANjAyu2tjTFLvL3J',$,$,$,$,#11343,#9374,(),(),.ATPATH.,.ATEND.);
#11387=IFCCARTESIANPOINTLIST2D(((0.,0.),(0.,0.10000000149011612),(3.7290094995239156,0.10000000149011612),(3.7290094919741255,0.)));
#11388=IFCINDEXEDPOLYCURVE(#11387,(IFCLINEINDEX((1,2,3,4,1))),$);
#11389=IFCARBITRARYCLOSEDPROFILEDEF(.AREA.,$,#11388);
#11390=IFCCARTESIANPOINT((0.,0.,0.));
#11391=IFCDIRECTION((0.,0.,1.));
#11392=IFCDIRECTION((1.,0.,0.));
#11393=IFCAXIS2PLACEMENT3D(#11390,#11391,#11392);
#11394=IFCDIRECTION((0.,0.,1.));
#11395=IFCEXTRUDEDAREASOLID(#11389,#11393,#11394,3.);
#11396=IFCSHAPEREPRESENTATION(#11,'Body','SweptSolid',(#11395));
#11397=IFCCARTESIANPOINTLIST2D(((0.,0.),(3.8590094872057543,0.)));
#11398=IFCINDEXEDPOLYCURVE(#11397,$,$);
#11399=IFCSHAPEREPRESENTATION(#23,'Axis','Curve2D',(#11398));
#11413=IFCWALL('2f9ckvu5vDye1R6SS4tBl_',$,'Wall',$,$,#11460,#11419,$,$);
#11414=IFCMATERIALLAYERSETUSAGE(#11041,.AXIS2.,.POSITIVE.,0.,$);
#11415=IFCRELASSOCIATESMATERIAL('2VGFW25qjA0vLVzu$Vkumd',$,$,$,(#11413),#11414);
#11419=IFCPRODUCTDEFINITIONSHAPE($,$,(#11474,#11471));
#11435=IFCPROPERTYSET('0mGyWiJkv9Pe2LRnFCDdX_',$,'EPset_Parametric',$,(#11437));
#11436=IFCRELDEFINESBYPROPERTIES('2nneYHQCL09Pg_YYa9mesY',$,$,$,(#11413),#11435);
#11437=IFCPROPERTYSINGLEVALUE('Engine',$,IFCLABEL('Bonsai.DumbLayer2'),$);
#11451=IFCCARTESIANPOINT((0.35747727751731873,5.4259624481201172,0.));
#11452=IFCDIRECTION((0.,0.,1.));
#11453=IFCDIRECTION((6.7154434191237091E-07,-0.99999999999977462,0.));
#11454=IFCAXIS2PLACEMENT3D(#11451,#11452,#11453);
#11455=IFCLOCALPLACEMENT(#8668,#11454);
#11456=IFCCARTESIANPOINT((-3.1425220966339111,2.5516529083251953,0.));
#11457=IFCDIRECTION((0.,0.,1.));
#11458=IFCDIRECTION((0.99999999999997158,2.3841857910155572E-07,0.));
#11459=IFCAXIS2PLACEMENT3D(#11456,#11457,#11458);
#11460=IFCLOCALPLACEMENT(#8668,#11459);
#11461=IFCRELCONNECTSPATHELEMENTS('07DmjyApD8y8eqz9PL9huP',$,$,$,$,#11413,#11043,(),(),.ATPATH.,.ATEND.);
#11462=IFCCARTESIANPOINTLIST2D(((0.,0.),(0.,0.10000000149011612),(3.4000012595743749,0.10000000149011612),(3.400001302886952,0.)));
#11463=IFCINDEXEDPOLYCURVE(#11462,(IFCLINEINDEX((1,2,3,4,1))),$);
#11464=IFCARBITRARYCLOSEDPROFILEDEF(.AREA.,$,#11463);
#11465=IFCCARTESIANPOINT((0.,0.,0.));
#11466=IFCDIRECTION((0.,0.,1.));
#11467=IFCDIRECTION((1.,0.,0.));
#11468=IFCAXIS2PLACEMENT3D(#11465,#11466,#11467);
#11469=IFCDIRECTION((0.,0.,1.));
#11470=IFCEXTRUDEDAREASOLID(#11464,#11468,#11469,3.);
#11471=IFCSHAPEREPRESENTATION(#11,'Body','SweptSolid',(#11470));
#11472=IFCCARTESIANPOINTLIST2D(((0.,0.),(3.5000013043770775,0.)));
#11473=IFCINDEXEDPOLYCURVE(#11472,$,$);
#11474=IFCSHAPEREPRESENTATION(#23,'Axis','Curve2D',(#11473));
#11488=IFCDOORTYPE('2gCYkUTFD2seMQi4EFRfCz',$,'Bedroom-2-2F',$,$,(#11489),(#11491,#11499,#11577),$,$,.DOOR.,.SINGLE_SWING_LEFT.,$,$);
#11489=IFCPROPERTYSET('1niZ_4EAPD79HNngJmYvTr',$,'BBIM_Door',$,(#11490));
#11490=IFCPROPERTYSINGLEVALUE('Data',$,IFCTEXT('{"door_type": "SINGLE_SWING_RIGHT", "overall_height": 2.0, "overall_width": 0.8008427619934082, "lining_properties": {"lining_depth": 0.05000000074505806, "lining_thickness": 0.05000000074505806, "lining_offset": 0.0, "lining_to_panel_offset_x": 0.02500000037252903, "lining_to_panel_offset_y": 0.02500000037252903, "transom_thickness": 0.0, "casing_thickness": 0.07500000298023224, "casing_depth": 0.004999999888241291, "threshold_thickness": 0.02500000037252903, "threshold_depth": 0.10000000149011612, "threshold_offset": 0.0}, "panel_properties": {"panel_depth": 0.03500000014901161, "panel_width_ratio": 1.0}}'),$);
#11491=IFCREPRESENTATIONMAP(#11492,#11663);
#11492=IFCAXIS2PLACEMENT3D(#11493,#11494,#11495);
#11493=IFCCARTESIANPOINT((0.,0.,0.));
#11494=IFCDIRECTION((0.,0.,1.));
#11495=IFCDIRECTION((1.,0.,0.));
#11499=IFCREPRESENTATIONMAP(#11500,#11736);
#11500=IFCAXIS2PLACEMENT3D(#11501,#11502,#11503);
#11501=IFCCARTESIANPOINT((0.,0.,0.));
#11502=IFCDIRECTION((0.,0.,1.));
#11503=IFCDIRECTION((1.,0.,0.));
#11577=IFCREPRESENTATIONMAP(#11578,#11754);
#11578=IFCAXIS2PLACEMENT3D(#11579,#11580,#11581);
#11579=IFCCARTESIANPOINT((0.,0.,0.));
#11580=IFCDIRECTION((0.,0.,1.));
#11581=IFCDIRECTION((1.,0.,0.));
#11596=IFCDOOR('38K3bIrjP31OSlIqWC7XOB',$,'Door',$,$,#11779,#11605,$,2.,0.8008427619934082,$,.SINGLE_SWING_RIGHT.,$);
#11597=IFCRELDEFINESBYTYPE('1JDTPgwFb8TfQxfuFSg2zt',$,$,$,(#11596),#11488);
#11598=IFCCARTESIANPOINT((0.,0.,0.));
#11599=IFCDIRECTION((1.,0.,0.));
#11600=IFCDIRECTION((0.,1.,0.));
#11601=IFCDIRECTION((0.,0.,1.));
#11602=IFCCARTESIANTRANSFORMATIONOPERATOR3D(#11599,#11600,#11598,1.,#11601);
#11603=IFCMAPPEDITEM(#11491,#11602);
#11604=IFCSHAPEREPRESENTATION(#18,'Profile','MappedRepresentation',(#11603));
#11605=IFCPRODUCTDEFINITIONSHAPE($,$,(#11604,#11612,#11619));
#11606=IFCCARTESIANPOINT((0.,0.,0.));
#11607=IFCDIRECTION((1.,0.,0.));
#11608=IFCDIRECTION((0.,1.,0.));
#11609=IFCDIRECTION((0.,0.,1.));
#11610=IFCCARTESIANTRANSFORMATIONOPERATOR3D(#11607,#11608,#11606,1.,#11609);
#11611=IFCMAPPEDITEM(#11499,#11610);
#11612=IFCSHAPEREPRESENTATION(#11,'Body','MappedRepresentation',(#11611));
#11613=IFCCARTESIANPOINT((0.,0.,0.));
#11614=IFCDIRECTION((1.,0.,0.));
#11615=IFCDIRECTION((0.,1.,0.));
#11616=IFCDIRECTION((0.,0.,1.));
#11617=IFCCARTESIANTRANSFORMATIONOPERATOR3D(#11614,#11615,#11613,1.,#11616);
#11618=IFCMAPPEDITEM(#11577,#11617);
#11619=IFCSHAPEREPRESENTATION(#24,'Body','MappedRepresentation',(#11618));
#11620=IFCOPENINGELEMENT('0e$AZKVij9v8dZqs_bOzdE',$,'Opening',$,$,#11774,#11648,$,.OPENING.);
#11636=IFCCARTESIANPOINT((0.,0.,0.));
#11637=IFCDIRECTION((1.,0.,0.));
#11638=IFCDIRECTION((0.,0.,1.));
#11639=IFCAXIS2PLACEMENT3D(#11636,#11638,#11637);
#11640=IFCREPRESENTATIONMAP(#11639,#11764);
#11641=IFCCARTESIANPOINT((0.,0.,0.));
#11642=IFCDIRECTION((1.,0.,0.));
#11643=IFCDIRECTION((0.,1.,0.));
#11644=IFCDIRECTION((0.,0.,1.));
#11645=IFCCARTESIANTRANSFORMATIONOPERATOR3D(#11642,#11643,#11641,1.,#11644);
#11646=IFCMAPPEDITEM(#11640,#11645);
#11647=IFCSHAPEREPRESENTATION(#11,'Body','MappedRepresentation',(#11646));
#11648=IFCPRODUCTDEFINITIONSHAPE($,$,(#11647));
#11649=IFCRELVOIDSELEMENT('15R7uLJDrBfON2CV$FX4_R',$,$,$,#11273,#11620);
#11655=IFCRELFILLSELEMENT('1GS1YTsFH0iwqHvagy65UI',$,$,$,#11620,#11596);
#11661=IFCCARTESIANPOINTLIST3D(((0.,0.,0.),(0.8008427619934082,0.,0.),(0.8008427619934082,0.,2.),(0.,0.,2.)));
#11662=IFCINDEXEDPOLYCURVE(#11661,(IFCLINEINDEX((1,2,3,4,1))),$);
#11663=IFCSHAPEREPRESENTATION(#18,'Profile','Curve3D',(#11662));
#11664=IFCCARTESIANPOINTLIST2D(((0.,0.),(0.,2.),(0.8008427619934082,2.),(0.8008427619934082,0.),(0.77584276162087917,0.),(0.77584276162087917,1.974999999627471),(0.02500000037252903,1.974999999627471),(0.02500000037252903,0.)));
#11665=IFCINDEXEDPOLYCURVE(#11664,(IFCLINEINDEX((1,2,3,4,5,6,7,8,1))),$);
#11666=IFCARBITRARYCLOSEDPROFILEDEF(.AREA.,$,#11665);
#11667=IFCCARTESIANPOINT((0.,0.02500000037252903,0.));
#11668=IFCDIRECTION((0.,-1.,0.));
#11669=IFCDIRECTION((1.,0.,0.));
#11670=IFCAXIS2PLACEMENT3D(#11667,#11668,#11669);
#11671=IFCDIRECTION((0.,0.,-1.));
#11672=IFCEXTRUDEDAREASOLID(#11666,#11670,#11671,0.02500000037252903);
#11673=IFCCARTESIANPOINTLIST2D(((0.,0.),(0.,2.),(0.8008427619934082,2.),(0.8008427619934082,0.),(0.75084276124835014,0.),(0.75084276124835014,1.9499999992549419),(0.05000000074505806,1.9499999992549419),(0.05000000074505806,0.)));
#11674=IFCINDEXEDPOLYCURVE(#11673,(IFCLINEINDEX((1,2,3,4,5,6,7,8,1))),$);
#11675=IFCARBITRARYCLOSEDPROFILEDEF(.AREA.,$,#11674);
#11676=IFCCARTESIANPOINT((0.,0.,0.));
#11677=IFCDIRECTION((0.,-1.,0.));
#11678=IFCDIRECTION((1.,0.,0.));
#11679=IFCAXIS2PLACEMENT3D(#11676,#11677,#11678);
#11680=IFCDIRECTION((0.,0.,-1.));
#11681=IFCEXTRUDEDAREASOLID(#11675,#11679,#11680,0.02500000037252903);
#11682=IFCCARTESIANPOINTLIST2D(((0.,0.),(0.70084276050329208,0.),(0.70084276050329208,0.10000000149011612),(0.,0.10000000149011612)));
#11683=IFCINDEXEDPOLYCURVE(#11682,(IFCLINEINDEX((1,2,3,4,1))),$);
#11684=IFCARBITRARYCLOSEDPROFILEDEF(.AREA.,$,#11683);
#11685=IFCCARTESIANPOINT((0.05000000074505806,0.,0.));
#11686=IFCDIRECTION((0.,0.,1.));
#11687=IFCDIRECTION((1.,0.,0.));
#11688=IFCAXIS2PLACEMENT3D(#11685,#11686,#11687);
#11689=IFCDIRECTION((0.,0.,1.));
#11690=IFCEXTRUDEDAREASOLID(#11684,#11688,#11689,0.02500000037252903);
#11691=IFCCARTESIANPOINTLIST2D(((0.,0.),(0.,2.0250000022351742),(0.85084276646375656,2.0250000022351742),(0.85084276646375656,0.),(0.77584276348352432,0.),(0.77584276348352432,1.9499999992549419),(0.075000002980232239,1.9499999992549419),(0.075000002980232239,0.)));
#11692=IFCINDEXEDPOLYCURVE(#11691,(IFCLINEINDEX((1,2,3,4,5,6,7,8,1))),$);
#11693=IFCARBITRARYCLOSEDPROFILEDEF(.AREA.,$,#11692);
#11694=IFCCARTESIANPOINT((-0.025000002235174179,-0.004999999888241291,0.));
#11695=IFCDIRECTION((0.,-1.,0.));
#11696=IFCDIRECTION((1.,0.,0.));
#11697=IFCAXIS2PLACEMENT3D(#11694,#11695,#11696);
#11698=IFCDIRECTION((0.,0.,-1.));
#11699=IFCEXTRUDEDAREASOLID(#11693,#11697,#11698,0.004999999888241291);
#11700=IFCCARTESIANPOINTLIST2D(((0.,0.),(0.,2.0250000022351742),(0.85084276646375656,2.0250000022351742),(0.85084276646375656,0.),(0.80084276385605335,0.),(0.80084276385605335,1.974999999627471),(0.050000002607703209,1.974999999627471),(0.050000002607703209,0.)));
#11701=IFCINDEXEDPOLYCURVE(#11700,(IFCLINEINDEX((1,2,3,4,5,6,7,8,1))),$);
#11702=IFCARBITRARYCLOSEDPROFILEDEF(.AREA.,$,#11701);
#11703=IFCCARTESIANPOINT((-0.025000002235174179,0.05000000074505806,0.));
#11704=IFCDIRECTION((0.,-1.,0.));
#11705=IFCDIRECTION((1.,0.,0.));
#11706=IFCAXIS2PLACEMENT3D(#11703,#11704,#11705);
#11707=IFCDIRECTION((0.,0.,-1.));
#11708=IFCEXTRUDEDAREASOLID(#11702,#11706,#11707,0.004999999888241291);
#11709=IFCCARTESIANPOINTLIST2D(((0.,0.),(0.75084276124835014,0.),(0.75084276124835014,0.035000000149011612),(0.,0.035000000149011612)));
#11710=IFCINDEXEDPOLYCURVE(#11709,(IFCLINEINDEX((1,2,3,4,1))),$);
#11711=IFCARBITRARYCLOSEDPROFILEDEF(.AREA.,$,#11710);
#11712=IFCCARTESIANPOINT((0.02500000037252903,0.02500000037252903,0.02500000037252903));
#11713=IFCDIRECTION((0.,0.,1.));
#11714=IFCDIRECTION((1.,0.,0.));
#11715=IFCAXIS2PLACEMENT3D(#11712,#11713,#11714);
#11716=IFCDIRECTION((0.,0.,1.));
#11717=IFCEXTRUDEDAREASOLID(#11711,#11715,#11716,1.9499999992549419);
#11718=IFCCARTESIANPOINTLIST2D(((0.,0.),(0.,-0.040000000000000001),(0.12,-0.040000000000000001),(0.12,-0.02),(0.02,-0.02),(0.02,0.)));
#11719=IFCINDEXEDPOLYCURVE(#11718,(IFCLINEINDEX((1,2,3,4,5,6,1))),$);
#11720=IFCARBITRARYCLOSEDPROFILEDEF(.AREA.,$,#11719);
#11721=IFCCARTESIANPOINT((0.075000000372529033,0.02500000037252903,1.015000000372529));
#11722=IFCDIRECTION((0.,0.,1.));
#11723=IFCDIRECTION((1.,0.,0.));
#11724=IFCAXIS2PLACEMENT3D(#11721,#11722,#11723);
#11725=IFCDIRECTION((0.,0.,1.));
#11726=IFCEXTRUDEDAREASOLID(#11720,#11724,#11725,0.02);
#11727=IFCEXTRUDEDAREASOLID(#11728,#11731,#11735,0.02);
#11728=IFCARBITRARYCLOSEDPROFILEDEF(.AREA.,$,#11729);
#11729=IFCINDEXEDPOLYCURVE(#11730,(IFCLINEINDEX((1,2,3,4,5,6,1))),$);
#11730=IFCCARTESIANPOINTLIST2D(((0.,0.),(0.,0.040000000000000008),(0.11999999999999998,0.040000000000000008),(0.11999999999999998,0.020000000000000004),(0.020000000000000004,0.020000000000000004),(0.020000000000000004,0.)));
#11731=IFCAXIS2PLACEMENT3D(#11732,#11733,#11734);
#11732=IFCCARTESIANPOINT((0.075000000372529033,0.060000000521540642,1.015000000372529));
#11733=IFCDIRECTION((0.,0.,1.));
#11734=IFCDIRECTION((1.,0.,0.));
#11735=IFCDIRECTION((0.,0.,1.));
#11736=IFCSHAPEREPRESENTATION(#11,'Body','SweptSolid',(#11672,#11681,#11717,#11726,#11727,#11690,#11699,#11708));
#11737=IFCSHAPEREPRESENTATION(#11,'Body','SweptSolid',(#11672,#11681,#11690,#11699,#11708));
#11738=IFCSHAPEASPECT((#11737),'Lining',$,.T.,#11605);
#11739=IFCSHAPEREPRESENTATION(#11,'Body','SweptSolid',(#11717,#11726,#11727));
#11740=IFCSHAPEASPECT((#11739),'Framing',$,.T.,#11605);
#11741=IFCCARTESIANPOINTLIST2D(((0.,0.),(0.,0.05000000074505806),(0.02500000037252903,0.05000000074505806),(0.02500000037252903,0.02500000037252903),(0.05000000074505806,0.02500000037252903),(0.05000000074505806,0.)));
#11742=IFCINDEXEDPOLYCURVE(#11741,(IFCLINEINDEX((1,2,3,4,5,6,1))),$);
#11743=IFCINDEXEDPOLYCURVE(#11744,(IFCLINEINDEX((1,2,3,4,5,6,1))),$);
#11744=IFCCARTESIANPOINTLIST2D(((0.8008427619934082,0.),(0.8008427619934082,0.05000000074505806),(0.77584276162087917,0.05000000074505806),(0.77584276162087917,0.02500000037252903),(0.75084276124835014,0.02500000037252903),(0.75084276124835014,0.)));
#11745=IFCDIRECTION((1.,0.));
#11746=IFCCARTESIANPOINT((0.74084276147186756,0.05000000074505806));
#11747=IFCAXIS2PLACEMENT2D(#11746,#11745);
#11748=IFCELLIPSE(#11747,0.71584276109933853,0.75084276124835014);
#11749=IFCCARTESIANPOINT((0.74084276147186756,0.8008427619934082));
#11750=IFCCARTESIANPOINT((0.02500000037252903,0.05000000074505806));
#11751=IFCTRIMMEDCURVE(#11748,(#11749),(#11750),.T.,.CARTESIAN.);
#11752=IFCCARTESIANPOINTLIST2D(((0.77584276162087917,0.05000000074505806),(0.74084276147186756,0.05000000074505806),(0.74084276147186756,0.8008427619934082),(0.77584276162087917,0.8008427619934082)));
#11753=IFCINDEXEDPOLYCURVE(#11752,(IFCLINEINDEX((1,2,3,4,1))),$);
#11754=IFCSHAPEREPRESENTATION(#24,'Body','Curve2D',(#11742,#11743,#11751,#11753));
#11755=IFCCARTESIANPOINTLIST2D(((0.,0.),(0.8008427619934082,0.),(0.8008427619934082,2.),(0.,2.)));
#11756=IFCINDEXEDPOLYCURVE(#11755,(IFCLINEINDEX((1,2,3,4,1))),$);
#11757=IFCARBITRARYCLOSEDPROFILEDEF(.AREA.,$,#11756);
#11758=IFCCARTESIANPOINT((0.,-0.60000002384185791,0.));
#11759=IFCDIRECTION((0.,-1.,0.));
#11760=IFCDIRECTION((1.,0.,0.));
#11761=IFCAXIS2PLACEMENT3D(#11758,#11759,#11760);
#11762=IFCDIRECTION((0.,0.,-1.));
#11763=IFCEXTRUDEDAREASOLID(#11757,#11761,#11762,1.2);
#11764=IFCSHAPEREPRESENTATION(#11,'Body','SweptSolid',(#11763));
#11770=IFCCARTESIANPOINT((0.99969290616252859,0.084999916962588462,0.));
#11771=IFCDIRECTION((0.,0.,1.));
#11772=IFCDIRECTION((-0.99999999999992417,3.8941425371481361E-07,0.));
#11773=IFCAXIS2PLACEMENT3D(#11770,#11771,#11772);
#11774=IFCLOCALPLACEMENT(#11315,#11773);
#11775=IFCCARTESIANPOINT((0.,0.,0.));
#11776=IFCDIRECTION((0.,0.,1.));
#11777=IFCDIRECTION((1.,0.,0.));
#11778=IFCAXIS2PLACEMENT3D(#11775,#11776,#11777);
#11779=IFCLOCALPLACEMENT(#11774,#11778);
#11780=IFCDOORTYPE('2fmGQMlUvBnQzjlx6h$Nml',$,'Masters-Bedroom-2F',$,$,(#11781),(#11783,#11791,#11869),$,$,.DOOR.,.SINGLE_SWING_LEFT.,$,$);
#11781=IFCPROPERTYSET('02bzJzNJr0Qf1FuOkKPSwO',$,'BBIM_Door',$,(#11782));
#11782=IFCPROPERTYSINGLEVALUE('Data',$,IFCTEXT('{"door_type": "SINGLE_SWING_RIGHT", "overall_height": 2.0, "overall_width": 0.7809368371963501, "lining_properties": {"lining_depth": 0.05000000074505806, "lining_thickness": 0.05000000074505806, "lining_offset": 0.0, "lining_to_panel_offset_x": 0.02500000037252903, "lining_to_panel_offset_y": 0.02500000037252903, "transom_thickness": 0.0, "casing_thickness": 0.07500000298023224, "casing_depth": 0.004999999888241291, "threshold_thickness": 0.02500000037252903, "threshold_depth": 0.10000000149011612, "threshold_offset": 0.0}, "panel_properties": {"panel_depth": 0.03500000014901161, "panel_width_ratio": 1.0}}'),$);
#11783=IFCREPRESENTATIONMAP(#11784,#12085);
#11784=IFCAXIS2PLACEMENT3D(#11785,#11786,#11787);
#11785=IFCCARTESIANPOINT((0.,0.,0.));
#11786=IFCDIRECTION((0.,0.,1.));
#11787=IFCDIRECTION((1.,0.,0.));
#11791=IFCREPRESENTATIONMAP(#11792,#12158);
#11792=IFCAXIS2PLACEMENT3D(#11793,#11794,#11795);
#11793=IFCCARTESIANPOINT((0.,0.,0.));
#11794=IFCDIRECTION((0.,0.,1.));
#11795=IFCDIRECTION((1.,0.,0.));
#11869=IFCREPRESENTATIONMAP(#11870,#12176);
#11870=IFCAXIS2PLACEMENT3D(#11871,#11872,#11873);
#11871=IFCCARTESIANPOINT((0.,0.,0.));
#11872=IFCDIRECTION((0.,0.,1.));
#11873=IFCDIRECTION((1.,0.,0.));
#12018=IFCDOOR('3o6Qyyz6r35xqqAEReag5g',$,'Door',$,$,#12201,#12027,$,2.,0.7809368371963501,$,.SINGLE_SWING_RIGHT.,$);
#12019=IFCRELDEFINESBYTYPE('3OBeC7M$vDC9em4YbBTlgy',$,$,$,(#12018),#11780);
#12020=IFCCARTESIANPOINT((0.,0.,0.));
#12021=IFCDIRECTION((1.,0.,0.));
#12022=IFCDIRECTION((0.,1.,0.));
#12023=IFCDIRECTION((0.,0.,1.));
#12024=IFCCARTESIANTRANSFORMATIONOPERATOR3D(#12021,#12022,#12020,1.,#12023);
#12025=IFCMAPPEDITEM(#11783,#12024);
#12026=IFCSHAPEREPRESENTATION(#18,'Profile','MappedRepresentation',(#12025));
#12027=IFCPRODUCTDEFINITIONSHAPE($,$,(#12026,#12034,#12041));
#12028=IFCCARTESIANPOINT((0.,0.,0.));
#12029=IFCDIRECTION((1.,0.,0.));
#12030=IFCDIRECTION((0.,1.,0.));
#12031=IFCDIRECTION((0.,0.,1.));
#12032=IFCCARTESIANTRANSFORMATIONOPERATOR3D(#12029,#12030,#12028,1.,#12031);
#12033=IFCMAPPEDITEM(#11791,#12032);
#12034=IFCSHAPEREPRESENTATION(#11,'Body','MappedRepresentation',(#12033));
#12035=IFCCARTESIANPOINT((0.,0.,0.));
#12036=IFCDIRECTION((1.,0.,0.));
#12037=IFCDIRECTION((0.,1.,0.));
#12038=IFCDIRECTION((0.,0.,1.));
#12039=IFCCARTESIANTRANSFORMATIONOPERATOR3D(#12036,#12037,#12035,1.,#12038);
#12040=IFCMAPPEDITEM(#11869,#12039);
#12041=IFCSHAPEREPRESENTATION(#24,'Body','MappedRepresentation',(#12040));
#12042=IFCOPENINGELEMENT('1CX2k6FgD72QW$geAifAvu',$,'Opening',$,$,#12196,#12070,$,.OPENING.);
#12058=IFCCARTESIANPOINT((0.,0.,0.));
#12059=IFCDIRECTION((1.,0.,0.));
#12060=IFCDIRECTION((0.,0.,1.));
#12061=IFCAXIS2PLACEMENT3D(#12058,#12060,#12059);
#12062=IFCREPRESENTATIONMAP(#12061,#12186);
#12063=IFCCARTESIANPOINT((0.,0.,0.));
#12064=IFCDIRECTION((1.,0.,0.));
#12065=IFCDIRECTION((0.,1.,0.));
#12066=IFCDIRECTION((0.,0.,1.));
#12067=IFCCARTESIANTRANSFORMATIONOPERATOR3D(#12064,#12065,#12063,1.,#12066);
#12068=IFCMAPPEDITEM(#12062,#12067);
#12069=IFCSHAPEREPRESENTATION(#11,'Body','MappedRepresentation',(#12068));
#12070=IFCPRODUCTDEFINITIONSHAPE($,$,(#12069));
#12071=IFCRELVOIDSELEMENT('1rHtBsM9D9LA3ZhI8UwsKQ',$,$,$,#11043,#12042);
#12077=IFCRELFILLSELEMENT('1CkPc0SLLBVQOGUIxTmxLl',$,$,$,#12042,#12018);
#12083=IFCCARTESIANPOINTLIST3D(((0.,0.,0.),(0.7809368371963501,0.,0.),(0.7809368371963501,0.,2.),(0.,0.,2.)));
#12084=IFCINDEXEDPOLYCURVE(#12083,(IFCLINEINDEX((1,2,3,4,1))),$);
#12085=IFCSHAPEREPRESENTATION(#18,'Profile','Curve3D',(#12084));
#12086=IFCCARTESIANPOINTLIST2D(((0.,0.),(0.,2.),(0.7809368371963501,2.),(0.7809368371963501,0.),(0.75593683682382107,0.),(0.75593683682382107,1.974999999627471),(0.02500000037252903,1.974999999627471),(0.02500000037252903,0.)));
#12087=IFCINDEXEDPOLYCURVE(#12086,(IFCLINEINDEX((1,2,3,4,5,6,7,8,1))),$);
#12088=IFCARBITRARYCLOSEDPROFILEDEF(.AREA.,$,#12087);
#12089=IFCCARTESIANPOINT((0.,0.02500000037252903,0.));
#12090=IFCDIRECTION((0.,-1.,0.));
#12091=IFCDIRECTION((1.,0.,0.));
#12092=IFCAXIS2PLACEMENT3D(#12089,#12090,#12091);
#12093=IFCDIRECTION((0.,0.,-1.));
#12094=IFCEXTRUDEDAREASOLID(#12088,#12092,#12093,0.02500000037252903);
#12095=IFCCARTESIANPOINTLIST2D(((0.,0.),(0.,2.),(0.7809368371963501,2.),(0.7809368371963501,0.),(0.73093683645129204,0.),(0.73093683645129204,1.9499999992549419),(0.05000000074505806,1.9499999992549419),(0.05000000074505806,0.)));
#12096=IFCINDEXEDPOLYCURVE(#12095,(IFCLINEINDEX((1,2,3,4,5,6,7,8,1))),$);
#12097=IFCARBITRARYCLOSEDPROFILEDEF(.AREA.,$,#12096);
#12098=IFCCARTESIANPOINT((0.,0.,0.));
#12099=IFCDIRECTION((0.,-1.,0.));
#12100=IFCDIRECTION((1.,0.,0.));
#12101=IFCAXIS2PLACEMENT3D(#12098,#12099,#12100);
#12102=IFCDIRECTION((0.,0.,-1.));
#12103=IFCEXTRUDEDAREASOLID(#12097,#12101,#12102,0.02500000037252903);
#12104=IFCCARTESIANPOINTLIST2D(((0.,0.),(0.68093683570623398,0.),(0.68093683570623398,0.10000000149011612),(0.,0.10000000149011612)));
#12105=IFCINDEXEDPOLYCURVE(#12104,(IFCLINEINDEX((1,2,3,4,1))),$);
#12106=IFCARBITRARYCLOSEDPROFILEDEF(.AREA.,$,#12105);
#12107=IFCCARTESIANPOINT((0.05000000074505806,0.,0.));
#12108=IFCDIRECTION((0.,0.,1.));
#12109=IFCDIRECTION((1.,0.,0.));
#12110=IFCAXIS2PLACEMENT3D(#12107,#12108,#12109);
#12111=IFCDIRECTION((0.,0.,1.));
#12112=IFCEXTRUDEDAREASOLID(#12106,#12110,#12111,0.02500000037252903);
#12113=IFCCARTESIANPOINTLIST2D(((0.,0.),(0.,2.0250000022351742),(0.83093684166669846,2.0250000022351742),(0.83093684166669846,0.),(0.75593683868646622,0.),(0.75593683868646622,1.9499999992549419),(0.075000002980232239,1.9499999992549419),(0.075000002980232239,0.)));
#12114=IFCINDEXEDPOLYCURVE(#12113,(IFCLINEINDEX((1,2,3,4,5,6,7,8,1))),$);
#12115=IFCARBITRARYCLOSEDPROFILEDEF(.AREA.,$,#12114);
#12116=IFCCARTESIANPOINT((-0.025000002235174179,-0.004999999888241291,0.));
#12117=IFCDIRECTION((0.,-1.,0.));
#12118=IFCDIRECTION((1.,0.,0.));
#12119=IFCAXIS2PLACEMENT3D(#12116,#12117,#12118);
#12120=IFCDIRECTION((0.,0.,-1.));
#12121=IFCEXTRUDEDAREASOLID(#12115,#12119,#12120,0.004999999888241291);
#12122=IFCCARTESIANPOINTLIST2D(((0.,0.),(0.,2.0250000022351742),(0.83093684166669846,2.0250000022351742),(0.83093684166669846,0.),(0.78093683905899525,0.),(0.78093683905899525,1.974999999627471),(0.050000002607703209,1.974999999627471),(0.050000002607703209,0.)));
#12123=IFCINDEXEDPOLYCURVE(#12122,(IFCLINEINDEX((1,2,3,4,5,6,7,8,1))),$);
#12124=IFCARBITRARYCLOSEDPROFILEDEF(.AREA.,$,#12123);
#12125=IFCCARTESIANPOINT((-0.025000002235174179,0.05000000074505806,0.));
#12126=IFCDIRECTION((0.,-1.,0.));
#12127=IFCDIRECTION((1.,0.,0.));
#12128=IFCAXIS2PLACEMENT3D(#12125,#12126,#12127);
#12129=IFCDIRECTION((0.,0.,-1.));
#12130=IFCEXTRUDEDAREASOLID(#12124,#12128,#12129,0.004999999888241291);
#12131=IFCCARTESIANPOINTLIST2D(((0.,0.),(0.73093683645129204,0.),(0.73093683645129204,0.035000000149011612),(0.,0.035000000149011612)));
#12132=IFCINDEXEDPOLYCURVE(#12131,(IFCLINEINDEX((1,2,3,4,1))),$);
#12133=IFCARBITRARYCLOSEDPROFILEDEF(.AREA.,$,#12132);
#12134=IFCCARTESIANPOINT((0.02500000037252903,0.02500000037252903,0.02500000037252903));
#12135=IFCDIRECTION((0.,0.,1.));
#12136=IFCDIRECTION((1.,0.,0.));
#12137=IFCAXIS2PLACEMENT3D(#12134,#12135,#12136);
#12138=IFCDIRECTION((0.,0.,1.));
#12139=IFCEXTRUDEDAREASOLID(#12133,#12137,#12138,1.9499999992549419);
#12140=IFCCARTESIANPOINTLIST2D(((0.,0.),(0.,-0.040000000000000001),(0.12,-0.040000000000000001),(0.12,-0.02),(0.02,-0.02),(0.02,0.)));
#12141=IFCINDEXEDPOLYCURVE(#12140,(IFCLINEINDEX((1,2,3,4,5,6,1))),$);
#12142=IFCARBITRARYCLOSEDPROFILEDEF(.AREA.,$,#12141);
#12143=IFCCARTESIANPOINT((0.075000000372529033,0.02500000037252903,1.015000000372529));
#12144=IFCDIRECTION((0.,0.,1.));
#12145=IFCDIRECTION((1.,0.,0.));
#12146=IFCAXIS2PLACEMENT3D(#12143,#12144,#12145);
#12147=IFCDIRECTION((0.,0.,1.));
#12148=IFCEXTRUDEDAREASOLID(#12142,#12146,#12147,0.02);
#12149=IFCEXTRUDEDAREASOLID(#12150,#12153,#12157,0.02);
#12150=IFCARBITRARYCLOSEDPROFILEDEF(.AREA.,$,#12151);
#12151=IFCINDEXEDPOLYCURVE(#12152,(IFCLINEINDEX((1,2,3,4,5,6,1))),$);
#12152=IFCCARTESIANPOINTLIST2D(((0.,0.),(0.,0.040000000000000008),(0.11999999999999998,0.040000000000000008),(0.11999999999999998,0.020000000000000004),(0.020000000000000004,0.020000000000000004),(0.020000000000000004,0.)));
#12153=IFCAXIS2PLACEMENT3D(#12154,#12155,#12156);
#12154=IFCCARTESIANPOINT((0.075000000372529033,0.060000000521540642,1.015000000372529));
#12155=IFCDIRECTION((0.,0.,1.));
#12156=IFCDIRECTION((1.,0.,0.));
#12157=IFCDIRECTION((0.,0.,1.));
#12158=IFCSHAPEREPRESENTATION(#11,'Body','SweptSolid',(#12094,#12103,#12139,#12148,#12149,#12112,#12121,#12130));
#12159=IFCSHAPEREPRESENTATION(#11,'Body','SweptSolid',(#12094,#12103,#12112,#12121,#12130));
#12160=IFCSHAPEASPECT((#12159),'Lining',$,.T.,#12027);
#12161=IFCSHAPEREPRESENTATION(#11,'Body','SweptSolid',(#12139,#12148,#12149));
#12162=IFCSHAPEASPECT((#12161),'Framing',$,.T.,#12027);
#12163=IFCCARTESIANPOINTLIST2D(((0.,0.),(0.,0.05000000074505806),(0.02500000037252903,0.05000000074505806),(0.02500000037252903,0.02500000037252903),(0.05000000074505806,0.02500000037252903),(0.05000000074505806,0.)));
#12164=IFCINDEXEDPOLYCURVE(#12163,(IFCLINEINDEX((1,2,3,4,5,6,1))),$);
#12165=IFCINDEXEDPOLYCURVE(#12166,(IFCLINEINDEX((1,2,3,4,5,6,1))),$);
#12166=IFCCARTESIANPOINTLIST2D(((0.7809368371963501,0.),(0.7809368371963501,0.05000000074505806),(0.75593683682382107,0.05000000074505806),(0.75593683682382107,0.02500000037252903),(0.73093683645129204,0.02500000037252903),(0.73093683645129204,0.)));
#12167=IFCDIRECTION((1.,0.));
#12168=IFCCARTESIANPOINT((0.72093683667480946,0.05000000074505806));
#12169=IFCAXIS2PLACEMENT2D(#12168,#12167);
#12170=IFCELLIPSE(#12169,0.69593683630228043,0.73093683645129204);
#12171=IFCCARTESIANPOINT((0.72093683667480946,0.7809368371963501));
#12172=IFCCARTESIANPOINT((0.02500000037252903,0.05000000074505806));
#12173=IFCTRIMMEDCURVE(#12170,(#12171),(#12172),.T.,.CARTESIAN.);
#12174=IFCCARTESIANPOINTLIST2D(((0.75593683682382107,0.05000000074505806),(0.72093683667480946,0.05000000074505806),(0.72093683667480946,0.7809368371963501),(0.75593683682382107,0.7809368371963501)));
#12175=IFCINDEXEDPOLYCURVE(#12174,(IFCLINEINDEX((1,2,3,4,1))),$);
#12176=IFCSHAPEREPRESENTATION(#24,'Body','Curve2D',(#12164,#12165,#12173,#12175));
#12177=IFCCARTESIANPOINTLIST2D(((0.,0.),(0.7809368371963501,0.),(0.7809368371963501,2.),(0.,2.)));
#12178=IFCINDEXEDPOLYCURVE(#12177,(IFCLINEINDEX((1,2,3,4,1))),$);
#12179=IFCARBITRARYCLOSEDPROFILEDEF(.AREA.,$,#12178);
#12180=IFCCARTESIANPOINT((0.,-0.60000002384185791,0.));
#12181=IFCDIRECTION((0.,-1.,0.));
#12182=IFCDIRECTION((1.,0.,0.));
#12183=IFCAXIS2PLACEMENT3D(#12180,#12181,#12182);
#12184=IFCDIRECTION((0.,0.,-1.));
#12185=IFCEXTRUDEDAREASOLID(#12179,#12183,#12184,1.2);
#12186=IFCSHAPEREPRESENTATION(#11,'Body','SweptSolid',(#12185));
#12192=IFCCARTESIANPOINT((3.7934510607132323,-0.014999970165759435,0.));
#12193=IFCDIRECTION((0.,0.,1.));
#12194=IFCDIRECTION((-0.99999999999999956,3.1786498766437019E-08,0.));
#12195=IFCAXIS2PLACEMENT3D(#12192,#12193,#12194);
#12196=IFCLOCALPLACEMENT(#11455,#12195);
#12197=IFCCARTESIANPOINT((-4.4408920985006262E-16,-5.5511151231257827E-17,0.));
#12198=IFCDIRECTION((0.,0.,1.));
#12199=IFCDIRECTION((1.,-1.0587911840678754E-22,0.));
#12200=IFCAXIS2PLACEMENT3D(#12197,#12198,#12199);
#12201=IFCLOCALPLACEMENT(#12196,#12200);
#12202=IFCDOORTYPE('1mWwD6oi97WvmG7w8gNn92',$,'Bedroom-1-2F',$,$,(#12203),(#12205,#12213,#12291),$,$,.DOOR.,.SINGLE_SWING_LEFT.,$,$);
#12203=IFCPROPERTYSET('30pEMBrBP80RqgmsjXVr$t',$,'BBIM_Door',$,(#12204));
#12204=IFCPROPERTYSINGLEVALUE('Data',$,IFCTEXT('{"door_type": "SINGLE_SWING_LEFT", "overall_height": 2.0, "overall_width": 0.884505033493042, "lining_properties": {"lining_depth": 0.05000000074505806, "lining_thickness": 0.05000000074505806, "lining_offset": 0.0, "lining_to_panel_offset_x": 0.02500000037252903, "lining_to_panel_offset_y": 0.02500000037252903, "transom_thickness": 0.0, "casing_thickness": 0.07500000298023224, "casing_depth": 0.004999999888241291, "threshold_thickness": 0.02500000037252903, "threshold_depth": 0.10000000149011612, "threshold_offset": 0.0}, "panel_properties": {"panel_depth": 0.03500000014901161, "panel_width_ratio": 1.0}}'),$);
#12205=IFCREPRESENTATIONMAP(#12206,#12626);
#12206=IFCAXIS2PLACEMENT3D(#12207,#12208,#12209);
#12207=IFCCARTESIANPOINT((0.,0.,0.));
#12208=IFCDIRECTION((0.,0.,1.));
#12209=IFCDIRECTION((1.,0.,0.));
#12213=IFCREPRESENTATIONMAP(#12214,#12699);
#12214=IFCAXIS2PLACEMENT3D(#12215,#12216,#12217);
#12215=IFCCARTESIANPOINT((0.,0.,0.));
#12216=IFCDIRECTION((0.,0.,1.));
#12217=IFCDIRECTION((1.,0.,0.));
#12291=IFCREPRESENTATIONMAP(#12292,#12713);
#12292=IFCAXIS2PLACEMENT3D(#12293,#12294,#12295);
#12293=IFCCARTESIANPOINT((0.,0.,0.));
#12294=IFCDIRECTION((0.,0.,1.));
#12295=IFCDIRECTION((1.,0.,0.));
#12440=IFCDOOR('16$o04AHH5le8UvgBnci1f',$,'Door',$,$,#12738,#12449,$,2.,0.88450503349304199,$,.SINGLE_SWING_LEFT.,$);
#12441=IFCRELDEFINESBYTYPE('2A3rc0qkH8NhbLbJJieLZ9',$,$,$,(#12440),#12202);
#12442=IFCCARTESIANPOINT((0.,0.,0.));
#12443=IFCDIRECTION((1.,0.,0.));
#12444=IFCDIRECTION((0.,1.,0.));
#12445=IFCDIRECTION((0.,0.,1.));
#12446=IFCCARTESIANTRANSFORMATIONOPERATOR3D(#12443,#12444,#12442,1.,#12445);
#12447=IFCMAPPEDITEM(#12205,#12446);
#12448=IFCSHAPEREPRESENTATION(#18,'Profile','MappedRepresentation',(#12447));
#12449=IFCPRODUCTDEFINITIONSHAPE($,$,(#12448,#12456,#12463));
#12450=IFCCARTESIANPOINT((0.,0.,0.));
#12451=IFCDIRECTION((1.,0.,0.));
#12452=IFCDIRECTION((0.,1.,0.));
#12453=IFCDIRECTION((0.,0.,1.));
#12454=IFCCARTESIANTRANSFORMATIONOPERATOR3D(#12451,#12452,#12450,1.,#12453);
#12455=IFCMAPPEDITEM(#12213,#12454);
#12456=IFCSHAPEREPRESENTATION(#11,'Body','MappedRepresentation',(#12455));
#12457=IFCCARTESIANPOINT((0.,0.,0.));
#12458=IFCDIRECTION((1.,0.,0.));
#12459=IFCDIRECTION((0.,1.,0.));
#12460=IFCDIRECTION((0.,0.,1.));
#12461=IFCCARTESIANTRANSFORMATIONOPERATOR3D(#12458,#12459,#12457,1.,#12460);
#12462=IFCMAPPEDITEM(#12291,#12461);
#12463=IFCSHAPEREPRESENTATION(#24,'Body','MappedRepresentation',(#12462));
#12464=IFCOPENINGELEMENT('3fivXS8c1Bb8iz8Sud03qf',$,'Opening',$,$,#12733,#12492,$,.OPENING.);
#12480=IFCCARTESIANPOINT((0.,0.,0.));
#12481=IFCDIRECTION((1.,0.,0.));
#12482=IFCDIRECTION((0.,0.,1.));
#12483=IFCAXIS2PLACEMENT3D(#12480,#12482,#12481);
#12484=IFCREPRESENTATIONMAP(#12483,#12723);
#12485=IFCCARTESIANPOINT((0.,0.,0.));
#12486=IFCDIRECTION((1.,0.,0.));
#12487=IFCDIRECTION((0.,1.,0.));
#12488=IFCDIRECTION((0.,0.,1.));
#12489=IFCCARTESIANTRANSFORMATIONOPERATOR3D(#12486,#12487,#12485,1.,#12488);
#12490=IFCMAPPEDITEM(#12484,#12489);
#12491=IFCSHAPEREPRESENTATION(#11,'Body','MappedRepresentation',(#12490));
#12492=IFCPRODUCTDEFINITIONSHAPE($,$,(#12491));
#12493=IFCRELVOIDSELEMENT('0PKu_Lu319yvEHfiDWWTAj',$,$,$,#11043,#12464);
#12499=IFCRELFILLSELEMENT('30vG7Cnrj5yQE151Amq6Eg',$,$,$,#12464,#12440);
#12508=IFCCARTESIANPOINTLIST2D(((0.,0.),(0.,2.),(0.88450503349304199,2.),(0.88450503349304199,0.),(0.85950503312051296,0.),(0.85950503312051296,1.974999999627471),(0.02500000037252903,1.974999999627471),(0.02500000037252903,0.)));
#12509=IFCINDEXEDPOLYCURVE(#12508,(IFCLINEINDEX((1,2,3,4,5,6,7,8,1))),$);
#12510=IFCARBITRARYCLOSEDPROFILEDEF(.AREA.,$,#12509);
#12511=IFCCARTESIANPOINT((0.,0.02500000037252903,0.));
#12512=IFCDIRECTION((0.,-1.,0.));
#12513=IFCDIRECTION((1.,0.,0.));
#12514=IFCAXIS2PLACEMENT3D(#12511,#12512,#12513);
#12515=IFCDIRECTION((0.,0.,-1.));
#12516=IFCEXTRUDEDAREASOLID(#12510,#12514,#12515,0.02500000037252903);
#12517=IFCCARTESIANPOINTLIST2D(((0.,0.),(0.,2.),(0.88450503349304199,2.),(0.88450503349304199,0.),(0.83450503274798393,0.),(0.83450503274798393,1.9499999992549419),(0.05000000074505806,1.9499999992549419),(0.05000000074505806,0.)));
#12518=IFCINDEXEDPOLYCURVE(#12517,(IFCLINEINDEX((1,2,3,4,5,6,7,8,1))),$);
#12519=IFCARBITRARYCLOSEDPROFILEDEF(.AREA.,$,#12518);
#12520=IFCCARTESIANPOINT((0.,0.,0.));
#12521=IFCDIRECTION((0.,-1.,0.));
#12522=IFCDIRECTION((1.,0.,0.));
#12523=IFCAXIS2PLACEMENT3D(#12520,#12521,#12522);
#12524=IFCDIRECTION((0.,0.,-1.));
#12525=IFCEXTRUDEDAREASOLID(#12519,#12523,#12524,0.02500000037252903);
#12526=IFCCARTESIANPOINTLIST2D(((0.,0.),(0.78450503200292587,0.),(0.78450503200292587,0.10000000149011612),(0.,0.10000000149011612)));
#12527=IFCINDEXEDPOLYCURVE(#12526,(IFCLINEINDEX((1,2,3,4,1))),$);
#12528=IFCARBITRARYCLOSEDPROFILEDEF(.AREA.,$,#12527);
#12529=IFCCARTESIANPOINT((0.05000000074505806,0.,0.));
#12530=IFCDIRECTION((0.,0.,1.));
#12531=IFCDIRECTION((1.,0.,0.));
#12532=IFCAXIS2PLACEMENT3D(#12529,#12530,#12531);
#12533=IFCDIRECTION((0.,0.,1.));
#12534=IFCEXTRUDEDAREASOLID(#12528,#12532,#12533,0.02500000037252903);
#12535=IFCCARTESIANPOINTLIST2D(((0.,0.),(0.,2.0250000022351742),(0.93450503796339035,2.0250000022351742),(0.93450503796339035,0.),(0.85950503498315811,0.),(0.85950503498315811,1.9499999992549419),(0.075000002980232239,1.9499999992549419),(0.075000002980232239,0.)));
#12536=IFCINDEXEDPOLYCURVE(#12535,(IFCLINEINDEX((1,2,3,4,5,6,7,8,1))),$);
#12537=IFCARBITRARYCLOSEDPROFILEDEF(.AREA.,$,#12536);
#12538=IFCCARTESIANPOINT((-0.025000002235174179,-0.004999999888241291,0.));
#12539=IFCDIRECTION((0.,-1.,0.));
#12540=IFCDIRECTION((1.,0.,0.));
#12541=IFCAXIS2PLACEMENT3D(#12538,#12539,#12540);
#12542=IFCDIRECTION((0.,0.,-1.));
#12543=IFCEXTRUDEDAREASOLID(#12537,#12541,#12542,0.004999999888241291);
#12544=IFCCARTESIANPOINTLIST2D(((0.,0.),(0.,2.0250000022351742),(0.93450503796339035,2.0250000022351742),(0.93450503796339035,0.),(0.88450503535568714,0.),(0.88450503535568714,1.974999999627471),(0.050000002607703209,1.974999999627471),(0.050000002607703209,0.)));
#12545=IFCINDEXEDPOLYCURVE(#12544,(IFCLINEINDEX((1,2,3,4,5,6,7,8,1))),$);
#12546=IFCARBITRARYCLOSEDPROFILEDEF(.AREA.,$,#12545);
#12547=IFCCARTESIANPOINT((-0.025000002235174179,0.05000000074505806,0.));
#12548=IFCDIRECTION((0.,-1.,0.));
#12549=IFCDIRECTION((1.,0.,0.));
#12550=IFCAXIS2PLACEMENT3D(#12547,#12548,#12549);
#12551=IFCDIRECTION((0.,0.,-1.));
#12552=IFCEXTRUDEDAREASOLID(#12546,#12550,#12551,0.004999999888241291);
#12553=IFCCARTESIANPOINTLIST2D(((0.,0.),(0.83450503274798393,0.),(0.83450503274798393,0.035000000149011612),(0.,0.035000000149011612)));
#12554=IFCINDEXEDPOLYCURVE(#12553,(IFCLINEINDEX((1,2,3,4,1))),$);
#12555=IFCARBITRARYCLOSEDPROFILEDEF(.AREA.,$,#12554);
#12556=IFCCARTESIANPOINT((0.02500000037252903,0.02500000037252903,0.02500000037252903));
#12557=IFCDIRECTION((0.,0.,1.));
#12558=IFCDIRECTION((1.,0.,0.));
#12559=IFCAXIS2PLACEMENT3D(#12556,#12557,#12558);
#12560=IFCDIRECTION((0.,0.,1.));
#12561=IFCEXTRUDEDAREASOLID(#12555,#12559,#12560,1.9499999992549419);
#12562=IFCCARTESIANPOINTLIST2D(((0.,0.),(0.,-0.040000000000000001),(0.12,-0.040000000000000001),(0.12,-0.02),(0.02,-0.02),(0.02,0.)));
#12563=IFCINDEXEDPOLYCURVE(#12562,(IFCLINEINDEX((1,2,3,4,5,6,1))),$);
#12564=IFCARBITRARYCLOSEDPROFILEDEF(.AREA.,$,#12563);
#12565=IFCCARTESIANPOINT((0.075000000372529033,0.02500000037252903,1.015000000372529));
#12566=IFCDIRECTION((0.,0.,1.));
#12567=IFCDIRECTION((1.,0.,0.));
#12568=IFCAXIS2PLACEMENT3D(#12565,#12566,#12567);
#12569=IFCDIRECTION((0.,0.,1.));
#12570=IFCEXTRUDEDAREASOLID(#12564,#12568,#12569,0.02);
#12571=IFCEXTRUDEDAREASOLID(#12572,#12575,#12579,0.02);
#12572=IFCARBITRARYCLOSEDPROFILEDEF(.AREA.,$,#12573);
#12573=IFCINDEXEDPOLYCURVE(#12574,(IFCLINEINDEX((1,2,3,4,5,6,1))),$);
#12574=IFCCARTESIANPOINTLIST2D(((0.,0.),(0.,0.040000000000000008),(0.11999999999999998,0.040000000000000008),(0.11999999999999998,0.020000000000000004),(0.020000000000000004,0.020000000000000004),(0.020000000000000004,0.)));
#12575=IFCAXIS2PLACEMENT3D(#12576,#12577,#12578);
#12576=IFCCARTESIANPOINT((0.075000000372529033,0.060000000521540642,1.015000000372529));
#12577=IFCDIRECTION((0.,0.,1.));
#12578=IFCDIRECTION((1.,0.,0.));
#12579=IFCDIRECTION((0.,0.,1.));
#12581=IFCSHAPEREPRESENTATION(#11,'Body','SweptSolid',(#12635,#12525,#12543,#12516,#12662,#12653,#12534,#12671,#12644,#12552));
#12582=IFCSHAPEASPECT((#12581),'Lining',$,.T.,#12449);
#12583=IFCSHAPEREPRESENTATION(#11,'Body','SweptSolid',(#12689,#12570,#12571,#12690,#12561,#12680));
#12584=IFCSHAPEASPECT((#12583),'Framing',$,.T.,#12449);
#12624=IFCCARTESIANPOINTLIST3D(((0.,0.,0.),(0.88450503349304199,0.,0.),(0.88450503349304199,0.,2.),(0.,0.,2.)));
#12625=IFCINDEXEDPOLYCURVE(#12624,(IFCLINEINDEX((1,2,3,4,1))),$);
#12626=IFCSHAPEREPRESENTATION(#18,'Profile','Curve3D',(#12625));
#12627=IFCCARTESIANPOINTLIST2D(((0.,0.),(0.,2.),(0.88450503349304199,2.),(0.88450503349304199,0.),(0.85950503312051296,0.),(0.85950503312051296,1.974999999627471),(0.02500000037252903,1.974999999627471),(0.02500000037252903,0.)));
#12628=IFCINDEXEDPOLYCURVE(#12627,(IFCLINEINDEX((1,2,3,4,5,6,7,8,1))),$);
#12629=IFCARBITRARYCLOSEDPROFILEDEF(.AREA.,$,#12628);
#12630=IFCCARTESIANPOINT((0.,0.02500000037252903,0.));
#12631=IFCDIRECTION((0.,-1.,0.));
#12632=IFCDIRECTION((1.,0.,0.));
#12633=IFCAXIS2PLACEMENT3D(#12630,#12631,#12632);
#12634=IFCDIRECTION((0.,0.,-1.));
#12635=IFCEXTRUDEDAREASOLID(#12629,#12633,#12634,0.02500000037252903);
#12636=IFCCARTESIANPOINTLIST2D(((0.,0.),(0.,2.),(0.88450503349304199,2.),(0.88450503349304199,0.),(0.83450503274798393,0.),(0.83450503274798393,1.9499999992549419),(0.05000000074505806,1.9499999992549419),(0.05000000074505806,0.)));
#12637=IFCINDEXEDPOLYCURVE(#12636,(IFCLINEINDEX((1,2,3,4,5,6,7,8,1))),$);
#12638=IFCARBITRARYCLOSEDPROFILEDEF(.AREA.,$,#12637);
#12639=IFCCARTESIANPOINT((0.,0.,0.));
#12640=IFCDIRECTION((0.,-1.,0.));
#12641=IFCDIRECTION((1.,0.,0.));
#12642=IFCAXIS2PLACEMENT3D(#12639,#12640,#12641);
#12643=IFCDIRECTION((0.,0.,-1.));
#12644=IFCEXTRUDEDAREASOLID(#12638,#12642,#12643,0.02500000037252903);
#12645=IFCCARTESIANPOINTLIST2D(((0.,0.),(0.78450503200292587,0.),(0.78450503200292587,0.10000000149011612),(0.,0.10000000149011612)));
#12646=IFCINDEXEDPOLYCURVE(#12645,(IFCLINEINDEX((1,2,3,4,1))),$);
#12647=IFCARBITRARYCLOSEDPROFILEDEF(.AREA.,$,#12646);
#12648=IFCCARTESIANPOINT((0.05000000074505806,0.,0.));
#12649=IFCDIRECTION((0.,0.,1.));
#12650=IFCDIRECTION((1.,0.,0.));
#12651=IFCAXIS2PLACEMENT3D(#12648,#12649,#12650);
#12652=IFCDIRECTION((0.,0.,1.));
#12653=IFCEXTRUDEDAREASOLID(#12647,#12651,#12652,0.02500000037252903);
#12654=IFCCARTESIANPOINTLIST2D(((0.,0.),(0.,2.0250000022351742),(0.93450503796339035,2.0250000022351742),(0.93450503796339035,0.),(0.85950503498315811,0.),(0.85950503498315811,1.9499999992549419),(0.075000002980232239,1.9499999992549419),(0.075000002980232239,0.)));
#12655=IFCINDEXEDPOLYCURVE(#12654,(IFCLINEINDEX((1,2,3,4,5,6,7,8,1))),$);
#12656=IFCARBITRARYCLOSEDPROFILEDEF(.AREA.,$,#12655);
#12657=IFCCARTESIANPOINT((-0.025000002235174179,-0.004999999888241291,0.));
#12658=IFCDIRECTION((0.,-1.,0.));
#12659=IFCDIRECTION((1.,0.,0.));
#12660=IFCAXIS2PLACEMENT3D(#12657,#12658,#12659);
#12661=IFCDIRECTION((0.,0.,-1.));
#12662=IFCEXTRUDEDAREASOLID(#12656,#12660,#12661,0.004999999888241291);
#12663=IFCCARTESIANPOINTLIST2D(((0.,0.),(0.,2.0250000022351742),(0.93450503796339035,2.0250000022351742),(0.93450503796339035,0.),(0.88450503535568714,0.),(0.88450503535568714,1.974999999627471),(0.050000002607703209,1.974999999627471),(0.050000002607703209,0.)));
#12664=IFCINDEXEDPOLYCURVE(#12663,(IFCLINEINDEX((1,2,3,4,5,6,7,8,1))),$);
#12665=IFCARBITRARYCLOSEDPROFILEDEF(.AREA.,$,#12664);
#12666=IFCCARTESIANPOINT((-0.025000002235174179,0.05000000074505806,0.));
#12667=IFCDIRECTION((0.,-1.,0.));
#12668=IFCDIRECTION((1.,0.,0.));
#12669=IFCAXIS2PLACEMENT3D(#12666,#12667,#12668);
#12670=IFCDIRECTION((0.,0.,-1.));
#12671=IFCEXTRUDEDAREASOLID(#12665,#12669,#12670,0.004999999888241291);
#12672=IFCCARTESIANPOINTLIST2D(((0.,0.),(0.83450503274798393,0.),(0.83450503274798393,0.035000000149011612),(0.,0.035000000149011612)));
#12673=IFCINDEXEDPOLYCURVE(#12672,(IFCLINEINDEX((1,2,3,4,1))),$);
#12674=IFCARBITRARYCLOSEDPROFILEDEF(.AREA.,$,#12673);
#12675=IFCCARTESIANPOINT((0.02500000037252903,0.02500000037252903,0.02500000037252903));
#12676=IFCDIRECTION((0.,0.,1.));
#12677=IFCDIRECTION((1.,0.,0.));
#12678=IFCAXIS2PLACEMENT3D(#12675,#12676,#12677);
#12679=IFCDIRECTION((0.,0.,1.));
#12680=IFCEXTRUDEDAREASOLID(#12674,#12678,#12679,1.9499999992549419);
#12681=IFCCARTESIANPOINTLIST2D(((0.,0.),(0.,-0.040000000000000001),(-0.11999999999999988,-0.040000000000000001),(-0.11999999999999988,-0.02),(-0.020000000000000018,-0.02),(-0.020000000000000018,0.)));
#12682=IFCINDEXEDPOLYCURVE(#12681,(IFCLINEINDEX((1,2,3,4,5,6,1))),$);
#12683=IFCARBITRARYCLOSEDPROFILEDEF(.AREA.,$,#12682);
#12684=IFCCARTESIANPOINT((0.80950503312051292,0.02500000037252903,1.015000000372529));
#12685=IFCDIRECTION((0.,0.,1.));
#12686=IFCDIRECTION((1.,0.,0.));
#12687=IFCAXIS2PLACEMENT3D(#12684,#12685,#12686);
#12688=IFCDIRECTION((0.,0.,1.));
#12689=IFCEXTRUDEDAREASOLID(#12683,#12687,#12688,0.02);
#12690=IFCEXTRUDEDAREASOLID(#12691,#12694,#12698,0.02);
#12691=IFCARBITRARYCLOSEDPROFILEDEF(.AREA.,$,#12692);
#12692=IFCINDEXEDPOLYCURVE(#12693,(IFCLINEINDEX((1,2,3,4,5,6,1))),$);
#12693=IFCCARTESIANPOINTLIST2D(((0.,0.),(0.,0.040000000000000008),(-0.11999999999999988,0.040000000000000008),(-0.11999999999999988,0.020000000000000004),(-0.020000000000000018,0.020000000000000004),(-0.020000000000000018,0.)));
#12694=IFCAXIS2PLACEMENT3D(#12695,#12696,#12697);
#12695=IFCCARTESIANPOINT((0.80950503312051292,0.060000000521540642,1.015000000372529));
#12696=IFCDIRECTION((0.,0.,1.));
#12697=IFCDIRECTION((1.,0.,0.));
#12698=IFCDIRECTION((0.,0.,1.));
#12699=IFCSHAPEREPRESENTATION(#11,'Body','SweptSolid',(#12635,#12644,#12680,#12689,#12690,#12653,#12662,#12671));
#12700=IFCCARTESIANPOINTLIST2D(((0.,0.),(0.,0.05000000074505806),(0.02500000037252903,0.05000000074505806),(0.02500000037252903,0.02500000037252903),(0.05000000074505806,0.02500000037252903),(0.05000000074505806,0.)));
#12701=IFCINDEXEDPOLYCURVE(#12700,(IFCLINEINDEX((1,2,3,4,5,6,1))),$);
#12702=IFCINDEXEDPOLYCURVE(#12703,(IFCLINEINDEX((1,2,3,4,5,6,1))),$);
#12703=IFCCARTESIANPOINTLIST2D(((0.88450503349304199,0.),(0.88450503349304199,0.05000000074505806),(0.85950503312051296,0.05000000074505806),(0.85950503312051296,0.02500000037252903),(0.83450503274798393,0.02500000037252903),(0.83450503274798393,0.)));
#12704=IFCDIRECTION((1.,0.));
#12705=IFCCARTESIANPOINT((0.060000000521540642,0.05000000074505806));
#12706=IFCAXIS2PLACEMENT2D(#12705,#12704);
#12707=IFCELLIPSE(#12706,0.79950503259897232,0.83450503274798393);
#12708=IFCCARTESIANPOINT((0.85950503312051296,0.05000000074505806));
#12709=IFCCARTESIANPOINT((0.060000000521540642,0.88450503349304199));
#12710=IFCTRIMMEDCURVE(#12707,(#12708),(#12709),.T.,.CARTESIAN.);
#12711=IFCCARTESIANPOINTLIST2D(((0.02500000037252903,0.05000000074505806),(0.060000000521540642,0.05000000074505806),(0.060000000521540642,0.88450503349304199),(0.02500000037252903,0.88450503349304199)));
#12712=IFCINDEXEDPOLYCURVE(#12711,(IFCLINEINDEX((1,2,3,4,1))),$);
#12713=IFCSHAPEREPRESENTATION(#24,'Body','Curve2D',(#12701,#12702,#12710,#12712));
#12714=IFCCARTESIANPOINTLIST2D(((0.,0.),(0.88450503349304199,0.),(0.88450503349304199,2.),(0.,2.)));
#12715=IFCINDEXEDPOLYCURVE(#12714,(IFCLINEINDEX((1,2,3,4,1))),$);
#12716=IFCARBITRARYCLOSEDPROFILEDEF(.AREA.,$,#12715);
#12717=IFCCARTESIANPOINT((0.,-0.60000002384185791,0.));
#12718=IFCDIRECTION((0.,-1.,0.));
#12719=IFCDIRECTION((1.,0.,0.));
#12720=IFCAXIS2PLACEMENT3D(#12717,#12718,#12719);
#12721=IFCDIRECTION((0.,0.,-1.));
#12722=IFCEXTRUDEDAREASOLID(#12716,#12720,#12721,1.2);
#12723=IFCSHAPEREPRESENTATION(#11,'Body','SweptSolid',(#12722));
#12729=IFCCARTESIANPOINT((2.6581420928648809,0.0044978887831023662,0.));
#12730=IFCDIRECTION((0.,0.,1.));
#12731=IFCDIRECTION((-0.99999999999999956,3.1786498766437019E-08,0.));
#12732=IFCAXIS2PLACEMENT3D(#12729,#12730,#12731);
#12733=IFCLOCALPLACEMENT(#11455,#12732);
#12734=IFCCARTESIANPOINT((-4.4408920985006262E-16,0.,0.));
#12735=IFCDIRECTION((0.,0.,1.));
#12736=IFCDIRECTION((1.,0.,0.));
#12737=IFCAXIS2PLACEMENT3D(#12734,#12735,#12736);
#12738=IFCLOCALPLACEMENT(#12733,#12737);
#12739=IFCDOORTYPE('3_20nThvTELeLbPMS3Jsk_',$,'Toilet-2F',$,$,(#12740),(#12742,#12750,#12828),$,$,.DOOR.,.SINGLE_SWING_LEFT.,$,$);
#12740=IFCPROPERTYSET('3SBken4iH7yekbBR2Mosfu',$,'BBIM_Door',$,(#12741));
#12741=IFCPROPERTYSINGLEVALUE('Data',$,IFCTEXT('{"door_type": "SINGLE_SWING_LEFT", "overall_height": 2.0, "overall_width": 0.7269008159637451, "lining_properties": {"lining_depth": 0.05000000074505806, "lining_thickness": 0.05000000074505806, "lining_offset": 0.0, "lining_to_panel_offset_x": 0.02500000037252903, "lining_to_panel_offset_y": 0.02500000037252903, "transom_thickness": 0.0, "casing_thickness": 0.07500000298023224, "casing_depth": 0.004999999888241291, "threshold_thickness": 0.02500000037252903, "threshold_depth": 0.10000000149011612, "threshold_offset": 0.0}, "panel_properties": {"panel_depth": 0.03500000014901161, "panel_width_ratio": 1.0}}'),$);
#12742=IFCREPRESENTATIONMAP(#12743,#12943);
#12743=IFCAXIS2PLACEMENT3D(#12744,#12745,#12746);
#12744=IFCCARTESIANPOINT((0.,0.,0.));
#12745=IFCDIRECTION((0.,0.,1.));
#12746=IFCDIRECTION((1.,0.,0.));
#12750=IFCREPRESENTATIONMAP(#12751,#13016);
#12751=IFCAXIS2PLACEMENT3D(#12752,#12753,#12754);
#12752=IFCCARTESIANPOINT((0.,0.,0.));
#12753=IFCDIRECTION((0.,0.,1.));
#12754=IFCDIRECTION((1.,0.,0.));
#12828=IFCREPRESENTATIONMAP(#12829,#13034);
#12829=IFCAXIS2PLACEMENT3D(#12830,#12831,#12832);
#12830=IFCCARTESIANPOINT((0.,0.,0.));
#12831=IFCDIRECTION((0.,0.,1.));
#12832=IFCDIRECTION((1.,0.,0.));
#12876=IFCDOOR('0bzbD5ZWTDi8Gyon9cGl02',$,'Door',$,$,#13059,#12885,$,2.,0.72690081596374512,$,.SINGLE_SWING_LEFT.,$);
#12877=IFCRELDEFINESBYTYPE('2iN19YXT974BEzVuXnu5j1',$,$,$,(#12876),#12739);
#12878=IFCCARTESIANPOINT((0.,0.,0.));
#12879=IFCDIRECTION((1.,0.,0.));
#12880=IFCDIRECTION((0.,1.,0.));
#12881=IFCDIRECTION((0.,0.,1.));
#12882=IFCCARTESIANTRANSFORMATIONOPERATOR3D(#12879,#12880,#12878,1.,#12881);
#12883=IFCMAPPEDITEM(#12742,#12882);
#12884=IFCSHAPEREPRESENTATION(#18,'Profile','MappedRepresentation',(#12883));
#12885=IFCPRODUCTDEFINITIONSHAPE($,$,(#12884,#12892,#12899));
#12886=IFCCARTESIANPOINT((0.,0.,0.));
#12887=IFCDIRECTION((1.,0.,0.));
#12888=IFCDIRECTION((0.,1.,0.));
#12889=IFCDIRECTION((0.,0.,1.));
#12890=IFCCARTESIANTRANSFORMATIONOPERATOR3D(#12887,#12888,#12886,1.,#12889);
#12891=IFCMAPPEDITEM(#12750,#12890);
#12892=IFCSHAPEREPRESENTATION(#11,'Body','MappedRepresentation',(#12891));
#12893=IFCCARTESIANPOINT((0.,0.,0.));
#12894=IFCDIRECTION((1.,0.,0.));
#12895=IFCDIRECTION((0.,1.,0.));
#12896=IFCDIRECTION((0.,0.,1.));
#12897=IFCCARTESIANTRANSFORMATIONOPERATOR3D(#12894,#12895,#12893,1.,#12896);
#12898=IFCMAPPEDITEM(#12828,#12897);
#12899=IFCSHAPEREPRESENTATION(#24,'Body','MappedRepresentation',(#12898));
#12900=IFCOPENINGELEMENT('1N5r3jhRjAjh_d69JAtAj8',$,'Opening',$,$,#13054,#12928,$,.OPENING.);
#12916=IFCCARTESIANPOINT((0.,0.,0.));
#12917=IFCDIRECTION((1.,0.,0.));
#12918=IFCDIRECTION((0.,0.,1.));
#12919=IFCAXIS2PLACEMENT3D(#12916,#12918,#12917);
#12920=IFCREPRESENTATIONMAP(#12919,#13044);
#12921=IFCCARTESIANPOINT((0.,0.,0.));
#12922=IFCDIRECTION((1.,0.,0.));
#12923=IFCDIRECTION((0.,1.,0.));
#12924=IFCDIRECTION((0.,0.,1.));
#12925=IFCCARTESIANTRANSFORMATIONOPERATOR3D(#12922,#12923,#12921,1.,#12924);
#12926=IFCMAPPEDITEM(#12920,#12925);
#12927=IFCSHAPEREPRESENTATION(#11,'Body','MappedRepresentation',(#12926));
#12928=IFCPRODUCTDEFINITIONSHAPE($,$,(#12927));
#12929=IFCRELVOIDSELEMENT('2Wk_yK8cn5COvFIIiRwuUA',$,$,$,#11343,#12900);
#12935=IFCRELFILLSELEMENT('1pNBTzasb8_97iGQRkmirs',$,$,$,#12900,#12876);
#12941=IFCCARTESIANPOINTLIST3D(((0.,0.,0.),(0.72690081596374512,0.,0.),(0.72690081596374512,0.,2.),(0.,0.,2.)));
#12942=IFCINDEXEDPOLYCURVE(#12941,(IFCLINEINDEX((1,2,3,4,1))),$);
#12943=IFCSHAPEREPRESENTATION(#18,'Profile','Curve3D',(#12942));
#12944=IFCCARTESIANPOINTLIST2D(((0.,0.),(0.,2.),(0.72690081596374512,2.),(0.72690081596374512,0.),(0.70190081559121609,0.),(0.70190081559121609,1.974999999627471),(0.02500000037252903,1.974999999627471),(0.02500000037252903,0.)));
#12945=IFCINDEXEDPOLYCURVE(#12944,(IFCLINEINDEX((1,2,3,4,5,6,7,8,1))),$);
#12946=IFCARBITRARYCLOSEDPROFILEDEF(.AREA.,$,#12945);
#12947=IFCCARTESIANPOINT((0.,0.02500000037252903,0.));
#12948=IFCDIRECTION((0.,-1.,0.));
#12949=IFCDIRECTION((1.,0.,0.));
#12950=IFCAXIS2PLACEMENT3D(#12947,#12948,#12949);
#12951=IFCDIRECTION((0.,0.,-1.));
#12952=IFCEXTRUDEDAREASOLID(#12946,#12950,#12951,0.02500000037252903);
#12953=IFCCARTESIANPOINTLIST2D(((0.,0.),(0.,2.),(0.72690081596374512,2.),(0.72690081596374512,0.),(0.67690081521868706,0.),(0.67690081521868706,1.9499999992549419),(0.05000000074505806,1.9499999992549419),(0.05000000074505806,0.)));
#12954=IFCINDEXEDPOLYCURVE(#12953,(IFCLINEINDEX((1,2,3,4,5,6,7,8,1))),$);
#12955=IFCARBITRARYCLOSEDPROFILEDEF(.AREA.,$,#12954);
#12956=IFCCARTESIANPOINT((0.,0.,0.));
#12957=IFCDIRECTION((0.,-1.,0.));
#12958=IFCDIRECTION((1.,0.,0.));
#12959=IFCAXIS2PLACEMENT3D(#12956,#12957,#12958);
#12960=IFCDIRECTION((0.,0.,-1.));
#12961=IFCEXTRUDEDAREASOLID(#12955,#12959,#12960,0.02500000037252903);
#12962=IFCCARTESIANPOINTLIST2D(((0.,0.),(0.626900814473629,0.),(0.626900814473629,0.10000000149011612),(0.,0.10000000149011612)));
#12963=IFCINDEXEDPOLYCURVE(#12962,(IFCLINEINDEX((1,2,3,4,1))),$);
#12964=IFCARBITRARYCLOSEDPROFILEDEF(.AREA.,$,#12963);
#12965=IFCCARTESIANPOINT((0.05000000074505806,0.,0.));
#12966=IFCDIRECTION((0.,0.,1.));
#12967=IFCDIRECTION((1.,0.,0.));
#12968=IFCAXIS2PLACEMENT3D(#12965,#12966,#12967);
#12969=IFCDIRECTION((0.,0.,1.));
#12970=IFCEXTRUDEDAREASOLID(#12964,#12968,#12969,0.02500000037252903);
#12971=IFCCARTESIANPOINTLIST2D(((0.,0.),(0.,2.0250000022351742),(0.77690082043409348,2.0250000022351742),(0.77690082043409348,0.),(0.70190081745386124,0.),(0.70190081745386124,1.9499999992549419),(0.075000002980232239,1.9499999992549419),(0.075000002980232239,0.)));
#12972=IFCINDEXEDPOLYCURVE(#12971,(IFCLINEINDEX((1,2,3,4,5,6,7,8,1))),$);
#12973=IFCARBITRARYCLOSEDPROFILEDEF(.AREA.,$,#12972);
#12974=IFCCARTESIANPOINT((-0.025000002235174179,-0.004999999888241291,0.));
#12975=IFCDIRECTION((0.,-1.,0.));
#12976=IFCDIRECTION((1.,0.,0.));
#12977=IFCAXIS2PLACEMENT3D(#12974,#12975,#12976);
#12978=IFCDIRECTION((0.,0.,-1.));
#12979=IFCEXTRUDEDAREASOLID(#12973,#12977,#12978,0.004999999888241291);
#12980=IFCCARTESIANPOINTLIST2D(((0.,0.),(0.,2.0250000022351742),(0.77690082043409348,2.0250000022351742),(0.77690082043409348,0.),(0.72690081782639027,0.),(0.72690081782639027,1.974999999627471),(0.050000002607703209,1.974999999627471),(0.050000002607703209,0.)));
#12981=IFCINDEXEDPOLYCURVE(#12980,(IFCLINEINDEX((1,2,3,4,5,6,7,8,1))),$);
#12982=IFCARBITRARYCLOSEDPROFILEDEF(.AREA.,$,#12981);
#12983=IFCCARTESIANPOINT((-0.025000002235174179,0.05000000074505806,0.));
#12984=IFCDIRECTION((0.,-1.,0.));
#12985=IFCDIRECTION((1.,0.,0.));
#12986=IFCAXIS2PLACEMENT3D(#12983,#12984,#12985);
#12987=IFCDIRECTION((0.,0.,-1.));
#12988=IFCEXTRUDEDAREASOLID(#12982,#12986,#12987,0.004999999888241291);
#12989=IFCCARTESIANPOINTLIST2D(((0.,0.),(0.67690081521868706,0.),(0.67690081521868706,0.035000000149011612),(0.,0.035000000149011612)));
#12990=IFCINDEXEDPOLYCURVE(#12989,(IFCLINEINDEX((1,2,3,4,1))),$);
#12991=IFCARBITRARYCLOSEDPROFILEDEF(.AREA.,$,#12990);
#12992=IFCCARTESIANPOINT((0.02500000037252903,0.02500000037252903,0.02500000037252903));
#12993=IFCDIRECTION((0.,0.,1.));
#12994=IFCDIRECTION((1.,0.,0.));
#12995=IFCAXIS2PLACEMENT3D(#12992,#12993,#12994);
#12996=IFCDIRECTION((0.,0.,1.));
#12997=IFCEXTRUDEDAREASOLID(#12991,#12995,#12996,1.9499999992549419);
#12998=IFCCARTESIANPOINTLIST2D(((0.,0.),(0.,-0.040000000000000001),(-0.11999999999999988,-0.040000000000000001),(-0.11999999999999988,-0.02),(-0.020000000000000018,-0.02),(-0.020000000000000018,0.)));
#12999=IFCINDEXEDPOLYCURVE(#12998,(IFCLINEINDEX((1,2,3,4,5,6,1))),$);
#13000=IFCARBITRARYCLOSEDPROFILEDEF(.AREA.,$,#12999);
#13001=IFCCARTESIANPOINT((0.65190081559121604,0.02500000037252903,1.015000000372529));
#13002=IFCDIRECTION((0.,0.,1.));
#13003=IFCDIRECTION((1.,0.,0.));
#13004=IFCAXIS2PLACEMENT3D(#13001,#13002,#13003);
#13005=IFCDIRECTION((0.,0.,1.));
#13006=IFCEXTRUDEDAREASOLID(#13000,#13004,#13005,0.02);
#13007=IFCEXTRUDEDAREASOLID(#13008,#13011,#13015,0.02);
#13008=IFCARBITRARYCLOSEDPROFILEDEF(.AREA.,$,#13009);
#13009=IFCINDEXEDPOLYCURVE(#13010,(IFCLINEINDEX((1,2,3,4,5,6,1))),$);
#13010=IFCCARTESIANPOINTLIST2D(((0.,0.),(0.,0.040000000000000008),(-0.11999999999999988,0.040000000000000008),(-0.11999999999999988,0.020000000000000004),(-0.020000000000000018,0.020000000000000004),(-0.020000000000000018,0.)));
#13011=IFCAXIS2PLACEMENT3D(#13012,#13013,#13014);
#13012=IFCCARTESIANPOINT((0.65190081559121604,0.060000000521540642,1.015000000372529));
#13013=IFCDIRECTION((0.,0.,1.));
#13014=IFCDIRECTION((1.,0.,0.));
#13015=IFCDIRECTION((0.,0.,1.));
#13016=IFCSHAPEREPRESENTATION(#11,'Body','SweptSolid',(#12952,#12961,#12997,#13006,#13007,#12970,#12979,#12988));
#13017=IFCSHAPEREPRESENTATION(#11,'Body','SweptSolid',(#12952,#12961,#12970,#12979,#12988));
#13018=IFCSHAPEASPECT((#13017),'Lining',$,.T.,#12885);
#13019=IFCSHAPEREPRESENTATION(#11,'Body','SweptSolid',(#12997,#13006,#13007));
#13020=IFCSHAPEASPECT((#13019),'Framing',$,.T.,#12885);
#13021=IFCCARTESIANPOINTLIST2D(((0.,0.),(0.,0.05000000074505806),(0.02500000037252903,0.05000000074505806),(0.02500000037252903,0.02500000037252903),(0.05000000074505806,0.02500000037252903),(0.05000000074505806,0.)));
#13022=IFCINDEXEDPOLYCURVE(#13021,(IFCLINEINDEX((1,2,3,4,5,6,1))),$);
#13023=IFCINDEXEDPOLYCURVE(#13024,(IFCLINEINDEX((1,2,3,4,5,6,1))),$);
#13024=IFCCARTESIANPOINTLIST2D(((0.72690081596374512,0.),(0.72690081596374512,0.05000000074505806),(0.70190081559121609,0.05000000074505806),(0.70190081559121609,0.02500000037252903),(0.67690081521868706,0.02500000037252903),(0.67690081521868706,0.)));
#13025=IFCDIRECTION((1.,0.));
#13026=IFCCARTESIANPOINT((0.060000000521540642,0.05000000074505806));
#13027=IFCAXIS2PLACEMENT2D(#13026,#13025);
#13028=IFCELLIPSE(#13027,0.64190081506967545,0.67690081521868706);
#13029=IFCCARTESIANPOINT((0.70190081559121609,0.05000000074505806));
#13030=IFCCARTESIANPOINT((0.060000000521540642,0.72690081596374512));
#13031=IFCTRIMMEDCURVE(#13028,(#13029),(#13030),.T.,.CARTESIAN.);
#13032=IFCCARTESIANPOINTLIST2D(((0.02500000037252903,0.05000000074505806),(0.060000000521540642,0.05000000074505806),(0.060000000521540642,0.72690081596374512),(0.02500000037252903,0.72690081596374512)));
#13033=IFCINDEXEDPOLYCURVE(#13032,(IFCLINEINDEX((1,2,3,4,1))),$);
#13034=IFCSHAPEREPRESENTATION(#24,'Body','Curve2D',(#13022,#13023,#13031,#13033));
#13035=IFCCARTESIANPOINTLIST2D(((0.,0.),(0.72690081596374512,0.),(0.72690081596374512,2.),(0.,2.)));
#13036=IFCINDEXEDPOLYCURVE(#13035,(IFCLINEINDEX((1,2,3,4,1))),$);
#13037=IFCARBITRARYCLOSEDPROFILEDEF(.AREA.,$,#13036);
#13038=IFCCARTESIANPOINT((0.,-0.60000002384185791,0.));
#13039=IFCDIRECTION((0.,-1.,0.));
#13040=IFCDIRECTION((1.,0.,0.));
#13041=IFCAXIS2PLACEMENT3D(#13038,#13039,#13040);
#13042=IFCDIRECTION((0.,0.,-1.));
#13043=IFCEXTRUDEDAREASOLID(#13037,#13041,#13042,1.2);
#13044=IFCSHAPEREPRESENTATION(#11,'Body','SweptSolid',(#13043));
#13050=IFCCARTESIANPOINT((0.29372909665107727,0.015000343322753906,0.));
#13051=IFCDIRECTION((0.,0.,1.));
#13052=IFCDIRECTION((0.99999999999988631,-4.7683715820307079E-07,0.));
#13053=IFCAXIS2PLACEMENT3D(#13050,#13051,#13052);
#13054=IFCLOCALPLACEMENT(#11385,#13053);
#13055=IFCCARTESIANPOINT((1.1102230246251565E-16,8.8817841970012523E-16,0.));
#13056=IFCDIRECTION((0.,0.,1.));
#13057=IFCDIRECTION((1.,5.2939559203393771E-23,0.));
#13058=IFCAXIS2PLACEMENT3D(#13055,#13056,#13057);
#13059=IFCLOCALPLACEMENT(#13054,#13058);
#13060=IFCWINDOWTYPE('2idwY4qVz5QfEah8ygSAex',$,'Bedroom-2-2F',$,$,(#13061),(#13063,#13071,#13119),$,$,.WINDOW.,.SINGLE_PANEL.,$,$);
#13061=IFCPROPERTYSET('3kvtCSOjn2axqGSV5K0LxO',$,'BBIM_Window',$,(#13062));
#13062=IFCPROPERTYSINGLEVALUE('Data',$,IFCTEXT('{"window_type": "DOUBLE_PANEL_VERTICAL", "overall_height": 0.8999999761581421, "overall_width": 1.205165147781372, "lining_properties": {"lining_depth": 0.05000000074505806, "lining_thickness": 0.05000000074505806, "lining_offset": 0.05000000074505806, "lining_to_panel_offset_x": 0.02500000037252903, "lining_to_panel_offset_y": 0.02500000037252903, "mullion_thickness": 0.05000000074505806, "first_mullion_offset": 0.601539671421051}, "panel_properties": {"frame_depth": [0.03500000014901161, 0.03500000014901161, 0.03500000014901161], "frame_thickness": [0.03500000014901161, 0.03500000014901161, 0.03500000014901161]}}'),$);
#13063=IFCREPRESENTATIONMAP(#13064,#13943);
#13064=IFCAXIS2PLACEMENT3D(#13065,#13066,#13067);
#13065=IFCCARTESIANPOINT((0.,0.,0.));
#13066=IFCDIRECTION((0.,0.,1.));
#13067=IFCDIRECTION((1.,0.,0.));
#13071=IFCREPRESENTATIONMAP(#13072,#14024);
#13072=IFCAXIS2PLACEMENT3D(#13073,#13074,#13075);
#13073=IFCCARTESIANPOINT((0.,0.,0.));
#13074=IFCDIRECTION((0.,0.,1.));
#13075=IFCDIRECTION((1.,0.,0.));
#13119=IFCREPRESENTATIONMAP(#13120,#14057);
#13120=IFCAXIS2PLACEMENT3D(#13121,#13122,#13123);
#13121=IFCCARTESIANPOINT((0.,0.,0.));
#13122=IFCDIRECTION((0.,0.,1.));
#13123=IFCDIRECTION((1.,0.,0.));
#13141=IFCWINDOWTYPE('3OGfsvhyz4iQmm1li4YutY',$,'Masters-Bedroom-2F',$,$,(#13142),(#13144,#13152,#13200),$,$,.WINDOW.,.SINGLE_PANEL.,$,$);
#13142=IFCPROPERTYSET('1tZjIYRbjAeAWZS$3HEvaz',$,'BBIM_Window',$,(#13143));
#13143=IFCPROPERTYSINGLEVALUE('Data',$,IFCTEXT('{"window_type": "SINGLE_PANEL", "overall_height": 0.8999999761581421, "overall_width": 0.8067833781242371, "lining_properties": {"lining_depth": 0.05000000074505806, "lining_thickness": 0.05000000074505806, "lining_offset": 0.05000000074505806, "lining_to_panel_offset_x": 0.02500000037252903, "lining_to_panel_offset_y": 0.02500000037252903}, "panel_properties": {"frame_depth": [0.03500000014901161, 0.03500000014901161, 0.03500000014901161], "frame_thickness": [0.03500000014901161, 0.03500000014901161, 0.03500000014901161]}}'),$);
#13144=IFCREPRESENTATIONMAP(#13145,#14507);
#13145=IFCAXIS2PLACEMENT3D(#13146,#13147,#13148);
#13146=IFCCARTESIANPOINT((0.,0.,0.));
#13147=IFCDIRECTION((0.,0.,1.));
#13148=IFCDIRECTION((1.,0.,0.));
#13152=IFCREPRESENTATIONMAP(#13153,#14550);
#13153=IFCAXIS2PLACEMENT3D(#13154,#13155,#13156);
#13154=IFCCARTESIANPOINT((0.,0.,0.));
#13155=IFCDIRECTION((0.,0.,1.));
#13156=IFCDIRECTION((1.,0.,0.));
#13200=IFCREPRESENTATIONMAP(#13201,#14567);
#13201=IFCAXIS2PLACEMENT3D(#13202,#13203,#13204);
#13202=IFCCARTESIANPOINT((0.,0.,0.));
#13203=IFCDIRECTION((0.,0.,1.));
#13204=IFCDIRECTION((1.,0.,0.));
#13287=IFCWINDOW('3gvUgqG2zCJBqAeCHZRLbw',$,'Window',$,$,#14082,#13296,$,0.89999997615814209,1.2051651477813721,$,.DOUBLE_PANEL_VERTICAL.,$);
#13288=IFCRELDEFINESBYTYPE('0WoYjPjS19XvoJCZn1Xxox',$,$,$,(#13287),#13060);
#13289=IFCCARTESIANPOINT((0.,0.,0.));
#13290=IFCDIRECTION((1.,0.,0.));
#13291=IFCDIRECTION((0.,1.,0.));
#13292=IFCDIRECTION((0.,0.,1.));
#13293=IFCCARTESIANTRANSFORMATIONOPERATOR3D(#13290,#13291,#13289,1.,#13292);
#13294=IFCMAPPEDITEM(#13063,#13293);
#13295=IFCSHAPEREPRESENTATION(#18,'Profile','MappedRepresentation',(#13294));
#13296=IFCPRODUCTDEFINITIONSHAPE($,$,(#13295,#13303,#13310));
#13297=IFCCARTESIANPOINT((0.,0.,0.));
#13298=IFCDIRECTION((1.,0.,0.));
#13299=IFCDIRECTION((0.,1.,0.));
#13300=IFCDIRECTION((0.,0.,1.));
#13301=IFCCARTESIANTRANSFORMATIONOPERATOR3D(#13298,#13299,#13297,1.,#13300);
#13302=IFCMAPPEDITEM(#13071,#13301);
#13303=IFCSHAPEREPRESENTATION(#11,'Body','MappedRepresentation',(#13302));
#13304=IFCCARTESIANPOINT((0.,0.,0.));
#13305=IFCDIRECTION((1.,0.,0.));
#13306=IFCDIRECTION((0.,1.,0.));
#13307=IFCDIRECTION((0.,0.,1.));
#13308=IFCCARTESIANTRANSFORMATIONOPERATOR3D(#13305,#13306,#13304,1.,#13307);
#13309=IFCMAPPEDITEM(#13119,#13308);
#13310=IFCSHAPEREPRESENTATION(#24,'Body','MappedRepresentation',(#13309));
#13311=IFCOPENINGELEMENT('1YXuB25SH70P8_VmZim$0J',$,'Opening',$,$,#14077,#13339,$,.OPENING.);
#13327=IFCCARTESIANPOINT((0.,0.,0.));
#13328=IFCDIRECTION((1.,0.,0.));
#13329=IFCDIRECTION((0.,0.,1.));
#13330=IFCAXIS2PLACEMENT3D(#13327,#13329,#13328);
#13331=IFCREPRESENTATIONMAP(#13330,#14067);
#13332=IFCCARTESIANPOINT((0.,0.,0.));
#13333=IFCDIRECTION((1.,0.,0.));
#13334=IFCDIRECTION((0.,1.,0.));
#13335=IFCDIRECTION((0.,0.,1.));
#13336=IFCCARTESIANTRANSFORMATIONOPERATOR3D(#13333,#13334,#13332,1.,#13335);
#13337=IFCMAPPEDITEM(#13331,#13336);
#13338=IFCSHAPEREPRESENTATION(#11,'Body','MappedRepresentation',(#13337));
#13339=IFCPRODUCTDEFINITIONSHAPE($,$,(#13338));
#13340=IFCRELVOIDSELEMENT('0S4m3UoQ5A$8HZeIKcBoRh',$,$,$,#9324,#13311);
#13346=IFCRELFILLSELEMENT('2CEOmGmSr8xxEkXf2LQc7u',$,$,$,#13311,#13287);
#13355=IFCCARTESIANPOINTLIST2D(((0.30000001192092896,0.),(0.,0.),(0.,0.89999997615814209),(0.30000001192092896,0.89999997615814209),(0.30000001192092896,0.87499997578561306),(0.02500000037252903,0.87499997578561306),(0.02500000037252903,0.02500000037252903),(0.30000001192092896,0.02500000037252903)));
#13356=IFCINDEXEDPOLYCURVE(#13355,(IFCLINEINDEX((1,2,3,4,5,6,7,8,1))),$);
#13357=IFCARBITRARYCLOSEDPROFILEDEF(.AREA.,$,#13356);
#13358=IFCCARTESIANPOINT((0.,0.090000001713633537,0.));
#13359=IFCDIRECTION((0.,-1.,0.));
#13360=IFCDIRECTION((1.,0.,0.));
#13361=IFCAXIS2PLACEMENT3D(#13358,#13359,#13360);
#13362=IFCDIRECTION((0.,0.,-1.));
#13363=IFCEXTRUDEDAREASOLID(#13357,#13361,#13362,0.0099999997764825821);
#13364=IFCCARTESIANPOINTLIST2D(((0.,0.),(0.30000001192092896,0.),(0.30000001192092896,0.89999997615814209),(0.,0.89999997615814209)));
#13365=IFCINDEXEDPOLYCURVE(#13364,(IFCLINEINDEX((1,2,3,4,1))),$);
#13366=IFCCARTESIANPOINTLIST2D(((0.05000000074505806,0.05000000074505806),(0.27500001154839993,0.05000000074505806),(0.27500001154839993,0.84999997541308403),(0.05000000074505806,0.84999997541308403)));
#13367=IFCINDEXEDPOLYCURVE(#13366,(IFCLINEINDEX((1,2,3,4,1))),$);
#13368=IFCARBITRARYPROFILEDEFWITHVOIDS(.AREA.,$,#13365,(#13367));
#13369=IFCCARTESIANPOINT((0.,0.05000000074505806,0.));
#13370=IFCDIRECTION((0.,-1.,0.));
#13371=IFCDIRECTION((1.,0.,0.));
#13372=IFCAXIS2PLACEMENT3D(#13369,#13370,#13371);
#13373=IFCDIRECTION((0.,0.,-1.));
#13374=IFCEXTRUDEDAREASOLID(#13368,#13372,#13373,0.040000000968575478);
#13375=IFCCARTESIANPOINTLIST2D(((0.,0.),(0.27500001154839993,0.),(0.27500001154839993,0.84999997541308403),(0.,0.84999997541308403)));
#13376=IFCINDEXEDPOLYCURVE(#13375,(IFCLINEINDEX((1,2,3,4,1))),$);
#13377=IFCCARTESIANPOINTLIST2D(((0.035000000149011612,0.035000000149011612),(0.24000001139938831,0.035000000149011612),(0.24000001139938831,0.81499997526407242),(0.035000000149011612,0.81499997526407242)));
#13378=IFCINDEXEDPOLYCURVE(#13377,(IFCLINEINDEX((1,2,3,4,1))),$);
#13379=IFCARBITRARYPROFILEDEFWITHVOIDS(.AREA.,$,#13376,(#13378));
#13380=IFCCARTESIANPOINT((0.02500000037252903,0.090000001713633537,0.02500000037252903));
#13381=IFCDIRECTION((0.,-1.,0.));
#13382=IFCDIRECTION((1.,0.,0.));
#13383=IFCAXIS2PLACEMENT3D(#13380,#13381,#13382);
#13384=IFCDIRECTION((0.,0.,-1.));
#13385=IFCEXTRUDEDAREASOLID(#13379,#13383,#13384,0.035000000149011612);
#13386=IFCINDEXEDPOLYCURVE(#13387,(IFCLINEINDEX((1,2,3,4,1))),$);
#13387=IFCCARTESIANPOINTLIST2D(((0.035000000149011612,0.035000000149011612),(0.24000001139938831,0.035000000149011612),(0.24000001139938831,0.81499997526407242),(0.035000000149011612,0.81499997526407242)));
#13388=IFCARBITRARYCLOSEDPROFILEDEF(.AREA.,$,#13386);
#13389=IFCCARTESIANPOINT((0.02500000037252903,0.10250000178813934,0.02500000037252903));
#13390=IFCDIRECTION((0.,-1.,0.));
#13391=IFCDIRECTION((1.,0.,0.));
#13392=IFCAXIS2PLACEMENT3D(#13389,#13390,#13391);
#13393=IFCDIRECTION((0.,0.,-1.));
#13394=IFCEXTRUDEDAREASOLID(#13388,#13392,#13393,0.01);
#13395=IFCCARTESIANPOINTLIST2D(((0.,0.89999997615814209),(0.47907340526580811,0.89999997615814209),(0.47907340526580811,0.),(0.,0.),(0.,0.02500000037252903),(0.45407340489327908,0.02500000037252903),(0.45407340489327908,0.87499997578561306),(0.,0.87499997578561306)));
#13396=IFCINDEXEDPOLYCURVE(#13395,(IFCLINEINDEX((1,2,3,4,5,6,7,8,1))),$);
#13397=IFCARBITRARYCLOSEDPROFILEDEF(.AREA.,$,#13396);
#13398=IFCCARTESIANPOINT((0.30000001192092896,0.090000001713633537,0.));
#13399=IFCDIRECTION((0.,-1.,0.));
#13400=IFCDIRECTION((1.,0.,0.));
#13401=IFCAXIS2PLACEMENT3D(#13398,#13399,#13400);
#13402=IFCDIRECTION((0.,0.,-1.));
#13403=IFCEXTRUDEDAREASOLID(#13397,#13401,#13402,0.0099999997764825821);
#13404=IFCCARTESIANPOINTLIST2D(((0.,0.),(0.47907340526580811,0.),(0.47907340526580811,0.89999997615814209),(0.,0.89999997615814209)));
#13405=IFCINDEXEDPOLYCURVE(#13404,(IFCLINEINDEX((1,2,3,4,1))),$);
#13406=IFCCARTESIANPOINTLIST2D(((0.02500000037252903,0.05000000074505806),(0.42907340452075005,0.05000000074505806),(0.42907340452075005,0.84999997541308403),(0.02500000037252903,0.84999997541308403)));
#13407=IFCINDEXEDPOLYCURVE(#13406,(IFCLINEINDEX((1,2,3,4,1))),$);
#13408=IFCARBITRARYPROFILEDEFWITHVOIDS(.AREA.,$,#13405,(#13407));
#13409=IFCCARTESIANPOINT((0.30000001192092896,0.05000000074505806,0.));
#13410=IFCDIRECTION((0.,-1.,0.));
#13411=IFCDIRECTION((1.,0.,0.));
#13412=IFCAXIS2PLACEMENT3D(#13409,#13410,#13411);
#13413=IFCDIRECTION((0.,0.,-1.));
#13414=IFCEXTRUDEDAREASOLID(#13408,#13412,#13413,0.040000000968575478);
#13415=IFCCARTESIANPOINTLIST2D(((0.,0.),(0.45407340489327908,0.),(0.45407340489327908,0.84999997541308403),(0.,0.84999997541308403)));
#13416=IFCINDEXEDPOLYCURVE(#13415,(IFCLINEINDEX((1,2,3,4,1))),$);
#13417=IFCCARTESIANPOINTLIST2D(((0.035000000149011612,0.035000000149011612),(0.41907340474426746,0.035000000149011612),(0.41907340474426746,0.81499997526407242),(0.035000000149011612,0.81499997526407242)));
#13418=IFCINDEXEDPOLYCURVE(#13417,(IFCLINEINDEX((1,2,3,4,1))),$);
#13419=IFCARBITRARYPROFILEDEFWITHVOIDS(.AREA.,$,#13416,(#13418));
#13420=IFCCARTESIANPOINT((0.30000001192092896,0.090000001713633537,0.02500000037252903));
#13421=IFCDIRECTION((0.,-1.,0.));
#13422=IFCDIRECTION((1.,0.,0.));
#13423=IFCAXIS2PLACEMENT3D(#13420,#13421,#13422);
#13424=IFCDIRECTION((0.,0.,-1.));
#13425=IFCEXTRUDEDAREASOLID(#13419,#13423,#13424,0.035000000149011612);
#13426=IFCINDEXEDPOLYCURVE(#13427,(IFCLINEINDEX((1,2,3,4,1))),$);
#13427=IFCCARTESIANPOINTLIST2D(((0.035000000149011612,0.035000000149011612),(0.41907340474426746,0.035000000149011612),(0.41907340474426746,0.81499997526407242),(0.035000000149011612,0.81499997526407242)));
#13428=IFCARBITRARYCLOSEDPROFILEDEF(.AREA.,$,#13426);
#13429=IFCCARTESIANPOINT((0.30000001192092896,0.10250000178813934,0.02500000037252903));
#13430=IFCDIRECTION((0.,-1.,0.));
#13431=IFCDIRECTION((1.,0.,0.));
#13432=IFCAXIS2PLACEMENT3D(#13429,#13430,#13431);
#13433=IFCDIRECTION((0.,0.,-1.));
#13434=IFCEXTRUDEDAREASOLID(#13428,#13432,#13433,0.01);
#13436=IFCSHAPEREPRESENTATION(#11,'Body','SweptSolid',(#13861,#13664,#13522,#13403,#13414,#13963,#13821,#14003,#13952,#13810,#13363,#13374,#13693,#13704,#13562,#13850,#13551,#13992,#13653,#13511));
#13437=IFCSHAPEASPECT((#13436),'Lining',$,.T.,#13296);
#13438=IFCSHAPEREPRESENTATION(#11,'Body','SweptSolid',(#13715,#14014,#13675,#13872,#13533,#13425,#13974,#13573,#13832,#13385));
#13439=IFCSHAPEASPECT((#13438),'Framing',$,.T.,#13296);
#13440=IFCSHAPEREPRESENTATION(#11,'Body','SweptSolid',(#14023,#13881,#13434,#13983,#13841,#13684,#13394,#13582,#13542,#13724));
#13441=IFCSHAPEASPECT((#13440),'Glazing',$,.T.,#13296);
#13503=IFCCARTESIANPOINTLIST2D(((0.60041862726211548,0.),(0.,0.),(0.,0.89999997615814209),(0.60041862726211548,0.89999997615814209),(0.60041862726211548,0.87499997578561306),(0.02500000037252903,0.87499997578561306),(0.02500000037252903,0.02500000037252903),(0.60041862726211548,0.02500000037252903)));
#13504=IFCINDEXEDPOLYCURVE(#13503,(IFCLINEINDEX((1,2,3,4,5,6,7,8,1))),$);
#13505=IFCARBITRARYCLOSEDPROFILEDEF(.AREA.,$,#13504);
#13506=IFCCARTESIANPOINT((0.,0.090000001713633537,0.));
#13507=IFCDIRECTION((0.,-1.,0.));
#13508=IFCDIRECTION((1.,0.,0.));
#13509=IFCAXIS2PLACEMENT3D(#13506,#13507,#13508);
#13510=IFCDIRECTION((0.,0.,-1.));
#13511=IFCEXTRUDEDAREASOLID(#13505,#13509,#13510,0.0099999997764825821);
#13512=IFCCARTESIANPOINTLIST2D(((0.,0.),(0.60041862726211548,0.),(0.60041862726211548,0.89999997615814209),(0.,0.89999997615814209)));
#13513=IFCINDEXEDPOLYCURVE(#13512,(IFCLINEINDEX((1,2,3,4,1))),$);
#13514=IFCCARTESIANPOINTLIST2D(((0.05000000074505806,0.05000000074505806),(0.57541862688958645,0.05000000074505806),(0.57541862688958645,0.84999997541308403),(0.05000000074505806,0.84999997541308403)));
#13515=IFCINDEXEDPOLYCURVE(#13514,(IFCLINEINDEX((1,2,3,4,1))),$);
#13516=IFCARBITRARYPROFILEDEFWITHVOIDS(.AREA.,$,#13513,(#13515));
#13517=IFCCARTESIANPOINT((0.,0.05000000074505806,0.));
#13518=IFCDIRECTION((0.,-1.,0.));
#13519=IFCDIRECTION((1.,0.,0.));
#13520=IFCAXIS2PLACEMENT3D(#13517,#13518,#13519);
#13521=IFCDIRECTION((0.,0.,-1.));
#13522=IFCEXTRUDEDAREASOLID(#13516,#13520,#13521,0.040000000968575478);
#13523=IFCCARTESIANPOINTLIST2D(((0.,0.),(0.57541862688958645,0.),(0.57541862688958645,0.84999997541308403),(0.,0.84999997541308403)));
#13524=IFCINDEXEDPOLYCURVE(#13523,(IFCLINEINDEX((1,2,3,4,1))),$);
#13525=IFCCARTESIANPOINTLIST2D(((0.035000000149011612,0.035000000149011612),(0.54041862674057484,0.035000000149011612),(0.54041862674057484,0.81499997526407242),(0.035000000149011612,0.81499997526407242)));
#13526=IFCINDEXEDPOLYCURVE(#13525,(IFCLINEINDEX((1,2,3,4,1))),$);
#13527=IFCARBITRARYPROFILEDEFWITHVOIDS(.AREA.,$,#13524,(#13526));
#13528=IFCCARTESIANPOINT((0.02500000037252903,0.090000001713633537,0.02500000037252903));
#13529=IFCDIRECTION((0.,-1.,0.));
#13530=IFCDIRECTION((1.,0.,0.));
#13531=IFCAXIS2PLACEMENT3D(#13528,#13529,#13530);
#13532=IFCDIRECTION((0.,0.,-1.));
#13533=IFCEXTRUDEDAREASOLID(#13527,#13531,#13532,0.035000000149011612);
#13534=IFCINDEXEDPOLYCURVE(#13535,(IFCLINEINDEX((1,2,3,4,1))),$);
#13535=IFCCARTESIANPOINTLIST2D(((0.035000000149011612,0.035000000149011612),(0.54041862674057484,0.035000000149011612),(0.54041862674057484,0.81499997526407242),(0.035000000149011612,0.81499997526407242)));
#13536=IFCARBITRARYCLOSEDPROFILEDEF(.AREA.,$,#13534);
#13537=IFCCARTESIANPOINT((0.02500000037252903,0.10250000178813934,0.02500000037252903));
#13538=IFCDIRECTION((0.,-1.,0.));
#13539=IFCDIRECTION((1.,0.,0.));
#13540=IFCAXIS2PLACEMENT3D(#13537,#13538,#13539);
#13541=IFCDIRECTION((0.,0.,-1.));
#13542=IFCEXTRUDEDAREASOLID(#13536,#13540,#13541,0.01);
#13543=IFCCARTESIANPOINTLIST2D(((0.,0.89999997615814209),(0.60474652051925659,0.89999997615814209),(0.60474652051925659,0.),(0.,0.),(0.,0.02500000037252903),(0.57974652014672756,0.02500000037252903),(0.57974652014672756,0.87499997578561306),(0.,0.87499997578561306)));
#13544=IFCINDEXEDPOLYCURVE(#13543,(IFCLINEINDEX((1,2,3,4,5,6,7,8,1))),$);
#13545=IFCARBITRARYCLOSEDPROFILEDEF(.AREA.,$,#13544);
#13546=IFCCARTESIANPOINT((0.60041862726211548,0.090000001713633537,0.));
#13547=IFCDIRECTION((0.,-1.,0.));
#13548=IFCDIRECTION((1.,0.,0.));
#13549=IFCAXIS2PLACEMENT3D(#13546,#13547,#13548);
#13550=IFCDIRECTION((0.,0.,-1.));
#13551=IFCEXTRUDEDAREASOLID(#13545,#13549,#13550,0.0099999997764825821);
#13552=IFCCARTESIANPOINTLIST2D(((0.,0.),(0.60474652051925659,0.),(0.60474652051925659,0.89999997615814209),(0.,0.89999997615814209)));
#13553=IFCINDEXEDPOLYCURVE(#13552,(IFCLINEINDEX((1,2,3,4,1))),$);
#13554=IFCCARTESIANPOINTLIST2D(((0.02500000037252903,0.05000000074505806),(0.55474651977419853,0.05000000074505806),(0.55474651977419853,0.84999997541308403),(0.02500000037252903,0.84999997541308403)));
#13555=IFCINDEXEDPOLYCURVE(#13554,(IFCLINEINDEX((1,2,3,4,1))),$);
#13556=IFCARBITRARYPROFILEDEFWITHVOIDS(.AREA.,$,#13553,(#13555));
#13557=IFCCARTESIANPOINT((0.60041862726211548,0.05000000074505806,0.));
#13558=IFCDIRECTION((0.,-1.,0.));
#13559=IFCDIRECTION((1.,0.,0.));
#13560=IFCAXIS2PLACEMENT3D(#13557,#13558,#13559);
#13561=IFCDIRECTION((0.,0.,-1.));
#13562=IFCEXTRUDEDAREASOLID(#13556,#13560,#13561,0.040000000968575478);
#13563=IFCCARTESIANPOINTLIST2D(((0.,0.),(0.57974652014672756,0.),(0.57974652014672756,0.84999997541308403),(0.,0.84999997541308403)));
#13564=IFCINDEXEDPOLYCURVE(#13563,(IFCLINEINDEX((1,2,3,4,1))),$);
#13565=IFCCARTESIANPOINTLIST2D(((0.035000000149011612,0.035000000149011612),(0.54474651999771595,0.035000000149011612),(0.54474651999771595,0.81499997526407242),(0.035000000149011612,0.81499997526407242)));
#13566=IFCINDEXEDPOLYCURVE(#13565,(IFCLINEINDEX((1,2,3,4,1))),$);
#13567=IFCARBITRARYPROFILEDEFWITHVOIDS(.AREA.,$,#13564,(#13566));
#13568=IFCCARTESIANPOINT((0.60041862726211548,0.090000001713633537,0.02500000037252903));
#13569=IFCDIRECTION((0.,-1.,0.));
#13570=IFCDIRECTION((1.,0.,0.));
#13571=IFCAXIS2PLACEMENT3D(#13568,#13569,#13570);
#13572=IFCDIRECTION((0.,0.,-1.));
#13573=IFCEXTRUDEDAREASOLID(#13567,#13571,#13572,0.035000000149011612);
#13574=IFCINDEXEDPOLYCURVE(#13575,(IFCLINEINDEX((1,2,3,4,1))),$);
#13575=IFCCARTESIANPOINTLIST2D(((0.035000000149011612,0.035000000149011612),(0.54474651999771595,0.035000000149011612),(0.54474651999771595,0.81499997526407242),(0.035000000149011612,0.81499997526407242)));
#13576=IFCARBITRARYCLOSEDPROFILEDEF(.AREA.,$,#13574);
#13577=IFCCARTESIANPOINT((0.60041862726211548,0.10250000178813934,0.02500000037252903));
#13578=IFCDIRECTION((0.,-1.,0.));
#13579=IFCDIRECTION((1.,0.,0.));
#13580=IFCAXIS2PLACEMENT3D(#13577,#13578,#13579);
#13581=IFCDIRECTION((0.,0.,-1.));
#13582=IFCEXTRUDEDAREASOLID(#13576,#13580,#13581,0.01);
#13645=IFCCARTESIANPOINTLIST2D(((0.60041862726211548,0.),(0.,0.),(0.,0.89999997615814209),(0.60041862726211548,0.89999997615814209),(0.60041862726211548,0.87499997578561306),(0.02500000037252903,0.87499997578561306),(0.02500000037252903,0.02500000037252903),(0.60041862726211548,0.02500000037252903)));
#13646=IFCINDEXEDPOLYCURVE(#13645,(IFCLINEINDEX((1,2,3,4,5,6,7,8,1))),$);
#13647=IFCARBITRARYCLOSEDPROFILEDEF(.AREA.,$,#13646);
#13648=IFCCARTESIANPOINT((0.,0.090000001713633537,0.));
#13649=IFCDIRECTION((0.,-1.,0.));
#13650=IFCDIRECTION((1.,0.,0.));
#13651=IFCAXIS2PLACEMENT3D(#13648,#13649,#13650);
#13652=IFCDIRECTION((0.,0.,-1.));
#13653=IFCEXTRUDEDAREASOLID(#13647,#13651,#13652,0.0099999997764825821);
#13654=IFCCARTESIANPOINTLIST2D(((0.,0.),(0.60041862726211548,0.),(0.60041862726211548,0.89999997615814209),(0.,0.89999997615814209)));
#13655=IFCINDEXEDPOLYCURVE(#13654,(IFCLINEINDEX((1,2,3,4,1))),$);
#13656=IFCCARTESIANPOINTLIST2D(((0.05000000074505806,0.05000000074505806),(0.57541862688958645,0.05000000074505806),(0.57541862688958645,0.84999997541308403),(0.05000000074505806,0.84999997541308403)));
#13657=IFCINDEXEDPOLYCURVE(#13656,(IFCLINEINDEX((1,2,3,4,1))),$);
#13658=IFCARBITRARYPROFILEDEFWITHVOIDS(.AREA.,$,#13655,(#13657));
#13659=IFCCARTESIANPOINT((0.,0.05000000074505806,0.));
#13660=IFCDIRECTION((0.,-1.,0.));
#13661=IFCDIRECTION((1.,0.,0.));
#13662=IFCAXIS2PLACEMENT3D(#13659,#13660,#13661);
#13663=IFCDIRECTION((0.,0.,-1.));
#13664=IFCEXTRUDEDAREASOLID(#13658,#13662,#13663,0.040000000968575478);
#13665=IFCCARTESIANPOINTLIST2D(((0.,0.),(0.57541862688958645,0.),(0.57541862688958645,0.84999997541308403),(0.,0.84999997541308403)));
#13666=IFCINDEXEDPOLYCURVE(#13665,(IFCLINEINDEX((1,2,3,4,1))),$);
#13667=IFCCARTESIANPOINTLIST2D(((0.035000000149011612,0.035000000149011612),(0.54041862674057484,0.035000000149011612),(0.54041862674057484,0.81499997526407242),(0.035000000149011612,0.81499997526407242)));
#13668=IFCINDEXEDPOLYCURVE(#13667,(IFCLINEINDEX((1,2,3,4,1))),$);
#13669=IFCARBITRARYPROFILEDEFWITHVOIDS(.AREA.,$,#13666,(#13668));
#13670=IFCCARTESIANPOINT((0.02500000037252903,0.090000001713633537,0.02500000037252903));
#13671=IFCDIRECTION((0.,-1.,0.));
#13672=IFCDIRECTION((1.,0.,0.));
#13673=IFCAXIS2PLACEMENT3D(#13670,#13671,#13672);
#13674=IFCDIRECTION((0.,0.,-1.));
#13675=IFCEXTRUDEDAREASOLID(#13669,#13673,#13674,0.035000000149011612);
#13676=IFCINDEXEDPOLYCURVE(#13677,(IFCLINEINDEX((1,2,3,4,1))),$);
#13677=IFCCARTESIANPOINTLIST2D(((0.035000000149011612,0.035000000149011612),(0.54041862674057484,0.035000000149011612),(0.54041862674057484,0.81499997526407242),(0.035000000149011612,0.81499997526407242)));
#13678=IFCARBITRARYCLOSEDPROFILEDEF(.AREA.,$,#13676);
#13679=IFCCARTESIANPOINT((0.02500000037252903,0.10250000178813934,0.02500000037252903));
#13680=IFCDIRECTION((0.,-1.,0.));
#13681=IFCDIRECTION((1.,0.,0.));
#13682=IFCAXIS2PLACEMENT3D(#13679,#13680,#13681);
#13683=IFCDIRECTION((0.,0.,-1.));
#13684=IFCEXTRUDEDAREASOLID(#13678,#13682,#13683,0.01);
#13685=IFCCARTESIANPOINTLIST2D(((0.,0.89999997615814209),(0.60474652051925659,0.89999997615814209),(0.60474652051925659,0.),(0.,0.),(0.,0.02500000037252903),(0.57974652014672756,0.02500000037252903),(0.57974652014672756,0.87499997578561306),(0.,0.87499997578561306)));
#13686=IFCINDEXEDPOLYCURVE(#13685,(IFCLINEINDEX((1,2,3,4,5,6,7,8,1))),$);
#13687=IFCARBITRARYCLOSEDPROFILEDEF(.AREA.,$,#13686);
#13688=IFCCARTESIANPOINT((0.60041862726211548,0.090000001713633537,0.));
#13689=IFCDIRECTION((0.,-1.,0.));
#13690=IFCDIRECTION((1.,0.,0.));
#13691=IFCAXIS2PLACEMENT3D(#13688,#13689,#13690);
#13692=IFCDIRECTION((0.,0.,-1.));
#13693=IFCEXTRUDEDAREASOLID(#13687,#13691,#13692,0.0099999997764825821);
#13694=IFCCARTESIANPOINTLIST2D(((0.,0.),(0.60474652051925659,0.),(0.60474652051925659,0.89999997615814209),(0.,0.89999997615814209)));
#13695=IFCINDEXEDPOLYCURVE(#13694,(IFCLINEINDEX((1,2,3,4,1))),$);
#13696=IFCCARTESIANPOINTLIST2D(((0.02500000037252903,0.05000000074505806),(0.55474651977419853,0.05000000074505806),(0.55474651977419853,0.84999997541308403),(0.02500000037252903,0.84999997541308403)));
#13697=IFCINDEXEDPOLYCURVE(#13696,(IFCLINEINDEX((1,2,3,4,1))),$);
#13698=IFCARBITRARYPROFILEDEFWITHVOIDS(.AREA.,$,#13695,(#13697));
#13699=IFCCARTESIANPOINT((0.60041862726211548,0.05000000074505806,0.));
#13700=IFCDIRECTION((0.,-1.,0.));
#13701=IFCDIRECTION((1.,0.,0.));
#13702=IFCAXIS2PLACEMENT3D(#13699,#13700,#13701);
#13703=IFCDIRECTION((0.,0.,-1.));
#13704=IFCEXTRUDEDAREASOLID(#13698,#13702,#13703,0.040000000968575478);
#13705=IFCCARTESIANPOINTLIST2D(((0.,0.),(0.57974652014672756,0.),(0.57974652014672756,0.84999997541308403),(0.,0.84999997541308403)));
#13706=IFCINDEXEDPOLYCURVE(#13705,(IFCLINEINDEX((1,2,3,4,1))),$);
#13707=IFCCARTESIANPOINTLIST2D(((0.035000000149011612,0.035000000149011612),(0.54474651999771595,0.035000000149011612),(0.54474651999771595,0.81499997526407242),(0.035000000149011612,0.81499997526407242)));
#13708=IFCINDEXEDPOLYCURVE(#13707,(IFCLINEINDEX((1,2,3,4,1))),$);
#13709=IFCARBITRARYPROFILEDEFWITHVOIDS(.AREA.,$,#13706,(#13708));
#13710=IFCCARTESIANPOINT((0.60041862726211548,0.090000001713633537,0.02500000037252903));
#13711=IFCDIRECTION((0.,-1.,0.));
#13712=IFCDIRECTION((1.,0.,0.));
#13713=IFCAXIS2PLACEMENT3D(#13710,#13711,#13712);
#13714=IFCDIRECTION((0.,0.,-1.));
#13715=IFCEXTRUDEDAREASOLID(#13709,#13713,#13714,0.035000000149011612);
#13716=IFCINDEXEDPOLYCURVE(#13717,(IFCLINEINDEX((1,2,3,4,1))),$);
#13717=IFCCARTESIANPOINTLIST2D(((0.035000000149011612,0.035000000149011612),(0.54474651999771595,0.035000000149011612),(0.54474651999771595,0.81499997526407242),(0.035000000149011612,0.81499997526407242)));
#13718=IFCARBITRARYCLOSEDPROFILEDEF(.AREA.,$,#13716);
#13719=IFCCARTESIANPOINT((0.60041862726211548,0.10250000178813934,0.02500000037252903));
#13720=IFCDIRECTION((0.,-1.,0.));
#13721=IFCDIRECTION((1.,0.,0.));
#13722=IFCAXIS2PLACEMENT3D(#13719,#13720,#13721);
#13723=IFCDIRECTION((0.,0.,-1.));
#13724=IFCEXTRUDEDAREASOLID(#13718,#13722,#13723,0.01);
#13802=IFCCARTESIANPOINTLIST2D(((0.30000001192092896,0.),(0.,0.),(0.,0.89999997615814209),(0.30000001192092896,0.89999997615814209),(0.30000001192092896,0.87499997578561306),(0.02500000037252903,0.87499997578561306),(0.02500000037252903,0.02500000037252903),(0.30000001192092896,0.02500000037252903)));
#13803=IFCINDEXEDPOLYCURVE(#13802,(IFCLINEINDEX((1,2,3,4,5,6,7,8,1))),$);
#13804=IFCARBITRARYCLOSEDPROFILEDEF(.AREA.,$,#13803);
#13805=IFCCARTESIANPOINT((0.,0.090000001713633537,0.));
#13806=IFCDIRECTION((0.,-1.,0.));
#13807=IFCDIRECTION((1.,0.,0.));
#13808=IFCAXIS2PLACEMENT3D(#13805,#13806,#13807);
#13809=IFCDIRECTION((0.,0.,-1.));
#13810=IFCEXTRUDEDAREASOLID(#13804,#13808,#13809,0.0099999997764825821);
#13811=IFCCARTESIANPOINTLIST2D(((0.,0.),(0.30000001192092896,0.),(0.30000001192092896,0.89999997615814209),(0.,0.89999997615814209)));
#13812=IFCINDEXEDPOLYCURVE(#13811,(IFCLINEINDEX((1,2,3,4,1))),$);
#13813=IFCCARTESIANPOINTLIST2D(((0.05000000074505806,0.05000000074505806),(0.27500001154839993,0.05000000074505806),(0.27500001154839993,0.84999997541308403),(0.05000000074505806,0.84999997541308403)));
#13814=IFCINDEXEDPOLYCURVE(#13813,(IFCLINEINDEX((1,2,3,4,1))),$);
#13815=IFCARBITRARYPROFILEDEFWITHVOIDS(.AREA.,$,#13812,(#13814));
#13816=IFCCARTESIANPOINT((0.,0.05000000074505806,0.));
#13817=IFCDIRECTION((0.,-1.,0.));
#13818=IFCDIRECTION((1.,0.,0.));
#13819=IFCAXIS2PLACEMENT3D(#13816,#13817,#13818);
#13820=IFCDIRECTION((0.,0.,-1.));
#13821=IFCEXTRUDEDAREASOLID(#13815,#13819,#13820,0.040000000968575478);
#13822=IFCCARTESIANPOINTLIST2D(((0.,0.),(0.27500001154839993,0.),(0.27500001154839993,0.84999997541308403),(0.,0.84999997541308403)));
#13823=IFCINDEXEDPOLYCURVE(#13822,(IFCLINEINDEX((1,2,3,4,1))),$);
#13824=IFCCARTESIANPOINTLIST2D(((0.035000000149011612,0.035000000149011612),(0.24000001139938831,0.035000000149011612),(0.24000001139938831,0.81499997526407242),(0.035000000149011612,0.81499997526407242)));
#13825=IFCINDEXEDPOLYCURVE(#13824,(IFCLINEINDEX((1,2,3,4,1))),$);
#13826=IFCARBITRARYPROFILEDEFWITHVOIDS(.AREA.,$,#13823,(#13825));
#13827=IFCCARTESIANPOINT((0.02500000037252903,0.090000001713633537,0.02500000037252903));
#13828=IFCDIRECTION((0.,-1.,0.));
#13829=IFCDIRECTION((1.,0.,0.));
#13830=IFCAXIS2PLACEMENT3D(#13827,#13828,#13829);
#13831=IFCDIRECTION((0.,0.,-1.));
#13832=IFCEXTRUDEDAREASOLID(#13826,#13830,#13831,0.035000000149011612);
#13833=IFCINDEXEDPOLYCURVE(#13834,(IFCLINEINDEX((1,2,3,4,1))),$);
#13834=IFCCARTESIANPOINTLIST2D(((0.035000000149011612,0.035000000149011612),(0.24000001139938831,0.035000000149011612),(0.24000001139938831,0.81499997526407242),(0.035000000149011612,0.81499997526407242)));
#13835=IFCARBITRARYCLOSEDPROFILEDEF(.AREA.,$,#13833);
#13836=IFCCARTESIANPOINT((0.02500000037252903,0.10250000178813934,0.02500000037252903));
#13837=IFCDIRECTION((0.,-1.,0.));
#13838=IFCDIRECTION((1.,0.,0.));
#13839=IFCAXIS2PLACEMENT3D(#13836,#13837,#13838);
#13840=IFCDIRECTION((0.,0.,-1.));
#13841=IFCEXTRUDEDAREASOLID(#13835,#13839,#13840,0.01);
#13842=IFCCARTESIANPOINTLIST2D(((0.,0.89999997615814209),(0.90516513586044312,0.89999997615814209),(0.90516513586044312,0.),(0.,0.),(0.,0.02500000037252903),(0.88016513548791409,0.02500000037252903),(0.88016513548791409,0.87499997578561306),(0.,0.87499997578561306)));
#13843=IFCINDEXEDPOLYCURVE(#13842,(IFCLINEINDEX((1,2,3,4,5,6,7,8,1))),$);
#13844=IFCARBITRARYCLOSEDPROFILEDEF(.AREA.,$,#13843);
#13845=IFCCARTESIANPOINT((0.30000001192092896,0.090000001713633537,0.));
#13846=IFCDIRECTION((0.,-1.,0.));
#13847=IFCDIRECTION((1.,0.,0.));
#13848=IFCAXIS2PLACEMENT3D(#13845,#13846,#13847);
#13849=IFCDIRECTION((0.,0.,-1.));
#13850=IFCEXTRUDEDAREASOLID(#13844,#13848,#13849,0.0099999997764825821);
#13851=IFCCARTESIANPOINTLIST2D(((0.,0.),(0.90516513586044312,0.),(0.90516513586044312,0.89999997615814209),(0.,0.89999997615814209)));
#13852=IFCINDEXEDPOLYCURVE(#13851,(IFCLINEINDEX((1,2,3,4,1))),$);
#13853=IFCCARTESIANPOINTLIST2D(((0.02500000037252903,0.05000000074505806),(0.85516513511538506,0.05000000074505806),(0.85516513511538506,0.84999997541308403),(0.02500000037252903,0.84999997541308403)));
#13854=IFCINDEXEDPOLYCURVE(#13853,(IFCLINEINDEX((1,2,3,4,1))),$);
#13855=IFCARBITRARYPROFILEDEFWITHVOIDS(.AREA.,$,#13852,(#13854));
#13856=IFCCARTESIANPOINT((0.30000001192092896,0.05000000074505806,0.));
#13857=IFCDIRECTION((0.,-1.,0.));
#13858=IFCDIRECTION((1.,0.,0.));
#13859=IFCAXIS2PLACEMENT3D(#13856,#13857,#13858);
#13860=IFCDIRECTION((0.,0.,-1.));
#13861=IFCEXTRUDEDAREASOLID(#13855,#13859,#13860,0.040000000968575478);
#13862=IFCCARTESIANPOINTLIST2D(((0.,0.),(0.88016513548791409,0.),(0.88016513548791409,0.84999997541308403),(0.,0.84999997541308403)));
#13863=IFCINDEXEDPOLYCURVE(#13862,(IFCLINEINDEX((1,2,3,4,1))),$);
#13864=IFCCARTESIANPOINTLIST2D(((0.035000000149011612,0.035000000149011612),(0.84516513533890247,0.035000000149011612),(0.84516513533890247,0.81499997526407242),(0.035000000149011612,0.81499997526407242)));
#13865=IFCINDEXEDPOLYCURVE(#13864,(IFCLINEINDEX((1,2,3,4,1))),$);
#13866=IFCARBITRARYPROFILEDEFWITHVOIDS(.AREA.,$,#13863,(#13865));
#13867=IFCCARTESIANPOINT((0.30000001192092896,0.090000001713633537,0.02500000037252903));
#13868=IFCDIRECTION((0.,-1.,0.));
#13869=IFCDIRECTION((1.,0.,0.));
#13870=IFCAXIS2PLACEMENT3D(#13867,#13868,#13869);
#13871=IFCDIRECTION((0.,0.,-1.));
#13872=IFCEXTRUDEDAREASOLID(#13866,#13870,#13871,0.035000000149011612);
#13873=IFCINDEXEDPOLYCURVE(#13874,(IFCLINEINDEX((1,2,3,4,1))),$);
#13874=IFCCARTESIANPOINTLIST2D(((0.035000000149011612,0.035000000149011612),(0.84516513533890247,0.035000000149011612),(0.84516513533890247,0.81499997526407242),(0.035000000149011612,0.81499997526407242)));
#13875=IFCARBITRARYCLOSEDPROFILEDEF(.AREA.,$,#13873);
#13876=IFCCARTESIANPOINT((0.30000001192092896,0.10250000178813934,0.02500000037252903));
#13877=IFCDIRECTION((0.,-1.,0.));
#13878=IFCDIRECTION((1.,0.,0.));
#13879=IFCAXIS2PLACEMENT3D(#13876,#13877,#13878);
#13880=IFCDIRECTION((0.,0.,-1.));
#13881=IFCEXTRUDEDAREASOLID(#13875,#13879,#13880,0.01);
#13941=IFCCARTESIANPOINTLIST3D(((0.,0.,0.),(1.2051651477813721,0.,0.),(1.2051651477813721,0.,0.89999997615814209),(0.,0.,0.89999997615814209)));
#13942=IFCINDEXEDPOLYCURVE(#13941,(IFCLINEINDEX((1,2,3,4,1))),$);
#13943=IFCSHAPEREPRESENTATION(#18,'Profile','Curve3D',(#13942));
#13944=IFCCARTESIANPOINTLIST2D(((0.60153967142105103,0.),(0.,0.),(0.,0.89999997615814209),(0.60153967142105103,0.89999997615814209),(0.60153967142105103,0.87499997578561306),(0.02500000037252903,0.87499997578561306),(0.02500000037252903,0.02500000037252903),(0.60153967142105103,0.02500000037252903)));
#13945=IFCINDEXEDPOLYCURVE(#13944,(IFCLINEINDEX((1,2,3,4,5,6,7,8,1))),$);
#13946=IFCARBITRARYCLOSEDPROFILEDEF(.AREA.,$,#13945);
#13947=IFCCARTESIANPOINT((0.,0.090000001713633537,0.));
#13948=IFCDIRECTION((0.,-1.,0.));
#13949=IFCDIRECTION((1.,0.,0.));
#13950=IFCAXIS2PLACEMENT3D(#13947,#13948,#13949);
#13951=IFCDIRECTION((0.,0.,-1.));
#13952=IFCEXTRUDEDAREASOLID(#13946,#13950,#13951,0.0099999997764825821);
#13953=IFCCARTESIANPOINTLIST2D(((0.,0.),(0.60153967142105103,0.),(0.60153967142105103,0.89999997615814209),(0.,0.89999997615814209)));
#13954=IFCINDEXEDPOLYCURVE(#13953,(IFCLINEINDEX((1,2,3,4,1))),$);
#13955=IFCCARTESIANPOINTLIST2D(((0.05000000074505806,0.05000000074505806),(0.576539671048522,0.05000000074505806),(0.576539671048522,0.84999997541308403),(0.05000000074505806,0.84999997541308403)));
#13956=IFCINDEXEDPOLYCURVE(#13955,(IFCLINEINDEX((1,2,3,4,1))),$);
#13957=IFCARBITRARYPROFILEDEFWITHVOIDS(.AREA.,$,#13954,(#13956));
#13958=IFCCARTESIANPOINT((0.,0.05000000074505806,0.));
#13959=IFCDIRECTION((0.,-1.,0.));
#13960=IFCDIRECTION((1.,0.,0.));
#13961=IFCAXIS2PLACEMENT3D(#13958,#13959,#13960);
#13962=IFCDIRECTION((0.,0.,-1.));
#13963=IFCEXTRUDEDAREASOLID(#13957,#13961,#13962,0.040000000968575478);
#13964=IFCCARTESIANPOINTLIST2D(((0.,0.),(0.576539671048522,0.),(0.576539671048522,0.84999997541308403),(0.,0.84999997541308403)));
#13965=IFCINDEXEDPOLYCURVE(#13964,(IFCLINEINDEX((1,2,3,4,1))),$);
#13966=IFCCARTESIANPOINTLIST2D(((0.035000000149011612,0.035000000149011612),(0.54153967089951038,0.035000000149011612),(0.54153967089951038,0.81499997526407242),(0.035000000149011612,0.81499997526407242)));
#13967=IFCINDEXEDPOLYCURVE(#13966,(IFCLINEINDEX((1,2,3,4,1))),$);
#13968=IFCARBITRARYPROFILEDEFWITHVOIDS(.AREA.,$,#13965,(#13967));
#13969=IFCCARTESIANPOINT((0.02500000037252903,0.090000001713633537,0.02500000037252903));
#13970=IFCDIRECTION((0.,-1.,0.));
#13971=IFCDIRECTION((1.,0.,0.));
#13972=IFCAXIS2PLACEMENT3D(#13969,#13970,#13971);
#13973=IFCDIRECTION((0.,0.,-1.));
#13974=IFCEXTRUDEDAREASOLID(#13968,#13972,#13973,0.035000000149011612);
#13975=IFCINDEXEDPOLYCURVE(#13976,(IFCLINEINDEX((1,2,3,4,1))),$);
#13976=IFCCARTESIANPOINTLIST2D(((0.035000000149011612,0.035000000149011612),(0.54153967089951038,0.035000000149011612),(0.54153967089951038,0.81499997526407242),(0.035000000149011612,0.81499997526407242)));
#13977=IFCARBITRARYCLOSEDPROFILEDEF(.AREA.,$,#13975);
#13978=IFCCARTESIANPOINT((0.02500000037252903,0.10250000178813934,0.02500000037252903));
#13979=IFCDIRECTION((0.,-1.,0.));
#13980=IFCDIRECTION((1.,0.,0.));
#13981=IFCAXIS2PLACEMENT3D(#13978,#13979,#13980);
#13982=IFCDIRECTION((0.,0.,-1.));
#13983=IFCEXTRUDEDAREASOLID(#13977,#13981,#13982,0.01);
#13984=IFCCARTESIANPOINTLIST2D(((0.,0.89999997615814209),(0.60362547636032104,0.89999997615814209),(0.60362547636032104,0.),(0.,0.),(0.,0.02500000037252903),(0.57862547598779202,0.02500000037252903),(0.57862547598779202,0.87499997578561306),(0.,0.87499997578561306)));
#13985=IFCINDEXEDPOLYCURVE(#13984,(IFCLINEINDEX((1,2,3,4,5,6,7,8,1))),$);
#13986=IFCARBITRARYCLOSEDPROFILEDEF(.AREA.,$,#13985);
#13987=IFCCARTESIANPOINT((0.60153967142105103,0.090000001713633537,0.));
#13988=IFCDIRECTION((0.,-1.,0.));
#13989=IFCDIRECTION((1.,0.,0.));
#13990=IFCAXIS2PLACEMENT3D(#13987,#13988,#13989);
#13991=IFCDIRECTION((0.,0.,-1.));
#13992=IFCEXTRUDEDAREASOLID(#13986,#13990,#13991,0.0099999997764825821);
#13993=IFCCARTESIANPOINTLIST2D(((0.,0.),(0.60362547636032104,0.),(0.60362547636032104,0.89999997615814209),(0.,0.89999997615814209)));
#13994=IFCINDEXEDPOLYCURVE(#13993,(IFCLINEINDEX((1,2,3,4,1))),$);
#13995=IFCCARTESIANPOINTLIST2D(((0.02500000037252903,0.05000000074505806),(0.55362547561526299,0.05000000074505806),(0.55362547561526299,0.84999997541308403),(0.02500000037252903,0.84999997541308403)));
#13996=IFCINDEXEDPOLYCURVE(#13995,(IFCLINEINDEX((1,2,3,4,1))),$);
#13997=IFCARBITRARYPROFILEDEFWITHVOIDS(.AREA.,$,#13994,(#13996));
#13998=IFCCARTESIANPOINT((0.60153967142105103,0.05000000074505806,0.));
#13999=IFCDIRECTION((0.,-1.,0.));
#14000=IFCDIRECTION((1.,0.,0.));
#14001=IFCAXIS2PLACEMENT3D(#13998,#13999,#14000);
#14002=IFCDIRECTION((0.,0.,-1.));
#14003=IFCEXTRUDEDAREASOLID(#13997,#14001,#14002,0.040000000968575478);
#14004=IFCCARTESIANPOINTLIST2D(((0.,0.),(0.57862547598779202,0.),(0.57862547598779202,0.84999997541308403),(0.,0.84999997541308403)));
#14005=IFCINDEXEDPOLYCURVE(#14004,(IFCLINEINDEX((1,2,3,4,1))),$);
#14006=IFCCARTESIANPOINTLIST2D(((0.035000000149011612,0.035000000149011612),(0.5436254758387804,0.035000000149011612),(0.5436254758387804,0.81499997526407242),(0.035000000149011612,0.81499997526407242)));
#14007=IFCINDEXEDPOLYCURVE(#14006,(IFCLINEINDEX((1,2,3,4,1))),$);
#14008=IFCARBITRARYPROFILEDEFWITHVOIDS(.AREA.,$,#14005,(#14007));
#14009=IFCCARTESIANPOINT((0.60153967142105103,0.090000001713633537,0.02500000037252903));
#14010=IFCDIRECTION((0.,-1.,0.));
#14011=IFCDIRECTION((1.,0.,0.));
#14012=IFCAXIS2PLACEMENT3D(#14009,#14010,#14011);
#14013=IFCDIRECTION((0.,0.,-1.));
#14014=IFCEXTRUDEDAREASOLID(#14008,#14012,#14013,0.035000000149011612);
#14015=IFCINDEXEDPOLYCURVE(#14016,(IFCLINEINDEX((1,2,3,4,1))),$);
#14016=IFCCARTESIANPOINTLIST2D(((0.035000000149011612,0.035000000149011612),(0.5436254758387804,0.035000000149011612),(0.5436254758387804,0.81499997526407242),(0.035000000149011612,0.81499997526407242)));
#14017=IFCARBITRARYCLOSEDPROFILEDEF(.AREA.,$,#14015);
#14018=IFCCARTESIANPOINT((0.60153967142105103,0.10250000178813934,0.02500000037252903));
#14019=IFCDIRECTION((0.,-1.,0.));
#14020=IFCDIRECTION((1.,0.,0.));
#14021=IFCAXIS2PLACEMENT3D(#14018,#14019,#14020);
#14022=IFCDIRECTION((0.,0.,-1.));
#14023=IFCEXTRUDEDAREASOLID(#14017,#14021,#14022,0.01);
#14024=IFCSHAPEREPRESENTATION(#11,'Body','SweptSolid',(#13952,#13963,#13974,#13983,#13992,#14003,#14014,#14023));
#14025=IFCCARTESIANPOINTLIST2D(((0.05000000074505806,0.05000000074505806),(0.576539671048522,0.05000000074505806)));
#14026=IFCINDEXEDPOLYCURVE(#14025,$,$);
#14027=IFCCARTESIANPOINTLIST2D(((0.,0.10000000149011612),(0.02500000037252903,0.10000000149011612),(0.02500000037252903,0.090000001713633537),(0.05000000074505806,0.090000001713633537),(0.05000000074505806,0.05000000074505806),(0.,0.05000000074505806)));
#14028=IFCINDEXEDPOLYCURVE(#14027,(IFCLINEINDEX((1,2,3,4,5,6,1))),$);
#14029=IFCCARTESIANPOINTLIST2D(((0.60153967142105103,0.10000000149011612),(0.60153967142105103,0.10000000149011612),(0.60153967142105103,0.090000001713633537),(0.576539671048522,0.090000001713633537),(0.576539671048522,0.05000000074505806),(0.60153967142105103,0.05000000074505806)));
#14030=IFCINDEXEDPOLYCURVE(#14029,$,$);
#14031=IFCCARTESIANPOINTLIST2D(((0.02500000037252903,0.090000001713633537),(0.060000000521540642,0.090000001713633537),(0.060000000521540642,0.12500000186264515),(0.02500000037252903,0.12500000186264515)));
#14032=IFCINDEXEDPOLYCURVE(#14031,(IFCLINEINDEX((1,2,3,4,1))),$);
#14033=IFCINDEXEDPOLYCURVE(#14034,(IFCLINEINDEX((1,2,3,4,1))),$);
#14034=IFCCARTESIANPOINTLIST2D(((0.60153967142105103,0.090000001713633537),(0.56653967127203941,0.090000001713633537),(0.56653967127203941,0.12500000186264515),(0.60153967142105103,0.12500000186264515)));
#14035=IFCCARTESIANPOINTLIST2D(((0.060000000521540642,0.090000001713633537),(0.56653967127203941,0.090000001713633537)));
#14036=IFCINDEXEDPOLYCURVE(#14035,$,$);
#14037=IFCINDEXEDPOLYCURVE(#14038,$,$);
#14038=IFCCARTESIANPOINTLIST2D(((0.060000000521540642,0.12500000186264515),(0.56653967127203941,0.12500000186264515)));
#14039=IFCINDEXEDPOLYCURVE(#14040,$,$);
#14040=IFCCARTESIANPOINTLIST2D(((0.060000000521540642,0.10750000178813934),(0.56653967127203941,0.10750000178813934)));
#14041=IFCCARTESIANPOINTLIST2D(((0.62653967179358006,0.05000000074505806),(1.155165147036314,0.05000000074505806)));
#14042=IFCINDEXEDPOLYCURVE(#14041,$,$);
#14043=IFCCARTESIANPOINTLIST2D(((0.60153967142105103,0.10000000149011612),(0.60153967142105103,0.10000000149011612),(0.60153967142105103,0.090000001713633537),(0.62653967179358006,0.090000001713633537),(0.62653967179358006,0.05000000074505806),(0.60153967142105103,0.05000000074505806)));
#14044=IFCINDEXEDPOLYCURVE(#14043,$,$);
#14045=IFCCARTESIANPOINTLIST2D(((1.2051651477813721,0.10000000149011612),(1.180165147408843,0.10000000149011612),(1.180165147408843,0.090000001713633537),(1.155165147036314,0.090000001713633537),(1.155165147036314,0.05000000074505806),(1.2051651477813721,0.05000000074505806)));
#14046=IFCINDEXEDPOLYCURVE(#14045,(IFCLINEINDEX((1,2,3,4,5,6,1))),$);
#14047=IFCCARTESIANPOINTLIST2D(((0.60153967142105103,0.090000001713633537),(0.63653967157006264,0.090000001713633537),(0.63653967157006264,0.12500000186264515),(0.60153967142105103,0.12500000186264515)));
#14048=IFCINDEXEDPOLYCURVE(#14047,(IFCLINEINDEX((1,2,3,4,1))),$);
#14049=IFCINDEXEDPOLYCURVE(#14050,(IFCLINEINDEX((1,2,3,4,1))),$);
#14050=IFCCARTESIANPOINTLIST2D(((1.180165147408843,0.090000001713633537),(1.1451651472598314,0.090000001713633537),(1.1451651472598314,0.12500000186264515),(1.180165147408843,0.12500000186264515)));
#14051=IFCCARTESIANPOINTLIST2D(((0.63653967157006264,0.090000001713633537),(1.1451651472598314,0.090000001713633537)));
#14052=IFCINDEXEDPOLYCURVE(#14051,$,$);
#14053=IFCINDEXEDPOLYCURVE(#14054,$,$);
#14054=IFCCARTESIANPOINTLIST2D(((0.63653967157006264,0.12500000186264515),(1.1451651472598314,0.12500000186264515)));
#14055=IFCINDEXEDPOLYCURVE(#14056,$,$);
#14056=IFCCARTESIANPOINTLIST2D(((0.63653967157006264,0.10750000178813934),(1.1451651472598314,0.10750000178813934)));
#14057=IFCSHAPEREPRESENTATION(#24,'Body','Curve2D',(#14026,#14028,#14030,#14032,#14033,#14036,#14037,#14039,#14042,#14044,#14046,#14048,#14049,#14052,#14053,#14055));
#14058=IFCCARTESIANPOINTLIST2D(((0.,0.),(1.2051651477813721,0.),(1.2051651477813721,0.89999997615814209),(0.,0.89999997615814209)));
#14059=IFCINDEXEDPOLYCURVE(#14058,(IFCLINEINDEX((1,2,3,4,1))),$);
#14060=IFCARBITRARYCLOSEDPROFILEDEF(.AREA.,$,#14059);
#14061=IFCCARTESIANPOINT((0.,-0.60000002384185791,0.));
#14062=IFCDIRECTION((0.,-1.,0.));
#14063=IFCDIRECTION((1.,0.,0.));
#14064=IFCAXIS2PLACEMENT3D(#14061,#14062,#14063);
#14065=IFCDIRECTION((0.,0.,-1.));
#14066=IFCEXTRUDEDAREASOLID(#14060,#14064,#14065,1.2);
#14067=IFCSHAPEREPRESENTATION(#11,'Body','SweptSolid',(#14066));
#14073=IFCCARTESIANPOINT((0.33103814645730023,0.,1.));
#14074=IFCDIRECTION((0.,0.,1.));
#14075=IFCDIRECTION((0.99999999999997158,-2.3841857910155572E-07,0.));
#14076=IFCAXIS2PLACEMENT3D(#14073,#14074,#14075);
#14077=IFCLOCALPLACEMENT(#9684,#14076);
#14078=IFCCARTESIANPOINT((-8.8817841970012523E-16,0.,0.));
#14079=IFCDIRECTION((0.,0.,1.));
#14080=IFCDIRECTION((1.,0.,0.));
#14081=IFCAXIS2PLACEMENT3D(#14078,#14079,#14080);
#14082=IFCLOCALPLACEMENT(#14077,#14081);
#14083=IFCWINDOW('0JZMz1sir8awhCYCZsDjUO',$,'Window',$,$,#14607,#14092,$,0.89999997615814209,0.80678337812423706,$,.SINGLE_PANEL.,$);
#14084=IFCRELDEFINESBYTYPE('0IAv47xanDwf2_O125L8GE',$,$,$,(#14148,#14083),#13141);
#14085=IFCCARTESIANPOINT((0.,0.,0.));
#14086=IFCDIRECTION((1.,0.,0.));
#14087=IFCDIRECTION((0.,1.,0.));
#14088=IFCDIRECTION((0.,0.,1.));
#14089=IFCCARTESIANTRANSFORMATIONOPERATOR3D(#14086,#14087,#14085,1.,#14088);
#14090=IFCMAPPEDITEM(#13144,#14089);
#14091=IFCSHAPEREPRESENTATION(#18,'Profile','MappedRepresentation',(#14090));
#14092=IFCPRODUCTDEFINITIONSHAPE($,$,(#14091,#14099,#14106));
#14093=IFCCARTESIANPOINT((0.,0.,0.));
#14094=IFCDIRECTION((1.,0.,0.));
#14095=IFCDIRECTION((0.,1.,0.));
#14096=IFCDIRECTION((0.,0.,1.));
#14097=IFCCARTESIANTRANSFORMATIONOPERATOR3D(#14094,#14095,#14093,1.,#14096);
#14098=IFCMAPPEDITEM(#13152,#14097);
#14099=IFCSHAPEREPRESENTATION(#11,'Body','MappedRepresentation',(#14098));
#14100=IFCCARTESIANPOINT((0.,0.,0.));
#14101=IFCDIRECTION((1.,0.,0.));
#14102=IFCDIRECTION((0.,1.,0.));
#14103=IFCDIRECTION((0.,0.,1.));
#14104=IFCCARTESIANTRANSFORMATIONOPERATOR3D(#14101,#14102,#14100,1.,#14103);
#14105=IFCMAPPEDITEM(#13200,#14104);
#14106=IFCSHAPEREPRESENTATION(#24,'Body','MappedRepresentation',(#14105));
#14107=IFCOPENINGELEMENT('0xpJtnRWH6a8LlZqeGw4L1',$,'Opening',$,$,#14602,#14135,$,.OPENING.);
#14123=IFCCARTESIANPOINT((0.,0.,0.));
#14124=IFCDIRECTION((1.,0.,0.));
#14125=IFCDIRECTION((0.,0.,1.));
#14126=IFCAXIS2PLACEMENT3D(#14123,#14125,#14124);
#14127=IFCREPRESENTATIONMAP(#14126,#14577);
#14128=IFCCARTESIANPOINT((0.,0.,0.));
#14129=IFCDIRECTION((1.,0.,0.));
#14130=IFCDIRECTION((0.,1.,0.));
#14131=IFCDIRECTION((0.,0.,1.));
#14132=IFCCARTESIANTRANSFORMATIONOPERATOR3D(#14129,#14130,#14128,1.,#14131);
#14133=IFCMAPPEDITEM(#14127,#14132);
#14134=IFCSHAPEREPRESENTATION(#11,'Body','MappedRepresentation',(#14133));
#14135=IFCPRODUCTDEFINITIONSHAPE($,$,(#14134));
#14136=IFCRELVOIDSELEMENT('3OfKoNFH12S8DOzV$V_VcS',$,$,$,#9199,#14107);
#14142=IFCRELFILLSELEMENT('0q63aDLtj6ZO7yHNF6WvJz',$,$,$,#14107,#14083);
#14148=IFCWINDOW('03Kfgii_f5v8UhDlhPmGPM',$,'Window',$,$,#14592,#14156,$,0.89999997615814209,0.80678337812423706,$,.SINGLE_PANEL.,$);
#14149=IFCCARTESIANPOINT((0.,0.,0.));
#14150=IFCDIRECTION((1.,0.,0.));
#14151=IFCDIRECTION((0.,1.,0.));
#14152=IFCDIRECTION((0.,0.,1.));
#14153=IFCCARTESIANTRANSFORMATIONOPERATOR3D(#14150,#14151,#14149,1.,#14152);
#14154=IFCMAPPEDITEM(#13144,#14153);
#14155=IFCSHAPEREPRESENTATION(#18,'Profile','MappedRepresentation',(#14154));
#14156=IFCPRODUCTDEFINITIONSHAPE($,$,(#14155,#14163,#14170));
#14157=IFCCARTESIANPOINT((0.,0.,0.));
#14158=IFCDIRECTION((1.,0.,0.));
#14159=IFCDIRECTION((0.,1.,0.));
#14160=IFCDIRECTION((0.,0.,1.));
#14161=IFCCARTESIANTRANSFORMATIONOPERATOR3D(#14158,#14159,#14157,1.,#14160);
#14162=IFCMAPPEDITEM(#13152,#14161);
#14163=IFCSHAPEREPRESENTATION(#11,'Body','MappedRepresentation',(#14162));
#14164=IFCCARTESIANPOINT((0.,0.,0.));
#14165=IFCDIRECTION((1.,0.,0.));
#14166=IFCDIRECTION((0.,1.,0.));
#14167=IFCDIRECTION((0.,0.,1.));
#14168=IFCCARTESIANTRANSFORMATIONOPERATOR3D(#14165,#14166,#14164,1.,#14167);
#14169=IFCMAPPEDITEM(#13200,#14168);
#14170=IFCSHAPEREPRESENTATION(#24,'Body','MappedRepresentation',(#14169));
#14171=IFCOPENINGELEMENT('2fBrKKphP6sA9MbNTRAWED',$,'Opening',$,$,#14587,#14184,$,.OPENING.);
#14177=IFCCARTESIANPOINT((0.,0.,0.));
#14178=IFCDIRECTION((1.,0.,0.));
#14179=IFCDIRECTION((0.,1.,0.));
#14180=IFCDIRECTION((0.,0.,1.));
#14181=IFCCARTESIANTRANSFORMATIONOPERATOR3D(#14178,#14179,#14177,1.,#14180);
#14182=IFCMAPPEDITEM(#14127,#14181);
#14183=IFCSHAPEREPRESENTATION(#11,'Body','MappedRepresentation',(#14182));
#14184=IFCPRODUCTDEFINITIONSHAPE($,$,(#14183));
#14185=IFCRELVOIDSELEMENT('1TsYNNlGfCgREBEUPWYChM',$,$,$,#9199,#14171);
#14191=IFCRELFILLSELEMENT('0D4FbRbDz2FR9Nq6sBZ5Ha',$,$,$,#14171,#14148);
#14200=IFCCARTESIANPOINTLIST2D(((0.,0.),(0.77907341718673706,0.),(0.77907341718673706,0.89999997615814209),(0.,0.89999997615814209)));
#14201=IFCINDEXEDPOLYCURVE(#14200,(IFCLINEINDEX((1,2,3,4,1))),$);
#14202=IFCCARTESIANPOINTLIST2D(((0.02500000037252903,0.02500000037252903),(0.75407341681420803,0.02500000037252903),(0.75407341681420803,0.87499997578561306),(0.02500000037252903,0.87499997578561306)));
#14203=IFCINDEXEDPOLYCURVE(#14202,(IFCLINEINDEX((1,2,3,4,1))),$);
#14204=IFCARBITRARYPROFILEDEFWITHVOIDS(.AREA.,$,#14201,(#14203));
#14205=IFCCARTESIANPOINT((0.,0.090000001713633537,0.));
#14206=IFCDIRECTION((0.,-1.,0.));
#14207=IFCDIRECTION((1.,0.,0.));
#14208=IFCAXIS2PLACEMENT3D(#14205,#14206,#14207);
#14209=IFCDIRECTION((0.,0.,-1.));
#14210=IFCEXTRUDEDAREASOLID(#14204,#14208,#14209,0.0099999997764825821);
#14211=IFCCARTESIANPOINTLIST2D(((0.,0.),(0.77907341718673706,0.),(0.77907341718673706,0.89999997615814209),(0.,0.89999997615814209)));
#14212=IFCINDEXEDPOLYCURVE(#14211,(IFCLINEINDEX((1,2,3,4,1))),$);
#14213=IFCCARTESIANPOINTLIST2D(((0.05000000074505806,0.05000000074505806),(0.729073416441679,0.05000000074505806),(0.729073416441679,0.84999997541308403),(0.05000000074505806,0.84999997541308403)));
#14214=IFCINDEXEDPOLYCURVE(#14213,(IFCLINEINDEX((1,2,3,4,1))),$);
#14215=IFCARBITRARYPROFILEDEFWITHVOIDS(.AREA.,$,#14212,(#14214));
#14216=IFCCARTESIANPOINT((0.,0.05000000074505806,0.));
#14217=IFCDIRECTION((0.,-1.,0.));
#14218=IFCDIRECTION((1.,0.,0.));
#14219=IFCAXIS2PLACEMENT3D(#14216,#14217,#14218);
#14220=IFCDIRECTION((0.,0.,-1.));
#14221=IFCEXTRUDEDAREASOLID(#14215,#14219,#14220,0.040000000968575478);
#14222=IFCCARTESIANPOINTLIST2D(((0.,0.),(0.729073416441679,0.),(0.729073416441679,0.84999997541308403),(0.,0.84999997541308403)));
#14223=IFCINDEXEDPOLYCURVE(#14222,(IFCLINEINDEX((1,2,3,4,1))),$);
#14224=IFCCARTESIANPOINTLIST2D(((0.035000000149011612,0.035000000149011612),(0.69407341629266739,0.035000000149011612),(0.69407341629266739,0.81499997526407242),(0.035000000149011612,0.81499997526407242)));
#14225=IFCINDEXEDPOLYCURVE(#14224,(IFCLINEINDEX((1,2,3,4,1))),$);
#14226=IFCARBITRARYPROFILEDEFWITHVOIDS(.AREA.,$,#14223,(#14225));
#14227=IFCCARTESIANPOINT((0.02500000037252903,0.090000001713633537,0.02500000037252903));
#14228=IFCDIRECTION((0.,-1.,0.));
#14229=IFCDIRECTION((1.,0.,0.));
#14230=IFCAXIS2PLACEMENT3D(#14227,#14228,#14229);
#14231=IFCDIRECTION((0.,0.,-1.));
#14232=IFCEXTRUDEDAREASOLID(#14226,#14230,#14231,0.035000000149011612);
#14233=IFCINDEXEDPOLYCURVE(#14234,(IFCLINEINDEX((1,2,3,4,1))),$);
#14234=IFCCARTESIANPOINTLIST2D(((0.035000000149011612,0.035000000149011612),(0.69407341629266739,0.035000000149011612),(0.69407341629266739,0.81499997526407242),(0.035000000149011612,0.81499997526407242)));
#14235=IFCARBITRARYCLOSEDPROFILEDEF(.AREA.,$,#14233);
#14236=IFCCARTESIANPOINT((0.02500000037252903,0.10250000178813934,0.02500000037252903));
#14237=IFCDIRECTION((0.,-1.,0.));
#14238=IFCDIRECTION((1.,0.,0.));
#14239=IFCAXIS2PLACEMENT3D(#14236,#14237,#14238);
#14240=IFCDIRECTION((0.,0.,-1.));
#14241=IFCEXTRUDEDAREASOLID(#14235,#14239,#14240,0.01);
#14243=IFCSHAPEREPRESENTATION(#11,'Body','SweptSolid',(#14518,#14529,#14221,#14210));
#14244=IFCSHAPEASPECT((#14243),'Lining',$,.T.,#14156);
#14245=IFCSHAPEREPRESENTATION(#11,'Body','SweptSolid',(#14540,#14232));
#14246=IFCSHAPEASPECT((#14245),'Framing',$,.T.,#14156);
#14247=IFCSHAPEREPRESENTATION(#11,'Body','SweptSolid',(#14549,#14241));
#14248=IFCSHAPEASPECT((#14247),'Glazing',$,.T.,#14156);
#14369=IFCCARTESIANPOINTLIST2D(((0.,0.),(0.80958253145217896,0.),(0.80958253145217896,0.89999997615814209),(0.,0.89999997615814209)));
#14370=IFCINDEXEDPOLYCURVE(#14369,(IFCLINEINDEX((1,2,3,4,1))),$);
#14371=IFCCARTESIANPOINTLIST2D(((0.02500000037252903,0.02500000037252903),(0.78458253107964993,0.02500000037252903),(0.78458253107964993,0.87499997578561306),(0.02500000037252903,0.87499997578561306)));
#14372=IFCINDEXEDPOLYCURVE(#14371,(IFCLINEINDEX((1,2,3,4,1))),$);
#14373=IFCARBITRARYPROFILEDEFWITHVOIDS(.AREA.,$,#14370,(#14372));
#14374=IFCCARTESIANPOINT((0.,0.090000001713633537,0.));
#14375=IFCDIRECTION((0.,-1.,0.));
#14376=IFCDIRECTION((1.,0.,0.));
#14377=IFCAXIS2PLACEMENT3D(#14374,#14375,#14376);
#14378=IFCDIRECTION((0.,0.,-1.));
#14379=IFCEXTRUDEDAREASOLID(#14373,#14377,#14378,0.0099999997764825821);
#14380=IFCCARTESIANPOINTLIST2D(((0.,0.),(0.80958253145217896,0.),(0.80958253145217896,0.89999997615814209),(0.,0.89999997615814209)));
#14381=IFCINDEXEDPOLYCURVE(#14380,(IFCLINEINDEX((1,2,3,4,1))),$);
#14382=IFCCARTESIANPOINTLIST2D(((0.05000000074505806,0.05000000074505806),(0.7595825307071209,0.05000000074505806),(0.7595825307071209,0.84999997541308403),(0.05000000074505806,0.84999997541308403)));
#14383=IFCINDEXEDPOLYCURVE(#14382,(IFCLINEINDEX((1,2,3,4,1))),$);
#14384=IFCARBITRARYPROFILEDEFWITHVOIDS(.AREA.,$,#14381,(#14383));
#14385=IFCCARTESIANPOINT((0.,0.05000000074505806,0.));
#14386=IFCDIRECTION((0.,-1.,0.));
#14387=IFCDIRECTION((1.,0.,0.));
#14388=IFCAXIS2PLACEMENT3D(#14385,#14386,#14387);
#14389=IFCDIRECTION((0.,0.,-1.));
#14390=IFCEXTRUDEDAREASOLID(#14384,#14388,#14389,0.040000000968575478);
#14391=IFCCARTESIANPOINTLIST2D(((0.,0.),(0.7595825307071209,0.),(0.7595825307071209,0.84999997541308403),(0.,0.84999997541308403)));
#14392=IFCINDEXEDPOLYCURVE(#14391,(IFCLINEINDEX((1,2,3,4,1))),$);
#14393=IFCCARTESIANPOINTLIST2D(((0.035000000149011612,0.035000000149011612),(0.72458253055810928,0.035000000149011612),(0.72458253055810928,0.81499997526407242),(0.035000000149011612,0.81499997526407242)));
#14394=IFCINDEXEDPOLYCURVE(#14393,(IFCLINEINDEX((1,2,3,4,1))),$);
#14395=IFCARBITRARYPROFILEDEFWITHVOIDS(.AREA.,$,#14392,(#14394));
#14396=IFCCARTESIANPOINT((0.02500000037252903,0.090000001713633537,0.02500000037252903));
#14397=IFCDIRECTION((0.,-1.,0.));
#14398=IFCDIRECTION((1.,0.,0.));
#14399=IFCAXIS2PLACEMENT3D(#14396,#14397,#14398);
#14400=IFCDIRECTION((0.,0.,-1.));
#14401=IFCEXTRUDEDAREASOLID(#14395,#14399,#14400,0.035000000149011612);
#14402=IFCINDEXEDPOLYCURVE(#14403,(IFCLINEINDEX((1,2,3,4,1))),$);
#14403=IFCCARTESIANPOINTLIST2D(((0.035000000149011612,0.035000000149011612),(0.72458253055810928,0.035000000149011612),(0.72458253055810928,0.81499997526407242),(0.035000000149011612,0.81499997526407242)));
#14404=IFCARBITRARYCLOSEDPROFILEDEF(.AREA.,$,#14402);
#14405=IFCCARTESIANPOINT((0.02500000037252903,0.10250000178813934,0.02500000037252903));
#14406=IFCDIRECTION((0.,-1.,0.));
#14407=IFCDIRECTION((1.,0.,0.));
#14408=IFCAXIS2PLACEMENT3D(#14405,#14406,#14407);
#14409=IFCDIRECTION((0.,0.,-1.));
#14410=IFCEXTRUDEDAREASOLID(#14404,#14408,#14409,0.01);
#14412=IFCSHAPEREPRESENTATION(#11,'Body','SweptSolid',(#14379,#14390));
#14413=IFCSHAPEASPECT((#14412),'Lining',$,.T.,#14092);
#14414=IFCSHAPEREPRESENTATION(#11,'Body','SweptSolid',(#14401));
#14415=IFCSHAPEASPECT((#14414),'Framing',$,.T.,#14092);
#14416=IFCSHAPEREPRESENTATION(#11,'Body','SweptSolid',(#14410));
#14417=IFCSHAPEASPECT((#14416),'Glazing',$,.T.,#14092);
#14505=IFCCARTESIANPOINTLIST3D(((0.,0.,0.),(0.80678337812423706,0.,0.),(0.80678337812423706,0.,0.89999997615814209),(0.,0.,0.89999997615814209)));
#14506=IFCINDEXEDPOLYCURVE(#14505,(IFCLINEINDEX((1,2,3,4,1))),$);
#14507=IFCSHAPEREPRESENTATION(#18,'Profile','Curve3D',(#14506));
#14508=IFCCARTESIANPOINTLIST2D(((0.,0.),(0.80678337812423706,0.),(0.80678337812423706,0.89999997615814209),(0.,0.89999997615814209)));
#14509=IFCINDEXEDPOLYCURVE(#14508,(IFCLINEINDEX((1,2,3,4,1))),$);
#14510=IFCCARTESIANPOINTLIST2D(((0.02500000037252903,0.02500000037252903),(0.78178337775170803,0.02500000037252903),(0.78178337775170803,0.87499997578561306),(0.02500000037252903,0.87499997578561306)));
#14511=IFCINDEXEDPOLYCURVE(#14510,(IFCLINEINDEX((1,2,3,4,1))),$);
#14512=IFCARBITRARYPROFILEDEFWITHVOIDS(.AREA.,$,#14509,(#14511));
#14513=IFCCARTESIANPOINT((0.,0.090000001713633537,0.));
#14514=IFCDIRECTION((0.,-1.,0.));
#14515=IFCDIRECTION((1.,0.,0.));
#14516=IFCAXIS2PLACEMENT3D(#14513,#14514,#14515);
#14517=IFCDIRECTION((0.,0.,-1.));
#14518=IFCEXTRUDEDAREASOLID(#14512,#14516,#14517,0.0099999997764825821);
#14519=IFCCARTESIANPOINTLIST2D(((0.,0.),(0.80678337812423706,0.),(0.80678337812423706,0.89999997615814209),(0.,0.89999997615814209)));
#14520=IFCINDEXEDPOLYCURVE(#14519,(IFCLINEINDEX((1,2,3,4,1))),$);
#14521=IFCCARTESIANPOINTLIST2D(((0.05000000074505806,0.05000000074505806),(0.756783377379179,0.05000000074505806),(0.756783377379179,0.84999997541308403),(0.05000000074505806,0.84999997541308403)));
#14522=IFCINDEXEDPOLYCURVE(#14521,(IFCLINEINDEX((1,2,3,4,1))),$);
#14523=IFCARBITRARYPROFILEDEFWITHVOIDS(.AREA.,$,#14520,(#14522));
#14524=IFCCARTESIANPOINT((0.,0.05000000074505806,0.));
#14525=IFCDIRECTION((0.,-1.,0.));
#14526=IFCDIRECTION((1.,0.,0.));
#14527=IFCAXIS2PLACEMENT3D(#14524,#14525,#14526);
#14528=IFCDIRECTION((0.,0.,-1.));
#14529=IFCEXTRUDEDAREASOLID(#14523,#14527,#14528,0.040000000968575478);
#14530=IFCCARTESIANPOINTLIST2D(((0.,0.),(0.756783377379179,0.),(0.756783377379179,0.84999997541308403),(0.,0.84999997541308403)));
#14531=IFCINDEXEDPOLYCURVE(#14530,(IFCLINEINDEX((1,2,3,4,1))),$);
#14532=IFCCARTESIANPOINTLIST2D(((0.035000000149011612,0.035000000149011612),(0.72178337723016739,0.035000000149011612),(0.72178337723016739,0.81499997526407242),(0.035000000149011612,0.81499997526407242)));
#14533=IFCINDEXEDPOLYCURVE(#14532,(IFCLINEINDEX((1,2,3,4,1))),$);
#14534=IFCARBITRARYPROFILEDEFWITHVOIDS(.AREA.,$,#14531,(#14533));
#14535=IFCCARTESIANPOINT((0.02500000037252903,0.090000001713633537,0.02500000037252903));
#14536=IFCDIRECTION((0.,-1.,0.));
#14537=IFCDIRECTION((1.,0.,0.));
#14538=IFCAXIS2PLACEMENT3D(#14535,#14536,#14537);
#14539=IFCDIRECTION((0.,0.,-1.));
#14540=IFCEXTRUDEDAREASOLID(#14534,#14538,#14539,0.035000000149011612);
#14541=IFCINDEXEDPOLYCURVE(#14542,(IFCLINEINDEX((1,2,3,4,1))),$);
#14542=IFCCARTESIANPOINTLIST2D(((0.035000000149011612,0.035000000149011612),(0.72178337723016739,0.035000000149011612),(0.72178337723016739,0.81499997526407242),(0.035000000149011612,0.81499997526407242)));
#14543=IFCARBITRARYCLOSEDPROFILEDEF(.AREA.,$,#14541);
#14544=IFCCARTESIANPOINT((0.02500000037252903,0.10250000178813934,0.02500000037252903));
#14545=IFCDIRECTION((0.,-1.,0.));
#14546=IFCDIRECTION((1.,0.,0.));
#14547=IFCAXIS2PLACEMENT3D(#14544,#14545,#14546);
#14548=IFCDIRECTION((0.,0.,-1.));
#14549=IFCEXTRUDEDAREASOLID(#14543,#14547,#14548,0.01);
#14550=IFCSHAPEREPRESENTATION(#11,'Body','SweptSolid',(#14518,#14529,#14540,#14549));
#14551=IFCCARTESIANPOINTLIST2D(((0.05000000074505806,0.05000000074505806),(0.756783377379179,0.05000000074505806)));
#14552=IFCINDEXEDPOLYCURVE(#14551,$,$);
#14553=IFCCARTESIANPOINTLIST2D(((0.,0.10000000149011612),(0.02500000037252903,0.10000000149011612),(0.02500000037252903,0.090000001713633537),(0.05000000074505806,0.090000001713633537),(0.05000000074505806,0.05000000074505806),(0.,0.05000000074505806)));
#14554=IFCINDEXEDPOLYCURVE(#14553,(IFCLINEINDEX((1,2,3,4,5,6,1))),$);
#14555=IFCCARTESIANPOINTLIST2D(((0.80678337812423706,0.10000000149011612),(0.78178337775170803,0.10000000149011612),(0.78178337775170803,0.090000001713633537),(0.756783377379179,0.090000001713633537),(0.756783377379179,0.05000000074505806),(0.80678337812423706,0.05000000074505806)));
#14556=IFCINDEXEDPOLYCURVE(#14555,(IFCLINEINDEX((1,2,3,4,5,6,1))),$);
#14557=IFCCARTESIANPOINTLIST2D(((0.02500000037252903,0.090000001713633537),(0.060000000521540642,0.090000001713633537),(0.060000000521540642,0.12500000186264515),(0.02500000037252903,0.12500000186264515)));
#14558=IFCINDEXEDPOLYCURVE(#14557,(IFCLINEINDEX((1,2,3,4,1))),$);
#14559=IFCINDEXEDPOLYCURVE(#14560,(IFCLINEINDEX((1,2,3,4,1))),$);
#14560=IFCCARTESIANPOINTLIST2D(((0.78178337775170803,0.090000001713633537),(0.74678337760269642,0.090000001713633537),(0.74678337760269642,0.12500000186264515),(0.78178337775170803,0.12500000186264515)));
#14561=IFCCARTESIANPOINTLIST2D(((0.060000000521540642,0.090000001713633537),(0.74678337760269642,0.090000001713633537)));
#14562=IFCINDEXEDPOLYCURVE(#14561,$,$);
#14563=IFCINDEXEDPOLYCURVE(#14564,$,$);
#14564=IFCCARTESIANPOINTLIST2D(((0.060000000521540642,0.12500000186264515),(0.74678337760269642,0.12500000186264515)));
#14565=IFCINDEXEDPOLYCURVE(#14566,$,$);
#14566=IFCCARTESIANPOINTLIST2D(((0.060000000521540642,0.10750000178813934),(0.74678337760269642,0.10750000178813934)));
#14567=IFCSHAPEREPRESENTATION(#24,'Body','Curve2D',(#14552,#14554,#14556,#14558,#14559,#14562,#14563,#14565));
#14568=IFCCARTESIANPOINTLIST2D(((0.,0.),(0.80678337812423706,0.),(0.80678337812423706,0.89999997615814209),(0.,0.89999997615814209)));
#14569=IFCINDEXEDPOLYCURVE(#14568,(IFCLINEINDEX((1,2,3,4,1))),$);
#14570=IFCARBITRARYCLOSEDPROFILEDEF(.AREA.,$,#14569);
#14571=IFCCARTESIANPOINT((0.,-0.60000002384185791,0.));
#14572=IFCDIRECTION((0.,-1.,0.));
#14573=IFCDIRECTION((1.,0.,0.));
#14574=IFCAXIS2PLACEMENT3D(#14571,#14572,#14573);
#14575=IFCDIRECTION((0.,0.,-1.));
#14576=IFCEXTRUDEDAREASOLID(#14570,#14574,#14575,1.2);
#14577=IFCSHAPEREPRESENTATION(#11,'Body','SweptSolid',(#14576));
#14583=IFCCARTESIANPOINT((3.5700014313154877,9.225653032629566E-07,1.));
#14584=IFCDIRECTION((0.,0.,1.));
#14585=IFCDIRECTION((0.99999999999999289,1.1920928244535129E-07,0.));
#14586=IFCAXIS2PLACEMENT3D(#14583,#14584,#14585);
#14587=IFCLOCALPLACEMENT(#9534,#14586);
#14588=IFCCARTESIANPOINT((4.4408920985006262E-16,-4.4408920985006262E-16,0.));
#14589=IFCDIRECTION((0.,0.,1.));
#14590=IFCDIRECTION((1.,0.,0.));
#14591=IFCAXIS2PLACEMENT3D(#14588,#14589,#14590);
#14592=IFCLOCALPLACEMENT(#14587,#14591);
#14598=IFCCARTESIANPOINT((6.1372824390822398,1.2055781333231153E-06,1.));
#14599=IFCDIRECTION((0.,0.,1.));
#14600=IFCDIRECTION((0.99999999999999289,1.1920928244535129E-07,0.));
#14601=IFCAXIS2PLACEMENT3D(#14598,#14599,#14600);
#14602=IFCLOCALPLACEMENT(#9534,#14601);
#14603=IFCCARTESIANPOINT((2.2204460492503131E-16,0.,0.));
#14604=IFCDIRECTION((0.,0.,1.));
#14605=IFCDIRECTION((1.,0.,0.));
#14606=IFCAXIS2PLACEMENT3D(#14603,#14604,#14605);
#14607=IFCLOCALPLACEMENT(#14602,#14606);
#14608=IFCWINDOWTYPE('1gF_4SRdr0RANiSDa3XXUT',$,'Bedroom-1-2F1',$,$,(#14609),(#14611,#14619,#14705),$,$,.WINDOW.,.SINGLE_PANEL.,$,$);
#14609=IFCPROPERTYSET('3VXrMPkgD4FfpCu98JzjGK',$,'BBIM_Window',$,(#14610));
#14610=IFCPROPERTYSINGLEVALUE('Data',$,IFCTEXT('{"window_type": "DOUBLE_PANEL_VERTICAL", "overall_height": 0.8999999761581421, "overall_width": 1.2237212657928467, "lining_properties": {"lining_depth": 0.05000000074505806, "lining_thickness": 0.05000000074505806, "lining_offset": 0.05000000074505806, "lining_to_panel_offset_x": 0.02500000037252903, "lining_to_panel_offset_y": 0.02500000037252903, "mullion_thickness": 0.05000000074505806, "first_mullion_offset": 0.6115314364433289}, "panel_properties": {"frame_depth": [0.03500000014901161, 0.03500000014901161, 0.03500000014901161], "frame_thickness": [0.03500000014901161, 0.03500000014901161, 0.03500000014901161]}}'),$);
#14611=IFCREPRESENTATIONMAP(#14612,#15108);
#14612=IFCAXIS2PLACEMENT3D(#14613,#14614,#14615);
#14613=IFCCARTESIANPOINT((0.,0.,0.));
#14614=IFCDIRECTION((0.,0.,1.));
#14615=IFCDIRECTION((1.,0.,0.));
#14619=IFCREPRESENTATIONMAP(#14620,#15189);
#14620=IFCAXIS2PLACEMENT3D(#14621,#14622,#14623);
#14621=IFCCARTESIANPOINT((0.,0.,0.));
#14622=IFCDIRECTION((0.,0.,1.));
#14623=IFCDIRECTION((1.,0.,0.));
#14705=IFCREPRESENTATIONMAP(#14706,#15228);
#14706=IFCAXIS2PLACEMENT3D(#14707,#14708,#14709);
#14707=IFCCARTESIANPOINT((0.,0.,0.));
#14708=IFCDIRECTION((0.,0.,1.));
#14709=IFCDIRECTION((1.,0.,0.));
#14743=IFCWINDOWTYPE('3y7fgRa8z61PAzg3vWUH4l',$,'Bedroom-1-2F2',$,$,(#14744),(#14746,#14754,#14802),$,$,.WINDOW.,.SINGLE_PANEL.,$,$);
#14744=IFCPROPERTYSET('1KOaMvvgP6nOi2uXUX4DD4',$,'BBIM_Window',$,(#14745));
#14745=IFCPROPERTYSINGLEVALUE('Data',$,IFCTEXT('{"window_type": "SINGLE_PANEL", "overall_height": 0.8999999761581421, "overall_width": 0.8004083037376404, "lining_properties": {"lining_depth": 0.05000000074505806, "lining_thickness": 0.05000000074505806, "lining_offset": 0.05000000074505806, "lining_to_panel_offset_x": 0.02500000037252903, "lining_to_panel_offset_y": 0.02500000037252903}, "panel_properties": {"frame_depth": [0.03500000014901161, 0.03500000014901161, 0.03500000014901161], "frame_thickness": [0.03500000014901161, 0.03500000014901161, 0.03500000014901161]}}'),$);
#14746=IFCREPRESENTATIONMAP(#14747,#14906);
#14747=IFCAXIS2PLACEMENT3D(#14748,#14749,#14750);
#14748=IFCCARTESIANPOINT((0.,0.,0.));
#14749=IFCDIRECTION((0.,0.,1.));
#14750=IFCDIRECTION((1.,0.,0.));
#14754=IFCREPRESENTATIONMAP(#14755,#14949);
#14755=IFCAXIS2PLACEMENT3D(#14756,#14757,#14758);
#14756=IFCCARTESIANPOINT((0.,0.,0.));
#14757=IFCDIRECTION((0.,0.,1.));
#14758=IFCDIRECTION((1.,0.,0.));
#14802=IFCREPRESENTATIONMAP(#14803,#14972);
#14803=IFCAXIS2PLACEMENT3D(#14804,#14805,#14806);
#14804=IFCCARTESIANPOINT((0.,0.,0.));
#14805=IFCDIRECTION((0.,0.,1.));
#14806=IFCDIRECTION((1.,0.,0.));
#14824=IFCWINDOW('1IvmmSBsnCZPX_BlAjDHKr',$,'Window',$,$,#14997,#14833,$,0.89999997615814209,0.80040830373764038,$,.SINGLE_PANEL.,$);
#14825=IFCRELDEFINESBYTYPE('154de1fUT1kwpkaIbT4Kl6',$,$,$,(#14824),#14743);
#14826=IFCCARTESIANPOINT((0.,0.,0.));
#14827=IFCDIRECTION((1.,0.,0.));
#14828=IFCDIRECTION((0.,1.,0.));
#14829=IFCDIRECTION((0.,0.,1.));
#14830=IFCCARTESIANTRANSFORMATIONOPERATOR3D(#14827,#14828,#14826,1.,#14829);
#14831=IFCMAPPEDITEM(#14746,#14830);
#14832=IFCSHAPEREPRESENTATION(#18,'Profile','MappedRepresentation',(#14831));
#14833=IFCPRODUCTDEFINITIONSHAPE($,$,(#14832,#14840,#14847));
#14834=IFCCARTESIANPOINT((0.,0.,0.));
#14835=IFCDIRECTION((1.,0.,0.));
#14836=IFCDIRECTION((0.,1.,0.));
#14837=IFCDIRECTION((0.,0.,1.));
#14838=IFCCARTESIANTRANSFORMATIONOPERATOR3D(#14835,#14836,#14834,1.,#14837);
#14839=IFCMAPPEDITEM(#14754,#14838);
#14840=IFCSHAPEREPRESENTATION(#11,'Body','MappedRepresentation',(#14839));
#14841=IFCCARTESIANPOINT((0.,0.,0.));
#14842=IFCDIRECTION((1.,0.,0.));
#14843=IFCDIRECTION((0.,1.,0.));
#14844=IFCDIRECTION((0.,0.,1.));
#14845=IFCCARTESIANTRANSFORMATIONOPERATOR3D(#14842,#14843,#14841,1.,#14844);
#14846=IFCMAPPEDITEM(#14802,#14845);
#14847=IFCSHAPEREPRESENTATION(#24,'Body','MappedRepresentation',(#14846));
#14848=IFCOPENINGELEMENT('2DORxN8kj46g8D8KGdW_hy',$,'Opening',$,$,#14992,#14876,$,.OPENING.);
#14864=IFCCARTESIANPOINT((0.,0.,0.));
#14865=IFCDIRECTION((1.,0.,0.));
#14866=IFCDIRECTION((0.,0.,1.));
#14867=IFCAXIS2PLACEMENT3D(#14864,#14866,#14865);
#14868=IFCREPRESENTATIONMAP(#14867,#14982);
#14869=IFCCARTESIANPOINT((0.,0.,0.));
#14870=IFCDIRECTION((1.,0.,0.));
#14871=IFCDIRECTION((0.,1.,0.));
#14872=IFCDIRECTION((0.,0.,1.));
#14873=IFCCARTESIANTRANSFORMATIONOPERATOR3D(#14870,#14871,#14869,1.,#14872);
#14874=IFCMAPPEDITEM(#14868,#14873);
#14875=IFCSHAPEREPRESENTATION(#11,'Body','MappedRepresentation',(#14874));
#14876=IFCPRODUCTDEFINITIONSHAPE($,$,(#14875));
#14877=IFCRELVOIDSELEMENT('3Ojs1g3zz0Tf7sxDhCn6kF',$,$,$,#9199,#14848);
#14883=IFCRELFILLSELEMENT('3WcMS4cdTCVvDopnIOUJMs',$,$,$,#14848,#14824);
#14904=IFCCARTESIANPOINTLIST3D(((0.,0.,0.),(0.80040830373764038,0.,0.),(0.80040830373764038,0.,0.89999997615814209),(0.,0.,0.89999997615814209)));
#14905=IFCINDEXEDPOLYCURVE(#14904,(IFCLINEINDEX((1,2,3,4,1))),$);
#14906=IFCSHAPEREPRESENTATION(#18,'Profile','Curve3D',(#14905));
#14907=IFCCARTESIANPOINTLIST2D(((0.,0.),(0.80040830373764038,0.),(0.80040830373764038,0.89999997615814209),(0.,0.89999997615814209)));
#14908=IFCINDEXEDPOLYCURVE(#14907,(IFCLINEINDEX((1,2,3,4,1))),$);
#14909=IFCCARTESIANPOINTLIST2D(((0.02500000037252903,0.02500000037252903),(0.77540830336511135,0.02500000037252903),(0.77540830336511135,0.87499997578561306),(0.02500000037252903,0.87499997578561306)));
#14910=IFCINDEXEDPOLYCURVE(#14909,(IFCLINEINDEX((1,2,3,4,1))),$);
#14911=IFCARBITRARYPROFILEDEFWITHVOIDS(.AREA.,$,#14908,(#14910));
#14912=IFCCARTESIANPOINT((0.,0.090000001713633537,0.));
#14913=IFCDIRECTION((0.,-1.,0.));
#14914=IFCDIRECTION((1.,0.,0.));
#14915=IFCAXIS2PLACEMENT3D(#14912,#14913,#14914);
#14916=IFCDIRECTION((0.,0.,-1.));
#14917=IFCEXTRUDEDAREASOLID(#14911,#14915,#14916,0.0099999997764825821);
#14918=IFCCARTESIANPOINTLIST2D(((0.,0.),(0.80040830373764038,0.),(0.80040830373764038,0.89999997615814209),(0.,0.89999997615814209)));
#14919=IFCINDEXEDPOLYCURVE(#14918,(IFCLINEINDEX((1,2,3,4,1))),$);
#14920=IFCCARTESIANPOINTLIST2D(((0.05000000074505806,0.05000000074505806),(0.75040830299258232,0.05000000074505806),(0.75040830299258232,0.84999997541308403),(0.05000000074505806,0.84999997541308403)));
#14921=IFCINDEXEDPOLYCURVE(#14920,(IFCLINEINDEX((1,2,3,4,1))),$);
#14922=IFCARBITRARYPROFILEDEFWITHVOIDS(.AREA.,$,#14919,(#14921));
#14923=IFCCARTESIANPOINT((0.,0.05000000074505806,0.));
#14924=IFCDIRECTION((0.,-1.,0.));
#14925=IFCDIRECTION((1.,0.,0.));
#14926=IFCAXIS2PLACEMENT3D(#14923,#14924,#14925);
#14927=IFCDIRECTION((0.,0.,-1.));
#14928=IFCEXTRUDEDAREASOLID(#14922,#14926,#14927,0.040000000968575478);
#14929=IFCCARTESIANPOINTLIST2D(((0.,0.),(0.75040830299258232,0.),(0.75040830299258232,0.84999997541308403),(0.,0.84999997541308403)));
#14930=IFCINDEXEDPOLYCURVE(#14929,(IFCLINEINDEX((1,2,3,4,1))),$);
#14931=IFCCARTESIANPOINTLIST2D(((0.035000000149011612,0.035000000149011612),(0.71540830284357071,0.035000000149011612),(0.71540830284357071,0.81499997526407242),(0.035000000149011612,0.81499997526407242)));
#14932=IFCINDEXEDPOLYCURVE(#14931,(IFCLINEINDEX((1,2,3,4,1))),$);
#14933=IFCARBITRARYPROFILEDEFWITHVOIDS(.AREA.,$,#14930,(#14932));
#14934=IFCCARTESIANPOINT((0.02500000037252903,0.090000001713633537,0.02500000037252903));
#14935=IFCDIRECTION((0.,-1.,0.));
#14936=IFCDIRECTION((1.,0.,0.));
#14937=IFCAXIS2PLACEMENT3D(#14934,#14935,#14936);
#14938=IFCDIRECTION((0.,0.,-1.));
#14939=IFCEXTRUDEDAREASOLID(#14933,#14937,#14938,0.035000000149011612);
#14940=IFCINDEXEDPOLYCURVE(#14941,(IFCLINEINDEX((1,2,3,4,1))),$);
#14941=IFCCARTESIANPOINTLIST2D(((0.035000000149011612,0.035000000149011612),(0.71540830284357071,0.035000000149011612),(0.71540830284357071,0.81499997526407242),(0.035000000149011612,0.81499997526407242)));
#14942=IFCARBITRARYCLOSEDPROFILEDEF(.AREA.,$,#14940);
#14943=IFCCARTESIANPOINT((0.02500000037252903,0.10250000178813934,0.02500000037252903));
#14944=IFCDIRECTION((0.,-1.,0.));
#14945=IFCDIRECTION((1.,0.,0.));
#14946=IFCAXIS2PLACEMENT3D(#14943,#14944,#14945);
#14947=IFCDIRECTION((0.,0.,-1.));
#14948=IFCEXTRUDEDAREASOLID(#14942,#14946,#14947,0.01);
#14949=IFCSHAPEREPRESENTATION(#11,'Body','SweptSolid',(#14917,#14928,#14939,#14948));
#14950=IFCSHAPEREPRESENTATION(#11,'Body','SweptSolid',(#14917,#14928));
#14951=IFCSHAPEASPECT((#14950),'Lining',$,.T.,#14833);
#14952=IFCSHAPEREPRESENTATION(#11,'Body','SweptSolid',(#14939));
#14953=IFCSHAPEASPECT((#14952),'Framing',$,.T.,#14833);
#14954=IFCSHAPEREPRESENTATION(#11,'Body','SweptSolid',(#14948));
#14955=IFCSHAPEASPECT((#14954),'Glazing',$,.T.,#14833);
#14956=IFCCARTESIANPOINTLIST2D(((0.05000000074505806,0.05000000074505806),(0.75040830299258232,0.05000000074505806)));
#14957=IFCINDEXEDPOLYCURVE(#14956,$,$);
#14958=IFCCARTESIANPOINTLIST2D(((0.,0.10000000149011612),(0.02500000037252903,0.10000000149011612),(0.02500000037252903,0.090000001713633537),(0.05000000074505806,0.090000001713633537),(0.05000000074505806,0.05000000074505806),(0.,0.05000000074505806)));
#14959=IFCINDEXEDPOLYCURVE(#14958,(IFCLINEINDEX((1,2,3,4,5,6,1))),$);
#14960=IFCCARTESIANPOINTLIST2D(((0.80040830373764038,0.10000000149011612),(0.77540830336511135,0.10000000149011612),(0.77540830336511135,0.090000001713633537),(0.75040830299258232,0.090000001713633537),(0.75040830299258232,0.05000000074505806),(0.80040830373764038,0.05000000074505806)));
#14961=IFCINDEXEDPOLYCURVE(#14960,(IFCLINEINDEX((1,2,3,4,5,6,1))),$);
#14962=IFCCARTESIANPOINTLIST2D(((0.02500000037252903,0.090000001713633537),(0.060000000521540642,0.090000001713633537),(0.060000000521540642,0.12500000186264515),(0.02500000037252903,0.12500000186264515)));
#14963=IFCINDEXEDPOLYCURVE(#14962,(IFCLINEINDEX((1,2,3,4,1))),$);
#14964=IFCINDEXEDPOLYCURVE(#14965,(IFCLINEINDEX((1,2,3,4,1))),$);
#14965=IFCCARTESIANPOINTLIST2D(((0.77540830336511135,0.090000001713633537),(0.74040830321609974,0.090000001713633537),(0.74040830321609974,0.12500000186264515),(0.77540830336511135,0.12500000186264515)));
#14966=IFCCARTESIANPOINTLIST2D(((0.060000000521540642,0.090000001713633537),(0.74040830321609974,0.090000001713633537)));
#14967=IFCINDEXEDPOLYCURVE(#14966,$,$);
#14968=IFCINDEXEDPOLYCURVE(#14969,$,$);
#14969=IFCCARTESIANPOINTLIST2D(((0.060000000521540642,0.12500000186264515),(0.74040830321609974,0.12500000186264515)));
#14970=IFCINDEXEDPOLYCURVE(#14971,$,$);
#14971=IFCCARTESIANPOINTLIST2D(((0.060000000521540642,0.10750000178813934),(0.74040830321609974,0.10750000178813934)));
#14972=IFCSHAPEREPRESENTATION(#24,'Body','Curve2D',(#14957,#14959,#14961,#14963,#14964,#14967,#14968,#14970));
#14973=IFCCARTESIANPOINTLIST2D(((0.,0.),(0.80040830373764038,0.),(0.80040830373764038,0.89999997615814209),(0.,0.89999997615814209)));
#14974=IFCINDEXEDPOLYCURVE(#14973,(IFCLINEINDEX((1,2,3,4,1))),$);
#14975=IFCARBITRARYCLOSEDPROFILEDEF(.AREA.,$,#14974);
#14976=IFCCARTESIANPOINT((0.,-0.60000002384185791,0.));
#14977=IFCDIRECTION((0.,-1.,0.));
#14978=IFCDIRECTION((1.,0.,0.));
#14979=IFCAXIS2PLACEMENT3D(#14976,#14977,#14978);
#14980=IFCDIRECTION((0.,0.,-1.));
#14981=IFCEXTRUDEDAREASOLID(#14975,#14979,#14980,1.2);
#14982=IFCSHAPEREPRESENTATION(#11,'Body','SweptSolid',(#14981));
#14988=IFCCARTESIANPOINT((1.5536301811628332,1.2112278424680767E-07,1.));
#14989=IFCDIRECTION((0.,0.,1.));
#14990=IFCDIRECTION((0.99999999999999289,1.1920928244535129E-07,0.));
#14991=IFCAXIS2PLACEMENT3D(#14988,#14989,#14990);
#14992=IFCLOCALPLACEMENT(#9534,#14991);
#14993=IFCCARTESIANPOINT((2.6645352591003757E-15,0.,0.));
#14994=IFCDIRECTION((0.,0.,1.));
#14995=IFCDIRECTION((1.,0.,0.));
#14996=IFCAXIS2PLACEMENT3D(#14993,#14994,#14995);
#14997=IFCLOCALPLACEMENT(#14992,#14996);
#15026=IFCWINDOW('3eJvvFYtv3qwxlhBvsczBO',$,'Window',$,$,#15253,#15035,$,0.89999997615814209,1.2237212657928467,$,.DOUBLE_PANEL_VERTICAL.,$);
#15027=IFCRELDEFINESBYTYPE('2tjycefVXCpQzAnrASr18h',$,$,$,(#15026),#14608);
#15028=IFCCARTESIANPOINT((0.,0.,0.));
#15029=IFCDIRECTION((1.,0.,0.));
#15030=IFCDIRECTION((0.,1.,0.));
#15031=IFCDIRECTION((0.,0.,1.));
#15032=IFCCARTESIANTRANSFORMATIONOPERATOR3D(#15029,#15030,#15028,1.,#15031);
#15033=IFCMAPPEDITEM(#14611,#15032);
#15034=IFCSHAPEREPRESENTATION(#18,'Profile','MappedRepresentation',(#15033));
#15035=IFCPRODUCTDEFINITIONSHAPE($,$,(#15034,#15042,#15049));
#15036=IFCCARTESIANPOINT((0.,0.,0.));
#15037=IFCDIRECTION((1.,0.,0.));
#15038=IFCDIRECTION((0.,1.,0.));
#15039=IFCDIRECTION((0.,0.,1.));
#15040=IFCCARTESIANTRANSFORMATIONOPERATOR3D(#15037,#15038,#15036,1.,#15039);
#15041=IFCMAPPEDITEM(#14619,#15040);
#15042=IFCSHAPEREPRESENTATION(#11,'Body','MappedRepresentation',(#15041));
#15043=IFCCARTESIANPOINT((0.,0.,0.));
#15044=IFCDIRECTION((1.,0.,0.));
#15045=IFCDIRECTION((0.,1.,0.));
#15046=IFCDIRECTION((0.,0.,1.));
#15047=IFCCARTESIANTRANSFORMATIONOPERATOR3D(#15044,#15045,#15043,1.,#15046);
#15048=IFCMAPPEDITEM(#14705,#15047);
#15049=IFCSHAPEREPRESENTATION(#24,'Body','MappedRepresentation',(#15048));
#15050=IFCOPENINGELEMENT('0eleCLyJTDh84HOHhX1H$U',$,'Opening',$,$,#15248,#15078,$,.OPENING.);
#15066=IFCCARTESIANPOINT((0.,0.,0.));
#15067=IFCDIRECTION((1.,0.,0.));
#15068=IFCDIRECTION((0.,0.,1.));
#15069=IFCAXIS2PLACEMENT3D(#15066,#15068,#15067);
#15070=IFCREPRESENTATIONMAP(#15069,#15238);
#15071=IFCCARTESIANPOINT((0.,0.,0.));
#15072=IFCDIRECTION((1.,0.,0.));
#15073=IFCDIRECTION((0.,1.,0.));
#15074=IFCDIRECTION((0.,0.,1.));
#15075=IFCCARTESIANTRANSFORMATIONOPERATOR3D(#15072,#15073,#15071,1.,#15074);
#15076=IFCMAPPEDITEM(#15070,#15075);
#15077=IFCSHAPEREPRESENTATION(#11,'Body','MappedRepresentation',(#15076));
#15078=IFCPRODUCTDEFINITIONSHAPE($,$,(#15077));
#15079=IFCRELVOIDSELEMENT('1ctmddgRfEew5SQwquzFor',$,$,$,#9174,#15050);
#15085=IFCRELFILLSELEMENT('0$ZpfydZjEkhig$HnfMbeV',$,$,$,#15050,#15026);
#15106=IFCCARTESIANPOINTLIST3D(((0.,0.,0.),(1.2237212657928467,0.,0.),(1.2237212657928467,0.,0.89999997615814209),(0.,0.,0.89999997615814209)));
#15107=IFCINDEXEDPOLYCURVE(#15106,(IFCLINEINDEX((1,2,3,4,1))),$);
#15108=IFCSHAPEREPRESENTATION(#18,'Profile','Curve3D',(#15107));
#15109=IFCCARTESIANPOINTLIST2D(((0.61153143644332886,0.),(0.,0.),(0.,0.89999997615814209),(0.61153143644332886,0.89999997615814209),(0.61153143644332886,0.87499997578561306),(0.02500000037252903,0.87499997578561306),(0.02500000037252903,0.02500000037252903),(0.61153143644332886,0.02500000037252903)));
#15110=IFCINDEXEDPOLYCURVE(#15109,(IFCLINEINDEX((1,2,3,4,5,6,7,8,1))),$);
#15111=IFCARBITRARYCLOSEDPROFILEDEF(.AREA.,$,#15110);
#15112=IFCCARTESIANPOINT((0.,0.090000001713633537,0.));
#15113=IFCDIRECTION((0.,-1.,0.));
#15114=IFCDIRECTION((1.,0.,0.));
#15115=IFCAXIS2PLACEMENT3D(#15112,#15113,#15114);
#15116=IFCDIRECTION((0.,0.,-1.));
#15117=IFCEXTRUDEDAREASOLID(#15111,#15115,#15116,0.0099999997764825821);
#15118=IFCCARTESIANPOINTLIST2D(((0.,0.),(0.61153143644332886,0.),(0.61153143644332886,0.89999997615814209),(0.,0.89999997615814209)));
#15119=IFCINDEXEDPOLYCURVE(#15118,(IFCLINEINDEX((1,2,3,4,1))),$);
#15120=IFCCARTESIANPOINTLIST2D(((0.05000000074505806,0.05000000074505806),(0.58653143607079983,0.05000000074505806),(0.58653143607079983,0.84999997541308403),(0.05000000074505806,0.84999997541308403)));
#15121=IFCINDEXEDPOLYCURVE(#15120,(IFCLINEINDEX((1,2,3,4,1))),$);
#15122=IFCARBITRARYPROFILEDEFWITHVOIDS(.AREA.,$,#15119,(#15121));
#15123=IFCCARTESIANPOINT((0.,0.05000000074505806,0.));
#15124=IFCDIRECTION((0.,-1.,0.));
#15125=IFCDIRECTION((1.,0.,0.));
#15126=IFCAXIS2PLACEMENT3D(#15123,#15124,#15125);
#15127=IFCDIRECTION((0.,0.,-1.));
#15128=IFCEXTRUDEDAREASOLID(#15122,#15126,#15127,0.040000000968575478);
#15129=IFCCARTESIANPOINTLIST2D(((0.,0.),(0.58653143607079983,0.),(0.58653143607079983,0.84999997541308403),(0.,0.84999997541308403)));
#15130=IFCINDEXEDPOLYCURVE(#15129,(IFCLINEINDEX((1,2,3,4,1))),$);
#15131=IFCCARTESIANPOINTLIST2D(((0.035000000149011612,0.035000000149011612),(0.55153143592178822,0.035000000149011612),(0.55153143592178822,0.81499997526407242),(0.035000000149011612,0.81499997526407242)));
#15132=IFCINDEXEDPOLYCURVE(#15131,(IFCLINEINDEX((1,2,3,4,1))),$);
#15133=IFCARBITRARYPROFILEDEFWITHVOIDS(.AREA.,$,#15130,(#15132));
#15134=IFCCARTESIANPOINT((0.02500000037252903,0.090000001713633537,0.02500000037252903));
#15135=IFCDIRECTION((0.,-1.,0.));
#15136=IFCDIRECTION((1.,0.,0.));
#15137=IFCAXIS2PLACEMENT3D(#15134,#15135,#15136);
#15138=IFCDIRECTION((0.,0.,-1.));
#15139=IFCEXTRUDEDAREASOLID(#15133,#15137,#15138,0.035000000149011612);
#15140=IFCINDEXEDPOLYCURVE(#15141,(IFCLINEINDEX((1,2,3,4,1))),$);
#15141=IFCCARTESIANPOINTLIST2D(((0.035000000149011612,0.035000000149011612),(0.55153143592178822,0.035000000149011612),(0.55153143592178822,0.81499997526407242),(0.035000000149011612,0.81499997526407242)));
#15142=IFCARBITRARYCLOSEDPROFILEDEF(.AREA.,$,#15140);
#15143=IFCCARTESIANPOINT((0.02500000037252903,0.10250000178813934,0.02500000037252903));
#15144=IFCDIRECTION((0.,-1.,0.));
#15145=IFCDIRECTION((1.,0.,0.));
#15146=IFCAXIS2PLACEMENT3D(#15143,#15144,#15145);
#15147=IFCDIRECTION((0.,0.,-1.));
#15148=IFCEXTRUDEDAREASOLID(#15142,#15146,#15147,0.01);
#15149=IFCCARTESIANPOINTLIST2D(((0.,0.89999997615814209),(0.61218982934951782,0.89999997615814209),(0.61218982934951782,0.),(0.,0.),(0.,0.02500000037252903),(0.58718982897698879,0.02500000037252903),(0.58718982897698879,0.87499997578561306),(0.,0.87499997578561306)));
#15150=IFCINDEXEDPOLYCURVE(#15149,(IFCLINEINDEX((1,2,3,4,5,6,7,8,1))),$);
#15151=IFCARBITRARYCLOSEDPROFILEDEF(.AREA.,$,#15150);
#15152=IFCCARTESIANPOINT((0.61153143644332886,0.090000001713633537,0.));
#15153=IFCDIRECTION((0.,-1.,0.));
#15154=IFCDIRECTION((1.,0.,0.));
#15155=IFCAXIS2PLACEMENT3D(#15152,#15153,#15154);
#15156=IFCDIRECTION((0.,0.,-1.));
#15157=IFCEXTRUDEDAREASOLID(#15151,#15155,#15156,0.0099999997764825821);
#15158=IFCCARTESIANPOINTLIST2D(((0.,0.),(0.61218982934951782,0.),(0.61218982934951782,0.89999997615814209),(0.,0.89999997615814209)));
#15159=IFCINDEXEDPOLYCURVE(#15158,(IFCLINEINDEX((1,2,3,4,1))),$);
#15160=IFCCARTESIANPOINTLIST2D(((0.02500000037252903,0.05000000074505806),(0.56218982860445976,0.05000000074505806),(0.56218982860445976,0.84999997541308403),(0.02500000037252903,0.84999997541308403)));
#15161=IFCINDEXEDPOLYCURVE(#15160,(IFCLINEINDEX((1,2,3,4,1))),$);
#15162=IFCARBITRARYPROFILEDEFWITHVOIDS(.AREA.,$,#15159,(#15161));
#15163=IFCCARTESIANPOINT((0.61153143644332886,0.05000000074505806,0.));
#15164=IFCDIRECTION((0.,-1.,0.));
#15165=IFCDIRECTION((1.,0.,0.));
#15166=IFCAXIS2PLACEMENT3D(#15163,#15164,#15165);
#15167=IFCDIRECTION((0.,0.,-1.));
#15168=IFCEXTRUDEDAREASOLID(#15162,#15166,#15167,0.040000000968575478);
#15169=IFCCARTESIANPOINTLIST2D(((0.,0.),(0.58718982897698879,0.),(0.58718982897698879,0.84999997541308403),(0.,0.84999997541308403)));
#15170=IFCINDEXEDPOLYCURVE(#15169,(IFCLINEINDEX((1,2,3,4,1))),$);
#15171=IFCCARTESIANPOINTLIST2D(((0.035000000149011612,0.035000000149011612),(0.55218982882797718,0.035000000149011612),(0.55218982882797718,0.81499997526407242),(0.035000000149011612,0.81499997526407242)));
#15172=IFCINDEXEDPOLYCURVE(#15171,(IFCLINEINDEX((1,2,3,4,1))),$);
#15173=IFCARBITRARYPROFILEDEFWITHVOIDS(.AREA.,$,#15170,(#15172));
#15174=IFCCARTESIANPOINT((0.61153143644332886,0.090000001713633537,0.02500000037252903));
#15175=IFCDIRECTION((0.,-1.,0.));
#15176=IFCDIRECTION((1.,0.,0.));
#15177=IFCAXIS2PLACEMENT3D(#15174,#15175,#15176);
#15178=IFCDIRECTION((0.,0.,-1.));
#15179=IFCEXTRUDEDAREASOLID(#15173,#15177,#15178,0.035000000149011612);
#15180=IFCINDEXEDPOLYCURVE(#15181,(IFCLINEINDEX((1,2,3,4,1))),$);
#15181=IFCCARTESIANPOINTLIST2D(((0.035000000149011612,0.035000000149011612),(0.55218982882797718,0.035000000149011612),(0.55218982882797718,0.81499997526407242),(0.035000000149011612,0.81499997526407242)));
#15182=IFCARBITRARYCLOSEDPROFILEDEF(.AREA.,$,#15180);
#15183=IFCCARTESIANPOINT((0.61153143644332886,0.10250000178813934,0.02500000037252903));
#15184=IFCDIRECTION((0.,-1.,0.));
#15185=IFCDIRECTION((1.,0.,0.));
#15186=IFCAXIS2PLACEMENT3D(#15183,#15184,#15185);
#15187=IFCDIRECTION((0.,0.,-1.));
#15188=IFCEXTRUDEDAREASOLID(#15182,#15186,#15187,0.01);
#15189=IFCSHAPEREPRESENTATION(#11,'Body','SweptSolid',(#15117,#15128,#15139,#15148,#15157,#15168,#15179,#15188));
#15190=IFCSHAPEREPRESENTATION(#11,'Body','SweptSolid',(#15117,#15128,#15157,#15168));
#15191=IFCSHAPEASPECT((#15190),'Lining',$,.T.,#15035);
#15192=IFCSHAPEREPRESENTATION(#11,'Body','SweptSolid',(#15139,#15179));
#15193=IFCSHAPEASPECT((#15192),'Framing',$,.T.,#15035);
#15194=IFCSHAPEREPRESENTATION(#11,'Body','SweptSolid',(#15148,#15188));
#15195=IFCSHAPEASPECT((#15194),'Glazing',$,.T.,#15035);
#15196=IFCCARTESIANPOINTLIST2D(((0.05000000074505806,0.05000000074505806),(0.58653143607079983,0.05000000074505806)));
#15197=IFCINDEXEDPOLYCURVE(#15196,$,$);
#15198=IFCCARTESIANPOINTLIST2D(((0.,0.10000000149011612),(0.02500000037252903,0.10000000149011612),(0.02500000037252903,0.090000001713633537),(0.05000000074505806,0.090000001713633537),(0.05000000074505806,0.05000000074505806),(0.,0.05000000074505806)));
#15199=IFCINDEXEDPOLYCURVE(#15198,(IFCLINEINDEX((1,2,3,4,5,6,1))),$);
#15200=IFCCARTESIANPOINTLIST2D(((0.61153143644332886,0.10000000149011612),(0.61153143644332886,0.10000000149011612),(0.61153143644332886,0.090000001713633537),(0.58653143607079983,0.090000001713633537),(0.58653143607079983,0.05000000074505806),(0.61153143644332886,0.05000000074505806)));
#15201=IFCINDEXEDPOLYCURVE(#15200,$,$);
#15202=IFCCARTESIANPOINTLIST2D(((0.02500000037252903,0.090000001713633537),(0.060000000521540642,0.090000001713633537),(0.060000000521540642,0.12500000186264515),(0.02500000037252903,0.12500000186264515)));
#15203=IFCINDEXEDPOLYCURVE(#15202,(IFCLINEINDEX((1,2,3,4,1))),$);
#15204=IFCINDEXEDPOLYCURVE(#15205,(IFCLINEINDEX((1,2,3,4,1))),$);
#15205=IFCCARTESIANPOINTLIST2D(((0.61153143644332886,0.090000001713633537),(0.57653143629431725,0.090000001713633537),(0.57653143629431725,0.12500000186264515),(0.61153143644332886,0.12500000186264515)));
#15206=IFCCARTESIANPOINTLIST2D(((0.060000000521540642,0.090000001713633537),(0.57653143629431725,0.090000001713633537)));
#15207=IFCINDEXEDPOLYCURVE(#15206,$,$);
#15208=IFCINDEXEDPOLYCURVE(#15209,$,$);
#15209=IFCCARTESIANPOINTLIST2D(((0.060000000521540642,0.12500000186264515),(0.57653143629431725,0.12500000186264515)));
#15210=IFCINDEXEDPOLYCURVE(#15211,$,$);
#15211=IFCCARTESIANPOINTLIST2D(((0.060000000521540642,0.10750000178813934),(0.57653143629431725,0.10750000178813934)));
#15212=IFCCARTESIANPOINTLIST2D(((0.63653143681585789,0.05000000074505806),(1.1737212650477886,0.05000000074505806)));
#15213=IFCINDEXEDPOLYCURVE(#15212,$,$);
#15214=IFCCARTESIANPOINTLIST2D(((0.61153143644332886,0.10000000149011612),(0.61153143644332886,0.10000000149011612),(0.61153143644332886,0.090000001713633537),(0.63653143681585789,0.090000001713633537),(0.63653143681585789,0.05000000074505806),(0.61153143644332886,0.05000000074505806)));
#15215=IFCINDEXEDPOLYCURVE(#15214,$,$);
#15216=IFCCARTESIANPOINTLIST2D(((1.2237212657928467,0.10000000149011612),(1.1987212654203176,0.10000000149011612),(1.1987212654203176,0.090000001713633537),(1.1737212650477886,0.090000001713633537),(1.1737212650477886,0.05000000074505806),(1.2237212657928467,0.05000000074505806)));
#15217=IFCINDEXEDPOLYCURVE(#15216,(IFCLINEINDEX((1,2,3,4,5,6,1))),$);
#15218=IFCCARTESIANPOINTLIST2D(((0.61153143644332886,0.090000001713633537),(0.64653143659234047,0.090000001713633537),(0.64653143659234047,0.12500000186264515),(0.61153143644332886,0.12500000186264515)));
#15219=IFCINDEXEDPOLYCURVE(#15218,(IFCLINEINDEX((1,2,3,4,1))),$);
#15220=IFCINDEXEDPOLYCURVE(#15221,(IFCLINEINDEX((1,2,3,4,1))),$);
#15221=IFCCARTESIANPOINTLIST2D(((1.1987212654203176,0.090000001713633537),(1.163721265271306,0.090000001713633537),(1.163721265271306,0.12500000186264515),(1.1987212654203176,0.12500000186264515)));
#15222=IFCCARTESIANPOINTLIST2D(((0.64653143659234047,0.090000001713633537),(1.163721265271306,0.090000001713633537)));
#15223=IFCINDEXEDPOLYCURVE(#15222,$,$);
#15224=IFCINDEXEDPOLYCURVE(#15225,$,$);
#15225=IFCCARTESIANPOINTLIST2D(((0.64653143659234047,0.12500000186264515),(1.163721265271306,0.12500000186264515)));
#15226=IFCINDEXEDPOLYCURVE(#15227,$,$);
#15227=IFCCARTESIANPOINTLIST2D(((0.64653143659234047,0.10750000178813934),(1.163721265271306,0.10750000178813934)));
#15228=IFCSHAPEREPRESENTATION(#24,'Body','Curve2D',(#15197,#15199,#15201,#15203,#15204,#15207,#15208,#15210,#15213,#15215,#15217,#15219,#15220,#15223,#15224,#15226));
#15229=IFCCARTESIANPOINTLIST2D(((0.,0.),(1.2237212657928467,0.),(1.2237212657928467,0.89999997615814209),(0.,0.89999997615814209)));
#15230=IFCINDEXEDPOLYCURVE(#15229,(IFCLINEINDEX((1,2,3,4,1))),$);
#15231=IFCARBITRARYCLOSEDPROFILEDEF(.AREA.,$,#15230);
#15232=IFCCARTESIANPOINT((0.,-0.60000002384185791,0.));
#15233=IFCDIRECTION((0.,-1.,0.));
#15234=IFCDIRECTION((1.,0.,0.));
#15235=IFCAXIS2PLACEMENT3D(#15232,#15233,#15234);
#15236=IFCDIRECTION((0.,0.,-1.));
#15237=IFCEXTRUDEDAREASOLID(#15231,#15235,#15236,1.2);
#15238=IFCSHAPEREPRESENTATION(#11,'Body','SweptSolid',(#15237));
#15244=IFCCARTESIANPOINT((0.43329460716117224,5.1471698636618157E-07,1.));
#15245=IFCDIRECTION((0.,0.,1.));
#15246=IFCDIRECTION((0.99999999999995448,-3.0199159084529453E-07,0.));
#15247=IFCAXIS2PLACEMENT3D(#15244,#15245,#15246);
#15248=IFCLOCALPLACEMENT(#9814,#15247);
#15249=IFCCARTESIANPOINT((2.7755575615628914E-17,0.,0.));
#15250=IFCDIRECTION((0.,0.,1.));
#15251=IFCDIRECTION((1.,-5.2939559203393771E-23,0.));
#15252=IFCAXIS2PLACEMENT3D(#15249,#15250,#15251);
#15253=IFCLOCALPLACEMENT(#15248,#15252);
#15410=IFCRELCONNECTSPATHELEMENTS('3sHP3f0KPAle6KVHD1j0_n',$,$,$,$,#9374,#9324,(),(),.ATEND.,.ATSTART.);
#15411=IFCCARTESIANPOINTLIST2D(((0.,0.),(0.12999998541690194,0.12999999523162842),(9.4884060646371911,0.12999999523162842),(9.6184060583185857,0.)));
#15412=IFCINDEXEDPOLYCURVE(#15411,(IFCLINEINDEX((1,2,3,4,1))),$);
#15413=IFCARBITRARYCLOSEDPROFILEDEF(.AREA.,$,#15412);
#15414=IFCCARTESIANPOINT((0.,0.,0.));
#15415=IFCDIRECTION((0.,0.,1.));
#15416=IFCDIRECTION((1.,0.,0.));
#15417=IFCAXIS2PLACEMENT3D(#15414,#15415,#15416);
#15418=IFCDIRECTION((0.,0.,1.));
#15419=IFCEXTRUDEDAREASOLID(#15413,#15417,#15418,3.);
#15420=IFCSHAPEREPRESENTATION(#11,'Body','SweptSolid',(#15419));
#15421=IFCCARTESIANPOINTLIST2D(((0.,0.),(9.6184060583185857,0.)));
#15422=IFCINDEXEDPOLYCURVE(#15421,$,$);
#15423=IFCSHAPEREPRESENTATION(#23,'Axis','Curve2D',(#15422));
#15424=IFCCARTESIANPOINT((4.2164863973865661,-3.1024434566497803,0.));
#15425=IFCDIRECTION((0.,0.,1.));
#15426=IFCDIRECTION((7.5497901264043123E-08,0.99999999999999722,0.));
#15427=IFCAXIS2PLACEMENT3D(#15424,#15425,#15426);
#15428=IFCLOCALPLACEMENT(#8668,#15427);
#15429=IFCCARTESIANPOINTLIST2D(((0.,0.),(0.13000001641131842,0.12999999523162842),(2.2499997438212511,0.12999999523162842),(2.3799997292381532,0.)));
#15430=IFCINDEXEDPOLYCURVE(#15429,(IFCLINEINDEX((1,2,3,4,1))),$);
#15431=IFCARBITRARYCLOSEDPROFILEDEF(.AREA.,$,#15430);
#15432=IFCCARTESIANPOINT((0.,0.,0.));
#15433=IFCDIRECTION((0.,0.,1.));
#15434=IFCDIRECTION((1.,0.,0.));
#15435=IFCAXIS2PLACEMENT3D(#15432,#15433,#15434);
#15436=IFCDIRECTION((0.,0.,1.));
#15437=IFCEXTRUDEDAREASOLID(#15431,#15435,#15436,3.);
#15438=IFCSHAPEREPRESENTATION(#11,'Body','SweptSolid',(#15437));
#15439=IFCCARTESIANPOINTLIST2D(((0.,0.),(2.3799997292381532,0.)));
#15440=IFCINDEXEDPOLYCURVE(#15439,$,$);
#15441=IFCSHAPEREPRESENTATION(#23,'Axis','Curve2D',(#15440));
#15442=IFCWALL('3QJhywLj50ohbIuuVFPqQh',$,'Wall',$,$,#15839,#15448,$,$);
#15443=IFCMATERIALLAYERSETUSAGE(#9024,.AXIS2.,.POSITIVE.,0.,$);
#15444=IFCRELASSOCIATESMATERIAL('2rhoFKRo5FFAC6rTZHwZvo',$,$,$,(#15442),#15443);
#15448=IFCPRODUCTDEFINITIONSHAPE($,$,(#15834,#15831));
#15464=IFCPROPERTYSET('3puU7rWNL8sBY29s$PMbEs',$,'EPset_Parametric',$,(#15466));
#15465=IFCRELDEFINESBYPROPERTIES('0nVVvMAODEfPkfKJVtzTo1',$,$,$,(#15442),#15464);
#15466=IFCPROPERTYSINGLEVALUE('Engine',$,IFCLABEL('Bonsai.DumbLayer2'),$);
#15467=IFCWALL('19C2FeHRzCTgI5Z$n42Cit',$,'Wall',$,$,#15757,#15473,$,$);
#15468=IFCMATERIALLAYERSETUSAGE(#9024,.AXIS2.,.POSITIVE.,0.,$);
#15469=IFCRELASSOCIATESMATERIAL('3_YQYtxdDEEPYZj_WqYCgH',$,$,$,(#15467),#15468);
#15473=IFCPRODUCTDEFINITIONSHAPE($,$,(#15807,#15804));
#15489=IFCPROPERTYSET('0MsVGbUcnAhAlFrxgBoHMK',$,'EPset_Parametric',$,(#15491));
#15490=IFCRELDEFINESBYPROPERTIES('1ZPomHl3L52gV_Q6llg6NL',$,$,$,(#15467),#15489);
#15491=IFCPROPERTYSINGLEVALUE('Engine',$,IFCLABEL('Bonsai.DumbLayer2'),$);
#15601=IFCRELCONNECTSPATHELEMENTS('1l72IqVv1D2QJobKSBVhQb',$,$,$,$,#11043,#15442,(),(),.ATPATH.,.ATEND.);
#15602=IFCCARTESIANPOINTLIST2D(((0.,-0.10000000149011612),(0.,0.),(6.9043330065787556,0.),(6.9042135631777874,-0.10000000149011612)));
#15603=IFCINDEXEDPOLYCURVE(#15602,(IFCLINEINDEX((1,2,3,4,1))),$);
#15604=IFCARBITRARYCLOSEDPROFILEDEF(.AREA.,$,#15603);
#15605=IFCCARTESIANPOINT((0.,0.,0.));
#15606=IFCDIRECTION((0.,0.,1.));
#15607=IFCDIRECTION((1.,0.,0.));
#15608=IFCAXIS2PLACEMENT3D(#15605,#15606,#15607);
#15609=IFCDIRECTION((0.,0.,1.));
#15610=IFCEXTRUDEDAREASOLID(#15604,#15608,#15609,3.);
#15611=IFCSHAPEREPRESENTATION(#11,'Body','SweptSolid',(#15610));
#15612=IFCCARTESIANPOINTLIST2D(((0.,0.),(7.0343330945440634,0.)));
#15613=IFCINDEXEDPOLYCURVE(#15612,$,$);
#15614=IFCSHAPEREPRESENTATION(#23,'Axis','Curve2D',(#15613));
#15739=IFCRELCONNECTSPATHELEMENTS('1yGMIlmhr0HeDJEHEg_jLc',$,$,$,$,#15467,#9274,(),(),.ATSTART.,.ATEND.);
#15753=IFCCARTESIANPOINT((0.22729899949758745,-1.6082152388435262,0.));
#15754=IFCDIRECTION((0.,0.,1.));
#15755=IFCDIRECTION((-0.0011935668334239673,-0.99999928769885338,0.));
#15756=IFCAXIS2PLACEMENT3D(#15753,#15754,#15755);
#15757=IFCLOCALPLACEMENT(#8668,#15756);
#15758=IFCCARTESIANPOINTLIST2D(((0.,0.),(0.1301552826554731,0.12999999523162842),(1.7398851807136697,0.12999999523162842),(1.6098851333079283,0.)));
#15759=IFCINDEXEDPOLYCURVE(#15758,(IFCLINEINDEX((1,2,3,4,1))),$);
#15760=IFCARBITRARYCLOSEDPROFILEDEF(.AREA.,$,#15759);
#15761=IFCCARTESIANPOINT((0.,0.,0.));
#15762=IFCDIRECTION((0.,0.,1.));
#15763=IFCDIRECTION((1.,0.,0.));
#15764=IFCAXIS2PLACEMENT3D(#15761,#15762,#15763);
#15765=IFCDIRECTION((0.,0.,1.));
#15766=IFCEXTRUDEDAREASOLID(#15760,#15764,#15765,3.);
#15767=IFCSHAPEREPRESENTATION(#11,'Body','SweptSolid',(#15766));
#15768=IFCCARTESIANPOINTLIST2D(((0.,0.),(1.6098851333079283,0.)));
#15769=IFCINDEXEDPOLYCURVE(#15768,$,$);
#15770=IFCSHAPEREPRESENTATION(#23,'Axis','Curve2D',(#15769));
#15771=IFCCARTESIANPOINT((0.22660168309835063,-2.1924438576441516,0.));
#15772=IFCDIRECTION((0.,0.,1.));
#15773=IFCDIRECTION((0.99999999999997158,2.3841857910155572E-07,0.));
#15774=IFCAXIS2PLACEMENT3D(#15771,#15772,#15773);
#15775=IFCLOCALPLACEMENT(#8668,#15774);
#15776=IFCCARTESIANPOINT((0.30061296324111653,1.7673476504498353E-07,0.));
#15777=IFCDIRECTION((0.,0.,1.));
#15778=IFCDIRECTION((0.99999999999997158,-2.3841857910155572E-07,0.));
#15779=IFCAXIS2PLACEMENT3D(#15776,#15777,#15778);
#15780=IFCLOCALPLACEMENT(#15775,#15779);
#15781=IFCRELCONNECTSPATHELEMENTS('2MZuVvBv9BtxpRVA$gRxpe',$,$,$,$,#15442,#15467,(),(),.ATSTART.,.ATEND.);
#15795=IFCCARTESIANPOINTLIST2D(((0.,0.),(-0.12999996991248144,0.12999999523162842),(0.45407375229216396,0.12999999523162842),(0.584229034947637,0.)));
#15796=IFCINDEXEDPOLYCURVE(#15795,(IFCLINEINDEX((1,2,3,4,1))),$);
#15797=IFCARBITRARYCLOSEDPROFILEDEF(.AREA.,$,#15796);
#15798=IFCCARTESIANPOINT((0.,0.,0.));
#15799=IFCDIRECTION((0.,0.,1.));
#15800=IFCDIRECTION((1.,0.,0.));
#15801=IFCAXIS2PLACEMENT3D(#15798,#15799,#15800);
#15802=IFCDIRECTION((0.,0.,1.));
#15803=IFCEXTRUDEDAREASOLID(#15797,#15801,#15802,3.);
#15804=IFCSHAPEREPRESENTATION(#11,'Body','SweptSolid',(#15803));
#15805=IFCCARTESIANPOINTLIST2D(((0.,0.),(0.584229034947637,0.)));
#15806=IFCINDEXEDPOLYCURVE(#15805,$,$);
#15807=IFCSHAPEREPRESENTATION(#23,'Axis','Curve2D',(#15806));
#15808=IFCRELCONNECTSPATHELEMENTS('3FU0OSYaH5KwuF0ZQDUIsd',$,$,$,$,#9199,#15442,(),(),.ATSTART.,.ATEND.);
#15809=IFCCARTESIANPOINTLIST2D(((0.,0.),(0.13000001641131748,0.12999999523162842),(7.0301552633837829,0.12999999523162842),(7.1600001523294585,0.)));
#15810=IFCINDEXEDPOLYCURVE(#15809,(IFCLINEINDEX((1,2,3,4,1))),$);
#15811=IFCARBITRARYCLOSEDPROFILEDEF(.AREA.,$,#15810);
#15812=IFCCARTESIANPOINT((0.,0.,0.));
#15813=IFCDIRECTION((0.,0.,1.));
#15814=IFCDIRECTION((1.,0.,0.));
#15815=IFCAXIS2PLACEMENT3D(#15812,#15813,#15814);
#15816=IFCDIRECTION((0.,0.,1.));
#15817=IFCEXTRUDEDAREASOLID(#15811,#15815,#15816,3.);
#15818=IFCSHAPEREPRESENTATION(#11,'Body','SweptSolid',(#15817));
#15819=IFCCARTESIANPOINTLIST2D(((0.,0.),(7.1600001523294585,0.)));
#15820=IFCINDEXEDPOLYCURVE(#15819,$,$);
#15821=IFCSHAPEREPRESENTATION(#23,'Axis','Curve2D',(#15820));
#15822=IFCCARTESIANPOINTLIST2D(((0.,0.),(0.12984488894567606,0.12999999523162842),(3.6298236104991295,0.12999999523162842),(3.4998236405866483,0.)));
#15823=IFCINDEXEDPOLYCURVE(#15822,(IFCLINEINDEX((1,2,3,4,1))),$);
#15824=IFCARBITRARYCLOSEDPROFILEDEF(.AREA.,$,#15823);
#15825=IFCCARTESIANPOINT((0.,0.,0.));
#15826=IFCDIRECTION((0.,0.,1.));
#15827=IFCDIRECTION((1.,0.,0.));
#15828=IFCAXIS2PLACEMENT3D(#15825,#15826,#15827);
#15829=IFCDIRECTION((0.,0.,1.));
#15830=IFCEXTRUDEDAREASOLID(#15824,#15828,#15829,3.);
#15831=IFCSHAPEREPRESENTATION(#11,'Body','SweptSolid',(#15830));
#15832=IFCCARTESIANPOINTLIST2D(((0.,0.),(3.4998236405866483,0.)));
#15833=IFCINDEXEDPOLYCURVE(#15832,$,$);
#15834=IFCSHAPEREPRESENTATION(#23,'Axis','Curve2D',(#15833));
#15835=IFCCARTESIANPOINT((-3.2725221473470261,-1.6040372837886896,0.));
#15836=IFCDIRECTION((0.,0.,1.));
#15837=IFCDIRECTION((0.99999928746637223,-0.0011937615959804319,0.));
#15838=IFCAXIS2PLACEMENT3D(#15835,#15836,#15837);
#15839=IFCLOCALPLACEMENT(#8668,#15838);
#15840=IFCDOORTYPE('1_DNF3GwLA1QN7xzbpXTjw',$,'Masters-Bedroom-2F2',$,$,(#15841),(#15843,#15851,#15920,#15932),$,$,.DOOR.,.SINGLE_SWING_LEFT.,$,$);
#15841=IFCPROPERTYSET('15on1l80bDNAaSUJZdw_wo',$,'BBIM_Door',$,(#15842));
#15842=IFCPROPERTYSINGLEVALUE('Data',$,IFCTEXT('{"door_type": "SLIDING_TO_LEFT", "overall_height": 2.0, "overall_width": 2.0021800994873047, "lining_properties": {"lining_depth": 0.05000000074505806, "lining_thickness": 0.05000000074505806, "lining_offset": 0.0, "transom_thickness": 0.0, "casing_thickness": 0.07500000298023224, "casing_depth": 0.004999999888241291, "threshold_thickness": 0.02500000037252903, "threshold_depth": 0.10000000149011612, "threshold_offset": 0.0}, "panel_properties": {"panel_depth": 0.03500000014901161, "panel_width_ratio": 1.0}}'),$);
#15843=IFCREPRESENTATIONMAP(#15844,#16046);
#15844=IFCAXIS2PLACEMENT3D(#15845,#15846,#15847);
#15845=IFCCARTESIANPOINT((0.,0.,0.));
#15846=IFCDIRECTION((0.,0.,1.));
#15847=IFCDIRECTION((1.,0.,0.));
#15851=IFCREPRESENTATIONMAP(#15852,#16110);
#15852=IFCAXIS2PLACEMENT3D(#15853,#15854,#15855);
#15853=IFCCARTESIANPOINT((0.,0.,0.));
#15854=IFCDIRECTION((0.,0.,1.));
#15855=IFCDIRECTION((1.,0.,0.));
#15920=IFCREPRESENTATIONMAP(#15921,#16121);
#15921=IFCAXIS2PLACEMENT3D(#15922,#15923,#15924);
#15922=IFCCARTESIANPOINT((0.,0.,0.));
#15923=IFCDIRECTION((0.,0.,1.));
#15924=IFCDIRECTION((1.,0.,0.));
#15932=IFCREPRESENTATIONMAP(#15933,#16126);
#15933=IFCAXIS2PLACEMENT3D(#15934,#15935,#15936);
#15934=IFCCARTESIANPOINT((0.,0.,0.));
#15935=IFCDIRECTION((0.,0.,1.));
#15936=IFCDIRECTION((1.,0.,0.));
#15942=IFCDOOR('3Dkt9c1n975QouWRa8Cr$b',$,'Door',$,$,#16151,#15951,$,2.,2.0021800994873047,$,.SLIDING_TO_LEFT.,$);
#15943=IFCRELDEFINESBYTYPE('2tK$p93DH65v3QfJFk4Zxu',$,$,$,(#15942),#15840);
#15944=IFCCARTESIANPOINT((0.,0.,0.));
#15945=IFCDIRECTION((1.,0.,0.));
#15946=IFCDIRECTION((0.,1.,0.));
#15947=IFCDIRECTION((0.,0.,1.));
#15948=IFCCARTESIANTRANSFORMATIONOPERATOR3D(#15945,#15946,#15944,1.,#15947);
#15949=IFCMAPPEDITEM(#15843,#15948);
#15950=IFCSHAPEREPRESENTATION(#18,'Profile','MappedRepresentation',(#15949));
#15951=IFCPRODUCTDEFINITIONSHAPE($,$,(#15950,#15958,#15965,#15972));
#15952=IFCCARTESIANPOINT((0.,0.,0.));
#15953=IFCDIRECTION((1.,0.,0.));
#15954=IFCDIRECTION((0.,1.,0.));
#15955=IFCDIRECTION((0.,0.,1.));
#15956=IFCCARTESIANTRANSFORMATIONOPERATOR3D(#15953,#15954,#15952,1.,#15955);
#15957=IFCMAPPEDITEM(#15851,#15956);
#15958=IFCSHAPEREPRESENTATION(#11,'Body','MappedRepresentation',(#15957));
#15959=IFCCARTESIANPOINT((0.,0.,0.));
#15960=IFCDIRECTION((1.,0.,0.));
#15961=IFCDIRECTION((0.,1.,0.));
#15962=IFCDIRECTION((0.,0.,1.));
#15963=IFCCARTESIANTRANSFORMATIONOPERATOR3D(#15960,#15961,#15959,1.,#15962);
#15964=IFCMAPPEDITEM(#15920,#15963);
#15965=IFCSHAPEREPRESENTATION(#24,'Body','MappedRepresentation',(#15964));
#15966=IFCCARTESIANPOINT((0.,0.,0.));
#15967=IFCDIRECTION((1.,0.,0.));
#15968=IFCDIRECTION((0.,1.,0.));
#15969=IFCDIRECTION((0.,0.,1.));
#15970=IFCCARTESIANTRANSFORMATIONOPERATOR3D(#15967,#15968,#15966,1.,#15969);
#15971=IFCMAPPEDITEM(#15932,#15970);
#15972=IFCSHAPEREPRESENTATION(#25,'Annotation','MappedRepresentation',(#15971));
#15973=IFCOPENINGELEMENT('1a7FIbGUz3xgV2cKZmVEFJ',$,'Opening',$,$,#16146,#16001,$,.OPENING.);
#15989=IFCCARTESIANPOINT((0.,0.,0.));
#15990=IFCDIRECTION((1.,0.,0.));
#15991=IFCDIRECTION((0.,0.,1.));
#15992=IFCAXIS2PLACEMENT3D(#15989,#15991,#15990);
#15993=IFCREPRESENTATIONMAP(#15992,#16136);
#15994=IFCCARTESIANPOINT((0.,0.,0.));
#15995=IFCDIRECTION((1.,0.,0.));
#15996=IFCDIRECTION((0.,1.,0.));
#15997=IFCDIRECTION((0.,0.,1.));
#15998=IFCCARTESIANTRANSFORMATIONOPERATOR3D(#15995,#15996,#15994,1.,#15997);
#15999=IFCMAPPEDITEM(#15993,#15998);
#16000=IFCSHAPEREPRESENTATION(#11,'Body','MappedRepresentation',(#15999));
#16001=IFCPRODUCTDEFINITIONSHAPE($,$,(#16000));
#16002=IFCRELVOIDSELEMENT('0lG5MpuyH0hBgwjPEZo4p$',$,$,$,#15442,#15973);
#16008=IFCRELFILLSELEMENT('2uPpqH4nr5CfuZck16pHGg',$,$,$,#15973,#15942);
#16044=IFCCARTESIANPOINTLIST3D(((0.,0.,0.),(2.0021800994873047,0.,0.),(2.0021800994873047,0.,2.),(0.,0.,2.)));
#16045=IFCINDEXEDPOLYCURVE(#16044,(IFCLINEINDEX((1,2,3,4,1))),$);
#16046=IFCSHAPEREPRESENTATION(#18,'Profile','Curve3D',(#16045));
#16047=IFCCARTESIANPOINTLIST2D(((0.,0.),(0.,2.),(2.0021800994873047,2.),(2.0021800994873047,0.),(1.9521800987422466,0.),(1.9521800987422466,1.9499999992549419),(0.05000000074505806,1.9499999992549419),(0.05000000074505806,0.)));
#16048=IFCINDEXEDPOLYCURVE(#16047,(IFCLINEINDEX((1,2,3,4,5,6,7,8,1))),$);
#16049=IFCARBITRARYCLOSEDPROFILEDEF(.AREA.,$,#16048);
#16050=IFCCARTESIANPOINT((0.,0.,0.));
#16051=IFCDIRECTION((0.,-1.,0.));
#16052=IFCDIRECTION((1.,0.,0.));
#16053=IFCAXIS2PLACEMENT3D(#16050,#16051,#16052);
#16054=IFCDIRECTION((0.,0.,-1.));
#16055=IFCEXTRUDEDAREASOLID(#16049,#16053,#16054,0.05000000074505806);
#16056=IFCCARTESIANPOINTLIST2D(((0.,0.),(1.9021800979971886,0.),(1.9021800979971886,0.10000000149011612),(0.,0.10000000149011612)));
#16057=IFCINDEXEDPOLYCURVE(#16056,(IFCLINEINDEX((1,2,3,4,1))),$);
#16058=IFCARBITRARYCLOSEDPROFILEDEF(.AREA.,$,#16057);
#16059=IFCCARTESIANPOINT((0.05000000074505806,0.,0.));
#16060=IFCDIRECTION((0.,0.,1.));
#16061=IFCDIRECTION((1.,0.,0.));
#16062=IFCAXIS2PLACEMENT3D(#16059,#16060,#16061);
#16063=IFCDIRECTION((0.,0.,1.));
#16064=IFCEXTRUDEDAREASOLID(#16058,#16062,#16063,0.02500000037252903);
#16065=IFCCARTESIANPOINTLIST2D(((0.,0.),(0.,2.0250000022351742),(2.052180103957653,2.0250000022351742),(2.052180103957653,0.),(1.9771801009774208,0.),(1.9771801009774208,1.9499999992549419),(0.075000002980232239,1.9499999992549419),(0.075000002980232239,0.)));
#16066=IFCINDEXEDPOLYCURVE(#16065,(IFCLINEINDEX((1,2,3,4,5,6,7,8,1))),$);
#16067=IFCARBITRARYCLOSEDPROFILEDEF(.AREA.,$,#16066);
#16068=IFCCARTESIANPOINT((-0.025000002235174179,-0.004999999888241291,0.));
#16069=IFCDIRECTION((0.,-1.,0.));
#16070=IFCDIRECTION((1.,0.,0.));
#16071=IFCAXIS2PLACEMENT3D(#16068,#16069,#16070);
#16072=IFCDIRECTION((0.,0.,-1.));
#16073=IFCEXTRUDEDAREASOLID(#16067,#16071,#16072,0.004999999888241291);
#16074=IFCCARTESIANPOINTLIST2D(((0.,0.),(0.,2.0250000022351742),(2.052180103957653,2.0250000022351742),(2.052180103957653,0.),(1.9771801009774208,0.),(1.9771801009774208,1.9499999992549419),(0.075000002980232239,1.9499999992549419),(0.075000002980232239,0.)));
#16075=IFCINDEXEDPOLYCURVE(#16074,(IFCLINEINDEX((1,2,3,4,5,6,7,8,1))),$);
#16076=IFCARBITRARYCLOSEDPROFILEDEF(.AREA.,$,#16075);
#16077=IFCCARTESIANPOINT((-0.025000002235174179,0.05000000074505806,0.));
#16078=IFCDIRECTION((0.,-1.,0.));
#16079=IFCDIRECTION((1.,0.,0.));
#16080=IFCAXIS2PLACEMENT3D(#16077,#16078,#16079);
#16081=IFCDIRECTION((0.,0.,-1.));
#16082=IFCEXTRUDEDAREASOLID(#16076,#16080,#16081,0.004999999888241291);
#16083=IFCCARTESIANPOINTLIST2D(((0.,0.),(1.9021800979971886,0.),(1.9021800979971886,0.035000000149011612),(0.,0.035000000149011612)));
#16084=IFCINDEXEDPOLYCURVE(#16083,(IFCLINEINDEX((1,2,3,4,1))),$);
#16085=IFCARBITRARYCLOSEDPROFILEDEF(.AREA.,$,#16084);
#16086=IFCCARTESIANPOINT((0.05000000074505806,-0.035000000149011612,0.02500000037252903));
#16087=IFCDIRECTION((0.,0.,1.));
#16088=IFCDIRECTION((1.,0.,0.));
#16089=IFCAXIS2PLACEMENT3D(#16086,#16087,#16088);
#16090=IFCDIRECTION((0.,0.,1.));
#16091=IFCEXTRUDEDAREASOLID(#16085,#16089,#16090,1.9249999988824129);
#16092=IFCCARTESIANPOINTLIST2D(((0.,0.),(0.,-0.040000000000000008),(-0.11999999999999988,-0.040000000000000008),(-0.11999999999999988,-0.020000000000000004),(-0.020000000000000018,-0.020000000000000004),(-0.020000000000000018,0.)));
#16093=IFCINDEXEDPOLYCURVE(#16092,(IFCLINEINDEX((1,2,3,4,5,6,1))),$);
#16094=IFCARBITRARYCLOSEDPROFILEDEF(.AREA.,$,#16093);
#16095=IFCCARTESIANPOINT((1.9021800987422466,-0.035000000149011612,1.015000000372529));
#16096=IFCDIRECTION((0.,0.,1.));
#16097=IFCDIRECTION((1.,0.,0.));
#16098=IFCAXIS2PLACEMENT3D(#16095,#16096,#16097);
#16099=IFCDIRECTION((0.,0.,1.));
#16100=IFCEXTRUDEDAREASOLID(#16094,#16098,#16099,0.02);
#16101=IFCEXTRUDEDAREASOLID(#16102,#16105,#16109,0.02);
#16102=IFCARBITRARYCLOSEDPROFILEDEF(.AREA.,$,#16103);
#16103=IFCINDEXEDPOLYCURVE(#16104,(IFCLINEINDEX((1,2,3,4,5,6,1))),$);
#16104=IFCCARTESIANPOINTLIST2D(((0.,0.),(0.,0.040000000000000008),(-0.11999999999999988,0.040000000000000008),(-0.11999999999999988,0.020000000000000004),(-0.020000000000000018,0.020000000000000004),(-0.020000000000000018,0.)));
#16105=IFCAXIS2PLACEMENT3D(#16106,#16107,#16108);
#16106=IFCCARTESIANPOINT((1.9021800987422466,0.,1.015000000372529));
#16107=IFCDIRECTION((0.,0.,1.));
#16108=IFCDIRECTION((1.,0.,0.));
#16109=IFCDIRECTION((0.,0.,1.));
#16110=IFCSHAPEREPRESENTATION(#11,'Body','SweptSolid',(#16055,#16091,#16100,#16101,#16064,#16073,#16082));
#16111=IFCSHAPEREPRESENTATION(#11,'Body','SweptSolid',(#16055,#16064,#16073,#16082));
#16112=IFCSHAPEASPECT((#16111),'Lining',$,.T.,#15951);
#16113=IFCSHAPEREPRESENTATION(#11,'Body','SweptSolid',(#16091,#16100,#16101));
#16114=IFCSHAPEASPECT((#16113),'Framing',$,.T.,#15951);
#16115=IFCCARTESIANPOINTLIST2D(((0.,0.),(0.05000000074505806,0.),(0.05000000074505806,0.05000000074505806),(0.,0.05000000074505806)));
#16116=IFCINDEXEDPOLYCURVE(#16115,(IFCLINEINDEX((1,2,3,4,1))),$);
#16117=IFCINDEXEDPOLYCURVE(#16118,(IFCLINEINDEX((1,2,3,4,1))),$);
#16118=IFCCARTESIANPOINTLIST2D(((2.0021800994873047,0.),(1.9521800987422466,0.),(1.9521800987422466,0.05000000074505806),(2.0021800994873047,0.05000000074505806)));
#16119=IFCCARTESIANPOINTLIST2D(((-0.90109004825353622,-0.035000000149011612),(1.0010900497436523,-0.035000000149011612),(1.0010900497436523,0.),(-0.90109004825353622,0.)));
#16120=IFCINDEXEDPOLYCURVE(#16119,(IFCLINEINDEX((1,2,3,4,1))),$);
#16121=IFCSHAPEREPRESENTATION(#24,'Body','Curve2D',(#16116,#16117,#16120));
#16122=IFCCARTESIANPOINTLIST2D(((0.71576303504407401,-0.081587428267465345),(1.2864170644432307,-0.081587428267465345)));
#16123=IFCINDEXEDPOLYCURVE(#16122,$,$);
#16124=IFCCARTESIANPOINTLIST2D(((0.74576303504407404,-0.050529142855162856),(0.71576303504407401,-0.081587428267465345),(0.74576303504407404,-0.11264571367976783)));
#16125=IFCINDEXEDPOLYCURVE(#16124,$,$);
#16126=IFCSHAPEREPRESENTATION(#25,'Annotation','Curve2D',(#16123,#16125));
#16127=IFCCARTESIANPOINTLIST2D(((0.,0.),(2.0021800994873047,0.),(2.0021800994873047,2.),(0.,2.)));
#16128=IFCINDEXEDPOLYCURVE(#16127,(IFCLINEINDEX((1,2,3,4,1))),$);
#16129=IFCARBITRARYCLOSEDPROFILEDEF(.AREA.,$,#16128);
#16130=IFCCARTESIANPOINT((0.,-0.60000002384185791,0.));
#16131=IFCDIRECTION((0.,-1.,0.));
#16132=IFCDIRECTION((1.,0.,0.));
#16133=IFCAXIS2PLACEMENT3D(#16130,#16131,#16132);
#16134=IFCDIRECTION((0.,0.,-1.));
#16135=IFCEXTRUDEDAREASOLID(#16129,#16133,#16134,1.2);
#16136=IFCSHAPEREPRESENTATION(#11,'Body','SweptSolid',(#16135));
#16142=IFCCARTESIANPOINT((1.3920704132706607,0.055001081261178975,0.));
#16143=IFCDIRECTION((0.,0.,1.));
#16144=IFCDIRECTION((0.99999999999988631,-4.7683681946714129E-07,0.));
#16145=IFCAXIS2PLACEMENT3D(#16142,#16143,#16144);
#16146=IFCLOCALPLACEMENT(#15839,#16145);
#16147=IFCCARTESIANPOINT((2.2204460492503131E-16,6.6613381477509392E-16,0.));
#16148=IFCDIRECTION((0.,0.,1.));
#16149=IFCDIRECTION((1.,2.1684043449710089E-19,0.));
#16150=IFCAXIS2PLACEMENT3D(#16147,#16148,#16149);
#16151=IFCLOCALPLACEMENT(#16146,#16150);
#16152=IFCSLAB('3mrp90Xgn7yw5VC6YpMLMe',$,'Slab',$,$,#16160,#16167,$,$);
#16153=IFCRELCONTAINEDINSPATIALSTRUCTURE('04VoPlVsL6qQQi0GmARcME',$,$,$,(#16197,#16152),#8830);
#16154=IFCMATERIALLAYERSETUSAGE(#2263,.AXIS3.,.POSITIVE.,-0.10000000149011612,$);
#16155=IFCRELASSOCIATESMATERIAL('3hnhmLE15EZgc7e6V1NH_u',$,$,$,(#16152),#16154);
#16156=IFCCARTESIANPOINT((4.2164883613586426,6.5159626007080078,0.));
#16157=IFCDIRECTION((0.,0.,1.));
#16158=IFCDIRECTION((1.,0.,0.));
#16159=IFCAXIS2PLACEMENT3D(#16156,#16157,#16158);
#16160=IFCLOCALPLACEMENT(#11122,#16159);
#16161=IFCCARTESIANPOINTLIST2D(((0.,0.),(-3.9890115261077881,4.76837158203125E-07),(-3.989011287689209,-0.96000003814697266),(-7.4890108108520508,-0.95999956130981445),(-7.4890108108520508,-8.119999885559082),(-3.9891893863677979,-8.1241779327392578),(-3.9898867607116699,-8.7084064483642578),(-2.3800015449523926,-8.7084064483642578),(-2.3800015449523926,-9.6184062957763672),(-1.9073486328125E-06,-9.6184062957763672),(0.,0.)));
#16162=IFCINDEXEDPOLYCURVE(#16161,$,$);
#16163=IFCDIRECTION((0.,0.,1.));
#16164=IFCARBITRARYCLOSEDPROFILEDEF(.AREA.,$,#16162);
#16165=IFCEXTRUDEDAREASOLID(#16164,#16174,#16163,0.10000000000000001);
#16166=IFCSHAPEREPRESENTATION(#11,'Body','SweptSolid',(#16165));
#16167=IFCPRODUCTDEFINITIONSHAPE($,$,(#16166));
#16168=IFCPROPERTYSET('1om22Kw3X9EuZVClbwZJhi',$,'EPset_Parametric',$,(#16170));
#16169=IFCRELDEFINESBYPROPERTIES('2Uw0iyplTA8ea$9lGCibds',$,$,$,(#16152),#16168);
#16170=IFCPROPERTYSINGLEVALUE('Engine',$,IFCLABEL('Bonsai.DumbLayer3'),$);
#16171=IFCCARTESIANPOINT((-0.,-0.,-0.10000000149011612));
#16172=IFCDIRECTION((0.,0.,1.));
#16173=IFCDIRECTION((1.,0.,0.));
#16174=IFCAXIS2PLACEMENT3D(#16171,#16172,#16173);
#16197=IFCROOF('0kIRpQScvBreDmuwNqgMU1',$,'Roof',$,$,#16223,#16206,$,$);
#16198=IFCRELDEFINESBYTYPE('2n8a9elEj20e_05Sl$c8gB',$,$,$,(#16197),#8692);
#16199=IFCCARTESIANPOINT((0.,0.,0.));
#16200=IFCDIRECTION((1.,0.,0.));
#16201=IFCDIRECTION((0.,1.,0.));
#16202=IFCDIRECTION((0.,0.,1.));
#16203=IFCCARTESIANTRANSFORMATIONOPERATOR3D(#16200,#16201,#16199,1.,#16202);
#16204=IFCMAPPEDITEM(#8722,#16203);
#16205=IFCSHAPEREPRESENTATION(#11,'Body','MappedRepresentation',(#16204));
#16206=IFCPRODUCTDEFINITIONSHAPE($,$,(#16205,#16213));
#16207=IFCCARTESIANPOINT((0.,0.,0.));
#16208=IFCDIRECTION((1.,0.,0.));
#16209=IFCDIRECTION((0.,1.,0.));
#16210=IFCDIRECTION((0.,0.,1.));
#16211=IFCCARTESIANTRANSFORMATIONOPERATOR3D(#16208,#16209,#16207,1.,#16210);
#16212=IFCMAPPEDITEM(#8750,#16211);
#16213=IFCSHAPEREPRESENTATION(#13,'Box','MappedRepresentation',(#16212));
#16219=IFCCARTESIANPOINT((0.37545037269592285,1.6859312057495117,0.10154247283935547));
#16220=IFCDIRECTION((0.,0.,1.));
#16221=IFCDIRECTION((1.,0.,0.));
#16222=IFCAXIS2PLACEMENT3D(#16219,#16220,#16221);
#16223=IFCLOCALPLACEMENT(#11122,#16222);
ENDSEC;
END-ISO-10303-21;
